meter_id,city,district,community,timestamp,water_usage,flow_rate,pressure,temperature,status,alarm
HZ000001,杭州,西湖区,转塘家园,2026-08-01 00:00,0.024,1.8,0.37,30.1,正常,0
HZ000002,杭州,滨江区,白马湖社区,2026-08-06 04:00,0.022,1.9,0.36,28.9,正常,0
HZ000003,杭州,余杭区,仓前家园,2026-08-07 02:00,0.017,1.3,0.35,30.1,正常,0
HZ000004,杭州,拱墅区,湖墅家园,2026-08-03 05:00,0.006,0.6,0.29,29.6,正常,0
HZ000005,杭州,上城区,近江家园,2026-08-04 01:00,0.012,0.8,0.34,29.3,正常,0
HZ000006,杭州,萧山区,宁围佳境,2026-08-02 14:00,0.047,3.0,0.28,32.5,正常,0
HZ000007,杭州,钱塘区,大学城北社区,2026-08-05 23:00,0.018,1.1,0.33,29.3,正常,0
HZ000008,杭州,临平区,乔司家园,2026-08-03 08:00,0.093,7.4,0.36,30.6,正常,0
HZ000009,杭州,西湖区,翠苑小区,2026-08-07 21:00,0.020,2.0,0.38,28.9,正常,0
HZ000010,杭州,滨江区,白马湖社区,2026-08-02 04:00,0.024,2.1,0.38,29.0,正常,0
HZ000011,杭州,余杭区,仓前家园,2026-08-01 20:00,0.098,7.6,0.28,29.1,正常,0
HZ000012,杭州,拱墅区,大关小区,2026-08-06 13:00,0.018,1.4,0.30,32.6,正常,0
HZ000013,杭州,上城区,采荷小区,2026-08-05 15:00,0.098,7.1,0.31,30.2,正常,0
HZ000014,杭州,萧山区,湘湖家园,2026-08-07 10:00,0.034,2.3,0.36,30.9,正常,0
HZ000015,杭州,钱塘区,河庄新苑,2026-08-05 09:00,0.034,3.1,0.37,29.9,正常,0
HZ000016,杭州,临平区,南苑小区,2026-08-06 04:00,0.033,2.3,0.30,28.9,正常,0
HZ000017,杭州,西湖区,转塘家园,2026-08-02 05:00,0.020,1.6,0.33,29.2,正常,0
HZ000018,杭州,滨江区,滨康小区,2026-08-03 12:00,0.109,10.1,0.36,33.1,正常,0
HZ000019,杭州,余杭区,良渚文化村,2026-08-05 02:00,0.003,0.2,0.28,30.9,正常,0
HZ000020,杭州,拱墅区,大关小区,2026-08-06 14:00,0.097,6.8,0.37,31.9,正常,0
HZ000021,杭州,上城区,丁兰社区,2026-08-02 11:00,0.350,18.2,0.34,30.6,异常,1
HZ000022,杭州,萧山区,钱江世纪城社区,2026-08-05 21:00,0.051,3.4,0.39,28.1,正常,0
HZ000023,杭州,钱塘区,江东家园,2026-08-05 22:00,0.130,10.4,0.32,29.9,正常,0
HZ000024,杭州,临平区,星桥社区,2026-08-07 22:00,0.137,10.0,0.31,30.3,正常,0
HZ000025,杭州,西湖区,转塘家园,2026-08-02 01:00,0.022,1.7,0.35,27.3,正常,0
HZ000026,杭州,滨江区,钱塘春晓,2026-08-07 00:00,0.003,0.3,0.37,27.3,正常,0
HZ000027,杭州,余杭区,良渚文化村,2026-08-02 07:00,0.013,1.1,0.35,29.0,正常,0
HZ000028,杭州,拱墅区,湖墅家园,2026-08-04 18:00,0.094,6.9,0.32,30.6,正常,0
HZ000029,杭州,上城区,丁兰社区,2026-08-07 20:00,0.043,3.5,0.29,29.6,正常,0
HZ000030,杭州,萧山区,北干社区,2026-08-01 02:00,0.005,0.4,0.28,29.3,正常,0
HZ000031,杭州,钱塘区,下沙社区,2026-08-03 02:00,0.025,1.8,0.29,30.9,正常,0
HZ000032,杭州,临平区,南苑小区,2026-08-04 02:00,0.016,1.3,0.34,29.1,正常,0
HZ000033,杭州,西湖区,转塘家园,2026-08-06 17:00,0.115,7.7,0.32,31.0,正常,0
HZ000034,杭州,滨江区,白马湖社区,2026-08-06 17:00,0.096,7.3,0.31,33.9,正常,0
HZ000035,杭州,余杭区,良渚文化村,2026-08-07 16:00,0.373,19.6,0.37,30.5,异常,1
HZ000036,杭州,拱墅区,运河新城社区,2026-08-06 00:00,0.003,0.2,0.31,27.7,正常,0
HZ000037,杭州,上城区,望江新园,2026-08-03 07:00,0.094,6.3,0.37,28.6,正常,0
HZ000038,杭州,萧山区,钱江世纪城社区,2026-08-02 15:00,0.065,5.5,0.33,30.5,正常,0
HZ000039,杭州,钱塘区,下沙社区,2026-08-03 02:00,0.025,1.7,0.37,27.7,正常,0
HZ000040,杭州,临平区,乔司家园,2026-08-05 13:00,0.112,7.6,0.38,30.5,正常,0
HZ000041,杭州,西湖区,三墩新天地,2026-08-02 12:00,0.061,5.6,0.38,32.6,正常,0
HZ000042,杭州,滨江区,江南花园,2026-08-06 21:00,0.117,7.5,0.37,30.3,正常,0
HZ000043,杭州,余杭区,良渚文化村,2026-08-02 16:00,0.113,10.1,0.35,33.2,正常,0
HZ000044,杭州,拱墅区,湖墅家园,2026-08-07 08:00,0.044,3.6,0.37,30.9,正常,0
HZ000045,杭州,上城区,近江家园,2026-08-04 12:00,0.111,8.2,0.37,32.5,正常,0
HZ000046,杭州,萧山区,钱江世纪城社区,2026-08-03 20:00,0.129,8.3,0.49,30.0,异常,1
HZ000047,杭州,钱塘区,江东家园,2026-08-04 17:00,0.048,3.4,0.34,30.2,正常,0
HZ000048,杭州,临平区,南苑小区,2026-08-06 19:00,0.078,6.9,0.33,30.0,正常,0
HZ000049,杭州,西湖区,三墩新天地,2026-08-05 07:00,0.042,2.7,0.34,28.8,正常,0
HZ000050,杭州,滨江区,江南花园,2026-08-05 10:00,0.114,9.4,0.37,27.9,正常,0
HZ000051,杭州,余杭区,未来科技城社区,2026-08-05 22:00,0.058,5.6,0.38,30.5,正常,0
HZ000052,杭州,拱墅区,大关小区,2026-08-02 14:00,0.020,1.7,0.32,33.5,正常,0
HZ000053,杭州,上城区,丁兰社区,2026-08-05 20:00,0.029,2.5,0.30,29.9,正常,0
HZ000054,杭州,萧山区,湘湖家园,2026-08-02 10:00,0.135,10.4,0.32,30.4,正常,0
HZ000055,杭州,钱塘区,下沙社区,2026-08-03 06:00,0.102,8.4,0.38,28.4,正常,0
HZ000056,杭州,临平区,塘栖人家,2026-08-02 06:00,0.033,2.3,0.36,28.1,正常,0
HZ000057,杭州,西湖区,文新社区,2026-08-01 19:00,0.033,2.1,0.31,29.6,正常,0
HZ000058,杭州,滨江区,滨康小区,2026-08-03 05:00,0.008,0.5,0.31,27.8,正常,0
HZ000059,杭州,余杭区,未来科技城社区,2026-08-02 14:00,0.048,3.1,0.30,30.2,正常,0
HZ000060,杭州,拱墅区,大关小区,2026-08-06 05:00,0.003,0.3,0.29,29.7,正常,0
HZ000061,杭州,上城区,望江新园,2026-08-06 03:00,0.029,2.3,0.37,28.4,正常,0
HZ000062,杭州,萧山区,钱江世纪城社区,2026-08-06 20:00,0.109,8.7,0.28,30.6,正常,0
HZ000063,杭州,钱塘区,大学城北社区,2026-08-06 00:00,0.024,1.7,0.35,27.6,正常,0
HZ000064,杭州,临平区,乔司家园,2026-08-04 02:00,0.013,1.2,0.38,28.1,正常,0
HZ000065,杭州,西湖区,转塘家园,2026-08-01 18:00,0.072,6.3,0.28,27.3,正常,0
HZ000066,杭州,滨江区,滨康小区,2026-08-05 05:00,0.016,1.3,0.32,28.9,正常,0
HZ000067,杭州,余杭区,仓前家园,2026-08-02 12:00,0.035,2.5,0.30,33.8,正常,0
HZ000068,杭州,拱墅区,大关小区,2026-08-03 01:00,0.017,1.6,0.28,30.9,正常,0
HZ000069,杭州,上城区,丁兰社区,2026-08-03 00:00,0.020,1.7,0.37,28.6,正常,0
HZ000070,杭州,萧山区,湘湖家园,2026-08-02 18:00,0.067,4.7,0.38,30.2,正常,0
HZ000071,杭州,钱塘区,大学城北社区,2026-08-05 08:00,0.066,5.3,0.35,27.2,正常,0
HZ000072,杭州,临平区,星桥社区,2026-08-07 14:00,0.070,6.3,0.30,31.7,正常,0
HZ000073,杭州,西湖区,转塘家园,2026-08-01 19:00,0.018,1.5,0.31,30.3,正常,0
HZ000074,杭州,滨江区,钱塘春晓,2026-08-01 22:00,0.061,4.7,0.34,29.6,正常,0
HZ000075,杭州,余杭区,未来科技城社区,2026-08-01 19:00,0.052,4.0,0.31,27.4,正常,0
HZ000076,杭州,拱墅区,半山家园,2026-08-06 17:00,0.112,7.2,0.30,31.9,正常,0
HZ000077,杭州,上城区,丁兰社区,2026-08-01 19:00,0.096,9.4,0.38,27.1,正常,0
HZ000078,杭州,萧山区,北干社区,2026-08-02 17:00,0.135,9.8,0.32,30.4,正常,0
HZ000079,杭州,钱塘区,河庄新苑,2026-08-05 02:00,0.024,1.9,0.30,30.7,正常,0
HZ000080,杭州,临平区,星桥社区,2026-08-03 20:00,0.039,3.8,0.38,28.3,正常,0
HZ000081,杭州,西湖区,转塘家园,2026-08-07 14:00,0.068,5.1,0.38,32.7,正常,0
HZ000082,杭州,滨江区,钱塘春晓,2026-08-02 21:00,0.021,1.4,0.38,28.2,正常,0
HZ000083,杭州,余杭区,闲林山水,2026-08-05 03:00,0.021,2.1,0.34,28.9,正常,0
HZ000084,杭州,拱墅区,运河新城社区,2026-08-04 15:00,0.098,7.5,0.35,30.5,正常,0
HZ000085,杭州,上城区,望江新园,2026-08-03 14:00,0.051,4.7,0.34,32.7,正常,0
HZ000086,杭州,萧山区,北干社区,2026-08-05 13:00,0.083,8.0,0.35,30.4,正常,0
HZ000087,杭州,钱塘区,下沙社区,2026-08-07 11:00,0.068,5.2,0.37,30.4,正常,0
HZ000088,杭州,临平区,星桥社区,2026-08-05 17:00,0.070,4.9,0.55,31.0,异常,1
HZ000089,杭州,西湖区,翠苑小区,2026-08-04 03:00,0.009,0.8,0.39,30.0,正常,0
HZ000090,杭州,滨江区,白马湖社区,2026-08-04 01:00,0.025,1.8,0.37,29.8,正常,0
HZ000091,杭州,余杭区,闲林山水,2026-08-01 06:00,0.235,15.5,0.30,29.2,异常,1
HZ000092,杭州,拱墅区,半山家园,2026-08-07 05:00,0.033,2.3,0.14,28.9,异常,1
HZ000093,杭州,上城区,丁兰社区,2026-08-01 09:00,0.056,4.7,0.31,29.5,正常,0
HZ000094,杭州,萧山区,北干社区,2026-08-07 18:00,0.068,4.4,0.34,29.0,正常,0
HZ000095,杭州,钱塘区,下沙社区,2026-08-03 16:00,0.063,4.5,0.37,32.8,正常,0
HZ000096,杭州,临平区,南苑小区,2026-08-06 20:00,0.047,3.2,0.33,28.0,正常,0
HZ000097,杭州,西湖区,转塘家园,2026-08-04 00:00,0.010,0.8,0.35,28.7,正常,0
HZ000098,杭州,滨江区,滨康小区,2026-08-01 06:00,0.049,4.3,0.38,29.2,正常,0
HZ000099,杭州,余杭区,未来科技城社区,2026-08-05 15:00,0.080,6.6,0.38,31.3,正常,0
HZ000100,杭州,拱墅区,大关小区,2026-08-06 01:00,0.021,1.4,0.34,27.9,正常,0
HZ000101,杭州,上城区,望江新园,2026-08-04 08:00,0.082,6.2,0.31,29.9,正常,0
HZ000102,杭州,萧山区,宁围佳境,2026-08-02 07:00,0.040,3.6,0.34,30.5,正常,0
HZ000103,杭州,钱塘区,大学城北社区,2026-08-05 09:00,0.044,4.4,0.33,27.9,正常,0
HZ000104,杭州,临平区,南苑小区,2026-08-05 07:00,0.110,10.5,0.34,29.4,正常,0
HZ000105,杭州,西湖区,文新社区,2026-08-07 09:00,0.125,7.8,0.28,27.5,正常,0
HZ000106,杭州,滨江区,白马湖社区,2026-08-01 05:00,0.013,0.9,0.32,29.1,正常,0
HZ000107,杭州,余杭区,良渚文化村,2026-08-07 22:00,0.081,6.5,0.30,28.4,正常,0
HZ000108,杭州,拱墅区,湖墅家园,2026-08-05 19:00,0.123,9.2,0.36,27.1,正常,0
HZ000109,杭州,上城区,望江新园,2026-08-01 07:00,0.141,9.5,0.28,28.3,正常,0
HZ000110,杭州,萧山区,钱江世纪城社区,2026-08-04 03:00,0.005,0.4,0.31,31.0,正常,0
HZ000111,杭州,钱塘区,江东家园,2026-08-05 17:00,0.043,3.0,0.29,30.1,正常,0
HZ000112,杭州,临平区,乔司家园,2026-08-01 04:00,0.003,0.2,0.28,29.6,正常,0
HZ000113,杭州,西湖区,翠苑小区,2026-08-02 22:00,0.049,3.9,0.37,27.6,正常,0
HZ000114,杭州,滨江区,白马湖社区,2026-08-01 04:00,0.023,1.8,0.52,29.8,异常,1
HZ000115,杭州,余杭区,仓前家园,2026-08-01 17:00,0.101,6.6,0.30,30.6,正常,0
HZ000116,杭州,拱墅区,大关小区,2026-08-03 08:00,0.115,7.2,0.38,29.8,正常,0
HZ000117,杭州,上城区,采荷小区,2026-08-04 06:00,0.038,2.5,0.31,27.5,正常,0
HZ000118,杭州,萧山区,湘湖家园,2026-08-04 08:00,0.048,3.3,0.29,29.6,正常,0
HZ000119,杭州,钱塘区,江东家园,2026-08-07 13:00,0.053,3.7,0.29,30.4,正常,0
HZ000120,杭州,临平区,南苑小区,2026-08-02 14:00,0.101,8.4,0.35,33.0,正常,0
HZ000121,杭州,西湖区,文新社区,2026-08-05 18:00,0.071,6.0,0.35,29.0,正常,0
HZ000122,杭州,滨江区,江南花园,2026-08-03 02:00,0.024,1.8,0.17,28.6,异常,1
HZ000123,杭州,余杭区,未来科技城社区,2026-08-05 02:00,0.034,2.1,0.32,30.0,正常,0
HZ000124,杭州,拱墅区,运河新城社区,2026-08-05 22:00,0.019,1.3,0.48,27.3,异常,1
HZ000125,杭州,上城区,丁兰社区,2026-08-03 17:00,0.123,8.4,0.29,32.2,正常,0
HZ000126,杭州,萧山区,宁围佳境,2026-08-02 16:00,0.126,7.9,0.39,33.6,正常,0
HZ000127,杭州,钱塘区,河庄新苑,2026-08-02 19:00,0.079,7.8,0.36,28.6,正常,0
HZ000128,杭州,临平区,塘栖人家,2026-08-03 14:00,0.011,1.0,0.28,31.9,正常,0
HZ000129,杭州,西湖区,转塘家园,2026-08-03 00:00,0.023,1.7,0.39,27.1,正常,0
HZ000130,杭州,滨江区,江南花园,2026-08-04 06:00,0.036,3.5,0.33,29.0,正常,0
HZ000131,杭州,余杭区,未来科技城社区,2026-08-04 07:00,0.043,4.0,0.37,27.6,正常,0
HZ000132,杭州,拱墅区,湖墅家园,2026-08-02 05:00,0.032,2.2,0.31,30.6,正常,0
HZ000133,杭州,上城区,望江新园,2026-08-02 19:00,0.054,3.7,0.31,27.7,正常,0
HZ000134,杭州,萧山区,钱江世纪城社区,2026-08-03 03:00,0.024,1.7,0.30,30.9,正常,0
HZ000135,杭州,钱塘区,江东家园,2026-08-04 21:00,0.080,5.1,0.38,29.5,正常,0
HZ000136,杭州,临平区,南苑小区,2026-08-06 06:00,0.082,5.1,0.36,28.3,正常,0
HZ000137,杭州,西湖区,三墩新天地,2026-08-06 00:00,0.002,0.2,0.29,30.0,正常,0
HZ000138,杭州,滨江区,白马湖社区,2026-08-01 19:00,0.032,2.5,0.31,30.2,正常,0
HZ000139,杭州,余杭区,未来科技城社区,2026-08-05 19:00,0.055,5.3,0.32,30.4,正常,0
HZ000140,杭州,拱墅区,大关小区,2026-08-01 14:00,0.042,3.2,0.33,31.5,正常,0
HZ000141,杭州,上城区,望江新园,2026-08-07 08:00,0.009,0.8,0.33,28.3,正常,0
HZ000142,杭州,萧山区,钱江世纪城社区,2026-08-05 14:00,0.023,1.8,0.28,33.0,正常,0
HZ000143,杭州,钱塘区,大学城北社区,2026-08-06 13:00,0.104,7.6,0.33,33.5,正常,0
HZ000144,杭州,临平区,塘栖人家,2026-08-05 18:00,0.068,6.5,0.28,31.0,正常,0
HZ000145,杭州,西湖区,三墩新天地,2026-08-06 19:00,0.047,3.7,0.32,27.6,正常,0
HZ000146,杭州,滨江区,滨康小区,2026-08-03 13:00,0.028,2.4,0.29,31.4,正常,0
HZ000147,杭州,余杭区,仓前家园,2026-08-04 14:00,0.063,5.4,0.31,30.6,正常,0
HZ000148,杭州,拱墅区,湖墅家园,2026-08-05 13:00,0.057,5.6,0.32,30.9,正常,0
HZ000149,杭州,上城区,近江家园,2026-08-06 15:00,0.052,3.6,0.29,32.1,正常,0
HZ000150,杭州,萧山区,钱江世纪城社区,2026-08-05 23:00,0.015,1.1,0.36,27.7,正常,0
HZ000151,杭州,钱塘区,河庄新苑,2026-08-06 10:00,0.450,23.8,0.33,28.8,异常,1
HZ000152,杭州,临平区,南苑小区,2026-08-03 16:00,0.020,1.4,0.30,32.2,正常,0
HZ000153,杭州,西湖区,三墩新天地,2026-08-03 22:00,0.075,5.3,0.36,29.7,正常,0
HZ000154,杭州,滨江区,钱塘春晓,2026-08-01 18:00,0.015,1.1,0.32,30.7,正常,0
HZ000155,杭州,余杭区,良渚文化村,2026-08-02 15:00,0.089,7.5,0.36,30.6,正常,0
HZ000156,杭州,拱墅区,运河新城社区,2026-08-01 21:00,0.023,2.1,0.38,30.6,正常,0
HZ000157,杭州,上城区,近江家园,2026-08-02 13:00,0.045,3.5,0.37,30.7,正常,0
HZ000158,杭州,萧山区,宁围佳境,2026-08-04 10:00,0.065,4.2,0.39,28.7,正常,0
HZ000159,杭州,钱塘区,下沙社区,2026-08-05 01:00,0.025,2.3,0.39,29.3,正常,0
HZ000160,杭州,临平区,星桥社区,2026-08-01 00:00,0.029,1.8,0.33,30.7,正常,0
HZ000161,杭州,西湖区,翠苑小区,2026-08-06 19:00,0.027,2.5,0.37,29.6,正常,0
HZ000162,杭州,滨江区,江南花园,2026-08-04 06:00,0.015,1.0,0.29,27.5,正常,0
HZ000163,杭州,余杭区,未来科技城社区,2026-08-05 19:00,0.115,7.9,0.37,30.1,正常,0
HZ000164,杭州,拱墅区,大关小区,2026-08-01 02:00,0.028,2.2,0.53,30.2,异常,1
HZ000165,杭州,上城区,采荷小区,2026-08-02 11:00,0.121,8.6,0.31,32.1,正常,0
HZ000166,杭州,萧山区,宁围佳境,2026-08-03 06:00,0.088,8.6,0.34,27.8,正常,0
HZ000167,杭州,钱塘区,河庄新苑,2026-08-04 17:00,0.018,1.5,0.33,31.7,正常,0
HZ000168,杭州,临平区,乔司家园,2026-08-01 22:00,0.112,10.1,0.29,27.4,正常,0
HZ000169,杭州,西湖区,三墩新天地,2026-08-04 22:00,0.051,3.6,0.31,28.9,正常,0
HZ000170,杭州,滨江区,白马湖社区,2026-08-06 02:00,0.025,1.7,0.35,29.4,正常,0
HZ000171,杭州,余杭区,良渚文化村,2026-08-02 10:00,0.101,8.3,0.34,28.2,正常,0
HZ000172,杭州,拱墅区,大关小区,2026-08-07 10:00,0.071,7.1,0.33,28.8,正常,0
HZ000173,杭州,上城区,近江家园,2026-08-02 13:00,0.039,2.9,0.39,32.5,正常,0
HZ000174,杭州,萧山区,湘湖家园,2026-08-05 22:00,0.032,2.5,0.30,29.4,正常,0
HZ000175,杭州,钱塘区,河庄新苑,2026-08-01 14:00,0.126,8.6,0.29,32.8,正常,0
HZ000176,杭州,临平区,乔司家园,2026-08-02 20:00,0.082,7.9,0.39,28.5,正常,0
HZ000177,杭州,西湖区,翠苑小区,2026-08-05 16:00,0.015,1.0,0.29,31.3,正常,0
HZ000178,杭州,滨江区,钱塘春晓,2026-08-07 22:00,0.089,8.1,0.35,29.7,正常,0
HZ000179,杭州,余杭区,未来科技城社区,2026-08-07 12:00,0.012,1.2,0.39,31.1,正常,0
HZ000180,杭州,拱墅区,湖墅家园,2026-08-03 08:00,0.064,6.3,0.38,27.1,正常,0
HZ000181,杭州,上城区,采荷小区,2026-08-06 00:00,0.246,16.4,0.36,28.1,异常,1
HZ000182,杭州,萧山区,钱江世纪城社区,2026-08-02 03:00,0.004,0.3,0.32,28.5,正常,0
HZ000183,杭州,钱塘区,大学城北社区,2026-08-07 19:00,0.054,3.9,0.39,27.9,正常,0
HZ000184,杭州,临平区,星桥社区,2026-08-07 23:00,0.088,7.4,0.39,30.8,正常,0
HZ000185,杭州,西湖区,三墩新天地,2026-08-07 21:00,0.014,1.2,0.33,30.0,正常,0
HZ000186,杭州,滨江区,江南花园,2026-08-03 14:00,0.092,8.5,0.35,33.6,正常,0
HZ000187,杭州,余杭区,仓前家园,2026-08-01 02:00,0.015,1.4,0.35,28.1,正常,0
HZ000188,杭州,拱墅区,半山家园,2026-08-05 15:00,0.117,8.8,0.35,33.1,正常,0
HZ000189,杭州,上城区,丁兰社区,2026-08-04 19:00,0.077,5.4,0.29,27.6,正常,0
HZ000190,杭州,萧山区,钱江世纪城社区,2026-08-05 13:00,0.043,3.3,0.33,31.3,正常,0
HZ000191,杭州,钱塘区,大学城北社区,2026-08-04 03:00,0.022,1.4,0.32,28.8,正常,0
HZ000192,杭州,临平区,塘栖人家,2026-08-01 20:00,0.075,5.4,0.35,30.5,正常,0
HZ000193,杭州,西湖区,转塘家园,2026-08-03 11:00,0.036,3.3,0.30,34.0,正常,0
HZ000194,杭州,滨江区,江南花园,2026-08-04 13:00,0.056,4.6,0.38,33.8,正常,0
HZ000195,杭州,余杭区,未来科技城社区,2026-08-07 21:00,0.063,4.3,0.35,30.0,正常,0
HZ000196,杭州,拱墅区,大关小区,2026-08-01 11:00,0.019,1.4,0.39,32.0,正常,0
HZ000197,杭州,上城区,丁兰社区,2026-08-06 01:00,0.001,0.1,0.36,27.6,正常,0
HZ000198,杭州,萧山区,宁围佳境,2026-08-04 03:00,0.014,1.2,0.28,28.0,正常,0
HZ000199,杭州,钱塘区,下沙社区,2026-08-06 04:00,0.028,2.1,0.36,29.8,正常,0
HZ000200,杭州,临平区,星桥社区,2026-08-05 18:00,0.064,4.3,0.51,27.2,异常,1
HZ000201,杭州,西湖区,转塘家园,2026-08-01 07:00,0.077,6.5,0.37,30.4,正常,0
HZ000202,杭州,滨江区,白马湖社区,2026-08-04 11:00,0.051,5.0,0.30,30.7,正常,0
HZ000203,杭州,余杭区,闲林山水,2026-08-06 23:00,0.110,7.1,0.34,27.2,正常,0
HZ000204,杭州,拱墅区,半山家园,2026-08-03 12:00,0.019,1.6,0.19,30.3,异常,1
HZ000205,杭州,上城区,望江新园,2026-08-03 06:00,0.115,9.3,0.36,28.1,正常,0
HZ000206,杭州,萧山区,北干社区,2026-08-02 17:00,0.047,4.4,0.30,32.3,正常,0
HZ000207,杭州,钱塘区,下沙社区,2026-08-05 18:00,0.098,9.2,0.33,30.8,正常,0
HZ000208,杭州,临平区,南苑小区,2026-08-03 21:00,0.113,10.4,0.39,27.1,正常,0
HZ000209,杭州,西湖区,文新社区,2026-08-04 20:00,0.061,5.9,0.30,28.5,正常,0
HZ000210,杭州,滨江区,滨康小区,2026-08-03 09:00,0.055,3.7,0.34,27.2,正常,0
HZ000211,杭州,余杭区,未来科技城社区,2026-08-05 23:00,0.109,9.8,0.32,27.5,正常,0
HZ000212,杭州,拱墅区,湖墅家园,2026-08-01 07:00,0.107,7.9,0.28,29.1,正常,0
HZ000213,杭州,上城区,丁兰社区,2026-08-03 08:00,0.141,9.7,0.34,28.4,正常,0
HZ000214,杭州,萧山区,钱江世纪城社区,2026-08-02 07:00,0.106,9.7,0.38,30.0,正常,0
HZ000215,杭州,钱塘区,下沙社区,2026-08-06 13:00,0.072,6.4,0.34,30.8,正常,0
HZ000216,杭州,临平区,乔司家园,2026-08-04 10:00,0.095,8.5,0.31,30.8,正常,0
HZ000217,杭州,西湖区,文新社区,2026-08-04 18:00,0.088,7.3,0.31,30.7,正常,0
HZ000218,杭州,滨江区,白马湖社区,2026-08-04 16:00,0.126,8.3,0.28,32.9,正常,0
HZ000219,杭州,余杭区,仓前家园,2026-08-05 13:00,0.108,10.1,0.29,30.7,正常,0
HZ000220,杭州,拱墅区,半山家园,2026-08-01 21:00,0.085,8.4,0.32,28.5,正常,0
HZ000221,杭州,上城区,丁兰社区,2026-08-01 17:00,0.069,5.3,0.34,30.1,正常,0
HZ000222,杭州,萧山区,宁围佳境,2026-08-01 04:00,0.017,1.2,0.32,28.6,正常,0
HZ000223,杭州,钱塘区,江东家园,2026-08-06 11:00,0.091,7.5,0.31,32.7,正常,0
HZ000224,杭州,临平区,南苑小区,2026-08-04 07:00,0.089,8.8,0.32,30.4,正常,0
HZ000225,杭州,西湖区,三墩新天地,2026-08-06 03:00,0.016,1.1,0.36,27.4,正常,0
HZ000226,杭州,滨江区,钱塘春晓,2026-08-07 04:00,0.019,1.3,0.35,27.2,正常,0
HZ000227,杭州,余杭区,仓前家园,2026-08-03 18:00,0.389,20.8,0.28,30.7,异常,1
HZ000228,杭州,拱墅区,半山家园,2026-08-05 09:00,0.013,1.2,0.15,29.2,异常,1
HZ000229,杭州,上城区,望江新园,2026-08-03 16:00,0.050,3.2,0.33,30.4,正常,0
HZ000230,杭州,萧山区,北干社区,2026-08-06 15:00,0.129,10.4,0.35,32.9,正常,0
HZ000231,杭州,钱塘区,河庄新苑,2026-08-07 18:00,0.115,8.9,0.37,28.6,正常,0
HZ000232,杭州,临平区,乔司家园,2026-08-01 01:00,0.026,1.7,0.29,27.2,正常,0
HZ000233,杭州,西湖区,转塘家园,2026-08-03 10:00,0.106,8.0,0.38,30.9,正常,0
HZ000234,杭州,滨江区,滨康小区,2026-08-02 06:00,0.013,1.0,0.33,29.2,正常,0
HZ000235,杭州,余杭区,闲林山水,2026-08-05 15:00,0.115,9.1,0.31,33.2,正常,0
HZ000236,杭州,拱墅区,大关小区,2026-08-07 19:00,0.062,5.3,0.31,28.3,正常,0
HZ000237,杭州,上城区,丁兰社区,2026-08-01 01:00,0.020,1.5,0.39,28.7,正常,0
HZ000238,杭州,萧山区,钱江世纪城社区,2026-08-02 20:00,0.049,4.3,0.38,28.9,正常,0
HZ000239,杭州,钱塘区,大学城北社区,2026-08-07 20:00,0.093,6.4,0.33,27.2,正常,0
HZ000240,杭州,临平区,乔司家园,2026-08-02 17:00,0.111,7.0,0.32,31.7,正常,0
HZ000241,杭州,西湖区,文新社区,2026-08-04 10:00,0.091,6.6,0.37,30.5,正常,0
HZ000242,杭州,滨江区,白马湖社区,2026-08-03 15:00,0.109,10.4,0.33,33.5,正常,0
HZ000243,杭州,余杭区,未来科技城社区,2026-08-02 18:00,0.309,20.9,0.34,30.3,异常,1
HZ000244,杭州,拱墅区,运河新城社区,2026-08-03 02:00,0.012,1.0,0.39,29.3,正常,0
HZ000245,杭州,上城区,采荷小区,2026-08-01 23:00,0.151,10.2,0.33,28.3,正常,0
HZ000246,杭州,萧山区,宁围佳境,2026-08-01 10:00,0.115,7.8,0.28,29.0,正常,0
HZ000247,杭州,钱塘区,大学城北社区,2026-08-06 03:00,0.009,0.7,0.34,27.0,正常,0
HZ000248,杭州,临平区,塘栖人家,2026-08-04 00:00,0.006,0.6,0.28,28.2,正常,0
HZ000249,杭州,西湖区,文新社区,2026-08-04 14:00,0.049,4.2,0.30,31.1,正常,0
HZ000250,杭州,滨江区,钱塘春晓,2026-08-04 23:00,0.043,2.8,0.30,30.4,正常,0
HZ000251,杭州,余杭区,闲林山水,2026-08-04 15:00,0.089,6.8,0.35,32.1,正常,0
HZ000252,杭州,拱墅区,运河新城社区,2026-08-05 04:00,0.027,1.8,0.30,29.5,正常,0
HZ000253,杭州,上城区,采荷小区,2026-08-05 09:00,0.108,10.1,0.36,27.1,正常,0
HZ000254,杭州,萧山区,北干社区,2026-08-01 05:00,0.008,0.7,0.29,30.9,正常,0
HZ000255,杭州,钱塘区,江东家园,2026-08-04 00:00,0.019,1.6,0.37,29.5,正常,0
HZ000256,杭州,临平区,南苑小区,2026-08-02 07:00,0.106,10.0,0.29,27.8,正常,0
HZ000257,杭州,西湖区,翠苑小区,2026-08-07 10:00,0.039,3.4,0.34,27.1,正常,0
HZ000258,杭州,滨江区,钱塘春晓,2026-08-02 18:00,0.099,6.5,0.35,29.3,正常,0
HZ000259,杭州,余杭区,良渚文化村,2026-08-02 15:00,0.013,0.8,0.37,30.2,正常,0
HZ000260,杭州,拱墅区,运河新城社区,2026-08-07 15:00,0.054,3.7,0.35,30.6,正常,0
HZ000261,杭州,上城区,丁兰社区,2026-08-01 09:00,0.142,9.3,0.37,30.7,正常,0
HZ000262,杭州,萧山区,宁围佳境,2026-08-07 10:00,0.059,5.6,0.32,27.4,正常,0
HZ000263,杭州,钱塘区,河庄新苑,2026-08-04 04:00,0.032,2.2,0.34,29.0,正常,0
HZ000264,杭州,临平区,塘栖人家,2026-08-03 00:00,0.021,1.4,0.30,30.9,正常,0
HZ000265,杭州,西湖区,三墩新天地,2026-08-02 03:00,0.010,0.8,0.29,29.2,正常,0
HZ000266,杭州,滨江区,滨康小区,2026-08-01 20:00,0.038,3.2,0.37,27.8,正常,0
HZ000267,杭州,余杭区,未来科技城社区,2026-08-05 15:00,0.107,7.2,0.38,30.8,正常,0
HZ000268,杭州,拱墅区,运河新城社区,2026-08-05 00:00,0.003,0.2,0.33,28.6,正常,0
HZ000269,杭州,上城区,丁兰社区,2026-08-05 04:00,0.014,1.0,0.32,29.1,正常,0
HZ000270,杭州,萧山区,宁围佳境,2026-08-01 02:00,0.037,2.3,0.28,29.5,正常,0
HZ000271,杭州,钱塘区,江东家园,2026-08-02 21:00,0.117,10.1,0.31,27.7,正常,0
HZ000272,杭州,临平区,南苑小区,2026-08-04 19:00,0.116,8.1,0.35,28.9,正常,0
HZ000273,杭州,西湖区,翠苑小区,2026-08-03 06:00,0.102,7.4,0.35,29.3,正常,0
HZ000274,杭州,滨江区,钱塘春晓,2026-08-04 05:00,0.020,1.3,0.35,30.3,正常,0
HZ000275,杭州,余杭区,仓前家园,2026-08-07 08:00,0.039,2.5,0.37,30.8,正常,0
HZ000276,杭州,拱墅区,半山家园,2026-08-06 10:00,0.044,3.0,0.37,28.9,正常,0
HZ000277,杭州,上城区,近江家园,2026-08-06 13:00,0.055,4.4,0.31,30.9,正常,0
HZ000278,杭州,萧山区,湘湖家园,2026-08-06 11:00,0.015,1.1,0.30,33.7,正常,0
HZ000279,杭州,钱塘区,江东家园,2026-08-03 15:00,0.053,5.2,0.29,33.0,正常,0
HZ000280,杭州,临平区,南苑小区,2026-08-02 10:00,0.073,6.3,0.32,27.8,正常,0
HZ000281,杭州,西湖区,三墩新天地,2026-08-04 03:00,0.013,1.2,0.39,27.2,正常,0
HZ000282,杭州,滨江区,钱塘春晓,2026-08-04 23:00,0.070,4.5,0.36,29.2,正常,0
HZ000283,杭州,余杭区,未来科技城社区,2026-08-02 04:00,0.009,0.8,0.36,28.6,正常,0
HZ000284,杭州,拱墅区,运河新城社区,2026-08-05 21:00,0.116,9.0,0.31,27.2,正常,0
HZ000285,杭州,上城区,望江新园,2026-08-06 02:00,0.011,0.7,0.32,29.7,正常,0
HZ000286,杭州,萧山区,湘湖家园,2026-08-04 17:00,0.086,5.5,0.35,33.1,正常,0
HZ000287,杭州,钱塘区,下沙社区,2026-08-04 11:00,0.070,6.1,0.30,33.2,正常,0
HZ000288,杭州,临平区,星桥社区,2026-08-05 20:00,0.072,6.3,0.35,27.8,正常,0
HZ000289,杭州,西湖区,翠苑小区,2026-08-05 22:00,0.036,2.3,0.31,27.5,正常,0
HZ000290,杭州,滨江区,滨康小区,2026-08-04 02:00,0.008,0.8,0.29,27.9,正常,0
HZ000291,杭州,余杭区,闲林山水,2026-08-07 19:00,0.345,17.6,0.29,30.3,异常,1
HZ000292,杭州,拱墅区,半山家园,2026-08-05 15:00,0.083,8.1,0.38,30.9,正常,0
HZ000293,杭州,上城区,丁兰社区,2026-08-06 22:00,0.134,8.8,0.36,27.4,正常,0
HZ000294,杭州,萧山区,钱江世纪城社区,2026-08-06 11:00,0.021,2.0,0.20,33.0,异常,1
HZ000295,杭州,钱塘区,河庄新苑,2026-08-06 19:00,0.028,2.4,0.36,30.0,正常,0
HZ000296,杭州,临平区,乔司家园,2026-08-04 07:00,0.068,5.0,0.39,30.4,正常,0
HZ000297,杭州,西湖区,文新社区,2026-08-03 22:00,0.104,8.2,0.31,28.7,正常,0
HZ000298,杭州,滨江区,江南花园,2026-08-01 15:00,0.101,8.4,0.37,31.6,正常,0
HZ000299,杭州,余杭区,闲林山水,2026-08-07 01:00,0.013,1.1,0.31,27.5,正常,0
HZ000300,杭州,拱墅区,湖墅家园,2026-08-03 09:00,0.013,1.3,0.34,29.0,正常,0
HZ000301,杭州,上城区,丁兰社区,2026-08-03 16:00,0.062,4.6,0.34,33.0,正常,0
HZ000302,杭州,萧山区,钱江世纪城社区,2026-08-02 14:00,0.062,4.0,0.48,33.4,异常,1
HZ000303,杭州,钱塘区,下沙社区,2026-08-05 15:00,0.040,2.9,0.39,33.7,正常,0
HZ000304,杭州,临平区,塘栖人家,2026-08-02 05:00,0.011,0.8,0.35,27.9,正常,0
HZ000305,杭州,西湖区,转塘家园,2026-08-01 09:00,0.099,7.7,0.37,28.9,正常,0
HZ000306,杭州,滨江区,滨康小区,2026-08-07 23:00,0.043,2.9,0.35,30.1,正常,0
HZ000307,杭州,余杭区,未来科技城社区,2026-08-04 14:00,0.086,6.9,0.36,31.9,正常,0
HZ000308,杭州,拱墅区,运河新城社区,2026-08-07 14:00,0.153,9.7,0.36,32.1,正常,0
HZ000309,杭州,上城区,近江家园,2026-08-07 21:00,0.054,3.4,0.31,28.5,正常,0
HZ000310,杭州,萧山区,钱江世纪城社区,2026-08-03 11:00,0.139,10.3,0.32,32.4,正常,0
HZ000311,杭州,钱塘区,江东家园,2026-08-07 08:00,0.088,6.7,0.37,30.5,正常,0
HZ000312,杭州,临平区,塘栖人家,2026-08-01 23:00,0.061,4.2,0.34,29.8,正常,0
HZ000313,杭州,西湖区,三墩新天地,2026-08-04 05:00,0.012,0.9,0.31,28.8,正常,0
HZ000314,杭州,滨江区,钱塘春晓,2026-08-04 16:00,0.054,4.7,0.30,32.1,正常,0
HZ000315,杭州,余杭区,仓前家园,2026-08-06 01:00,0.007,0.7,0.33,28.1,正常,0
HZ000316,杭州,拱墅区,湖墅家园,2026-08-02 06:00,0.022,1.6,0.29,29.2,正常,0
HZ000317,杭州,上城区,望江新园,2026-08-07 01:00,0.012,0.9,0.30,29.4,正常,0
HZ000318,杭州,萧山区,宁围佳境,2026-08-05 15:00,0.150,9.9,0.30,33.6,正常,0
HZ000319,杭州,钱塘区,河庄新苑,2026-08-07 00:00,0.022,1.4,0.36,30.3,正常,0
HZ000320,杭州,临平区,星桥社区,2026-08-01 20:00,0.038,3.1,0.31,27.1,正常,0
HZ000321,杭州,西湖区,翠苑小区,2026-08-03 05:00,0.013,0.9,0.37,29.5,正常,0
HZ000322,杭州,滨江区,江南花园,2026-08-05 01:00,0.010,0.8,0.36,27.5,正常,0
HZ000323,杭州,余杭区,仓前家园,2026-08-03 23:00,0.038,3.0,0.34,29.3,正常,0
HZ000324,杭州,拱墅区,运河新城社区,2026-08-03 12:00,0.046,2.9,0.47,33.4,异常,1
HZ000325,杭州,上城区,丁兰社区,2026-08-01 08:00,0.037,2.5,0.34,28.8,正常,0
HZ000326,杭州,萧山区,钱江世纪城社区,2026-08-07 01:00,0.023,1.6,0.39,27.0,正常,0
HZ000327,杭州,钱塘区,河庄新苑,2026-08-06 11:00,0.097,8.9,0.30,33.3,正常,0
HZ000328,杭州,临平区,南苑小区,2026-08-02 04:00,0.005,0.4,0.31,28.7,正常,0
HZ000329,杭州,西湖区,翠苑小区,2026-08-01 19:00,0.031,2.2,0.36,27.2,正常,0
HZ000330,杭州,滨江区,钱塘春晓,2026-08-01 04:00,0.025,1.8,0.17,27.1,异常,1
HZ000331,杭州,余杭区,仓前家园,2026-08-07 09:00,0.111,7.6,0.36,27.2,正常,0
HZ000332,杭州,拱墅区,半山家园,2026-08-01 19:00,0.020,1.4,0.32,27.3,正常,0
HZ000333,杭州,上城区,丁兰社区,2026-08-04 03:00,0.006,0.4,0.35,27.4,正常,0
HZ000334,杭州,萧山区,湘湖家园,2026-08-01 11:00,0.057,5.4,0.35,30.7,正常,0
HZ000335,杭州,钱塘区,江东家园,2026-08-06 05:00,0.002,0.2,0.32,29.7,正常,0
HZ000336,杭州,临平区,南苑小区,2026-08-01 20:00,0.109,9.0,0.37,30.5,正常,0
HZ000337,杭州,西湖区,转塘家园,2026-08-01 21:00,0.054,4.6,0.36,28.9,正常,0
HZ000338,杭州,滨江区,钱塘春晓,2026-08-04 12:00,0.021,1.6,0.30,33.1,正常,0
HZ000339,杭州,余杭区,闲林山水,2026-08-02 15:00,0.058,4.3,0.35,31.8,正常,0
HZ000340,杭州,拱墅区,大关小区,2026-08-04 20:00,0.161,10.3,0.33,27.3,正常,0
HZ000341,杭州,上城区,望江新园,2026-08-01 14:00,0.177,12.1,0.36,30.0,异常,1
HZ000342,杭州,萧山区,宁围佳境,2026-08-06 15:00,0.096,6.3,0.31,32.9,正常,0
HZ000343,杭州,钱塘区,下沙社区,2026-08-05 17:00,0.058,5.0,0.33,30.4,正常,0
HZ000344,杭州,临平区,南苑小区,2026-08-03 00:00,0.012,0.9,0.37,27.3,正常,0
HZ000345,杭州,西湖区,文新社区,2026-08-03 04:00,0.021,1.6,0.37,29.7,正常,0
HZ000346,杭州,滨江区,滨康小区,2026-08-02 16:00,0.146,9.5,0.32,32.1,正常,0
HZ000347,杭州,余杭区,仓前家园,2026-08-01 15:00,0.043,2.9,0.38,30.1,正常,0
HZ000348,杭州,拱墅区,运河新城社区,2026-08-07 01:00,0.007,0.6,0.37,27.8,正常,0
HZ000349,杭州,上城区,丁兰社区,2026-08-02 06:00,0.079,5.7,0.37,29.9,正常,0
HZ000350,杭州,萧山区,宁围佳境,2026-08-04 16:00,0.070,5.8,0.29,30.6,正常,0
HZ000351,杭州,钱塘区,江东家园,2026-08-03 04:00,0.026,1.8,0.32,29.7,正常,0
HZ000352,杭州,临平区,乔司家园,2026-08-04 11:00,0.050,3.7,0.35,33.3,正常,0
HZ000353,杭州,西湖区,三墩新天地,2026-08-06 19:00,0.065,4.5,0.37,30.1,正常,0
HZ000354,杭州,滨江区,白马湖社区,2026-08-04 14:00,0.070,4.8,0.33,32.2,正常,0
HZ000355,杭州,余杭区,仓前家园,2026-08-05 12:00,0.034,2.8,0.34,31.3,正常,0
HZ000356,杭州,拱墅区,半山家园,2026-08-03 15:00,0.021,1.6,0.35,33.2,正常,0
HZ000357,杭州,上城区,采荷小区,2026-08-06 19:00,0.021,1.8,0.30,30.1,正常,0
HZ000358,杭州,萧山区,宁围佳境,2026-08-07 14:00,0.031,3.0,0.38,32.5,正常,0
HZ000359,杭州,钱塘区,河庄新苑,2026-08-07 23:00,0.062,6.2,0.31,30.9,正常,0
HZ000360,杭州,临平区,乔司家园,2026-08-02 06:00,0.059,3.8,0.31,29.1,正常,0
HZ000361,杭州,西湖区,翠苑小区,2026-08-05 14:00,0.015,1.1,0.30,31.5,正常,0
HZ000362,杭州,滨江区,滨康小区,2026-08-03 05:00,0.003,0.3,0.29,29.0,正常,0
HZ000363,杭州,余杭区,仓前家园,2026-08-02 02:00,0.010,0.9,0.34,28.0,正常,0
HZ000364,杭州,拱墅区,湖墅家园,2026-08-01 19:00,0.037,2.8,0.33,27.6,正常,0
HZ000365,杭州,上城区,丁兰社区,2026-08-01 03:00,0.007,0.6,0.32,29.4,正常,0
HZ000366,杭州,萧山区,宁围佳境,2026-08-06 10:00,0.042,3.2,0.38,27.4,正常,0
HZ000367,杭州,钱塘区,河庄新苑,2026-08-05 12:00,0.121,8.1,0.39,31.2,正常,0
HZ000368,杭州,临平区,塘栖人家,2026-08-01 21:00,0.144,10.1,0.28,30.8,正常,0
HZ000369,杭州,西湖区,三墩新天地,2026-08-06 07:00,0.097,8.3,0.28,27.4,正常,0
HZ000370,杭州,滨江区,滨康小区,2026-08-01 05:00,0.019,1.4,0.37,29.8,正常,0
HZ000371,杭州,余杭区,未来科技城社区,2026-08-01 20:00,0.105,9.2,0.30,30.6,正常,0
HZ000372,杭州,拱墅区,湖墅家园,2026-08-01 23:00,0.110,8.0,0.34,28.9,正常,0
HZ000373,杭州,上城区,丁兰社区,2026-08-02 20:00,0.099,8.0,0.29,30.6,正常,0
HZ000374,杭州,萧山区,钱江世纪城社区,2026-08-04 03:00,0.029,2.1,0.37,29.0,正常,0
HZ000375,杭州,钱塘区,江东家园,2026-08-03 13:00,0.060,4.9,0.30,31.3,正常,0
HZ000376,杭州,临平区,乔司家园,2026-08-03 11:00,0.097,7.5,0.33,30.5,正常,0
HZ000377,杭州,西湖区,文新社区,2026-08-04 10:00,0.028,1.8,0.38,30.3,正常,0
HZ000378,杭州,滨江区,钱塘春晓,2026-08-01 11:00,0.138,9.0,0.29,31.3,正常,0
HZ000379,杭州,余杭区,未来科技城社区,2026-08-06 16:00,0.100,8.6,0.29,33.1,正常,0
HZ000380,杭州,拱墅区,大关小区,2026-08-05 06:00,0.074,7.2,0.31,29.2,正常,0
HZ000381,杭州,上城区,望江新园,2026-08-04 17:00,0.400,21.8,0.33,31.1,异常,1
HZ000382,杭州,萧山区,北干社区,2026-08-06 10:00,0.074,6.0,0.29,29.6,正常,0
HZ000383,杭州,钱塘区,下沙社区,2026-08-01 09:00,0.055,4.9,0.29,30.3,正常,0
HZ000384,杭州,临平区,塘栖人家,2026-08-07 14:00,0.067,6.3,0.35,33.0,正常,0
HZ000385,杭州,西湖区,文新社区,2026-08-06 16:00,0.153,10.0,0.33,32.3,正常,0
HZ000386,杭州,滨江区,钱塘春晓,2026-08-04 12:00,0.055,5.4,0.37,32.0,正常,0
HZ000387,杭州,余杭区,闲林山水,2026-08-05 22:00,0.034,3.4,0.37,29.0,正常,0
HZ000388,杭州,拱墅区,大关小区,2026-08-05 09:00,0.129,9.8,0.29,28.9,正常,0
HZ000389,杭州,上城区,采荷小区,2026-08-06 01:00,0.003,0.3,0.37,29.9,正常,0
HZ000390,杭州,萧山区,钱江世纪城社区,2026-08-07 19:00,0.052,3.7,0.36,29.4,正常,0
HZ000391,杭州,钱塘区,河庄新苑,2026-08-01 21:00,0.027,1.8,0.35,27.7,正常,0
HZ000392,杭州,临平区,星桥社区,2026-08-06 00:00,0.010,0.7,0.37,27.9,正常,0
HZ000393,杭州,西湖区,翠苑小区,2026-08-06 22:00,0.068,5.9,0.36,27.7,正常,0
HZ000394,杭州,滨江区,钱塘春晓,2026-08-02 04:00,0.008,0.5,0.13,29.5,异常,1
HZ000395,杭州,余杭区,仓前家园,2026-08-05 01:00,0.013,1.1,0.32,30.9,正常,0
HZ000396,杭州,拱墅区,大关小区,2026-08-04 08:00,0.035,2.6,0.34,27.4,正常,0
HZ000397,杭州,上城区,采荷小区,2026-08-01 02:00,0.008,0.5,0.32,27.7,正常,0
HZ000398,杭州,萧山区,北干社区,2026-08-03 14:00,0.032,3.2,0.34,31.7,正常,0
HZ000399,杭州,钱塘区,江东家园,2026-08-01 17:00,0.092,7.7,0.33,33.3,正常,0
HZ000400,杭州,临平区,塘栖人家,2026-08-03 06:00,0.083,6.4,0.39,30.1,正常,0
HZ000401,杭州,西湖区,文新社区,2026-08-06 08:00,0.133,9.9,0.39,29.9,正常,0
HZ000402,杭州,滨江区,白马湖社区,2026-08-01 06:00,0.024,1.5,0.29,30.8,正常,0
HZ000403,杭州,余杭区,良渚文化村,2026-08-03 22:00,0.020,1.6,0.36,29.1,正常,0
HZ000404,杭州,拱墅区,大关小区,2026-08-02 14:00,0.022,1.8,0.33,30.4,正常,0
HZ000405,杭州,上城区,丁兰社区,2026-08-04 21:00,0.015,1.1,0.31,28.5,正常,0
HZ000406,杭州,萧山区,宁围佳境,2026-08-01 22:00,0.092,6.3,0.31,30.9,正常,0
HZ000407,杭州,钱塘区,大学城北社区,2026-08-06 13:00,0.097,8.6,0.28,32.9,正常,0
HZ000408,杭州,临平区,南苑小区,2026-08-05 01:00,0.010,0.9,0.48,29.3,异常,1
HZ000409,杭州,西湖区,转塘家园,2026-08-02 20:00,0.054,5.0,0.37,28.6,正常,0
HZ000410,杭州,滨江区,江南花园,2026-08-07 14:00,0.029,2.4,0.32,32.7,正常,0
HZ000411,杭州,余杭区,未来科技城社区,2026-08-04 00:00,0.015,1.0,0.32,30.7,正常,0
HZ000412,杭州,拱墅区,半山家园,2026-08-04 07:00,0.036,2.6,0.33,30.5,正常,0
HZ000413,杭州,上城区,采荷小区,2026-08-01 00:00,0.013,0.9,0.31,27.3,正常,0
HZ000414,杭州,萧山区,湘湖家园,2026-08-06 11:00,0.078,5.2,0.36,30.6,正常,0
HZ000415,杭州,钱塘区,大学城北社区,2026-08-04 03:00,0.269,15.8,0.36,27.0,异常,1
HZ000416,杭州,临平区,乔司家园,2026-08-02 13:00,0.112,7.8,0.39,31.1,正常,0
HZ000417,杭州,西湖区,文新社区,2026-08-06 02:00,0.017,1.4,0.33,29.3,正常,0
HZ000418,杭州,滨江区,滨康小区,2026-08-04 21:00,0.064,4.2,0.53,28.5,异常,1
HZ000419,杭州,余杭区,闲林山水,2026-08-06 14:00,0.081,7.4,0.36,31.7,正常,0
HZ000420,杭州,拱墅区,湖墅家园,2026-08-05 23:00,0.104,9.0,0.30,27.7,正常,0
HZ000421,杭州,上城区,采荷小区,2026-08-04 01:00,0.010,0.9,0.31,29.1,正常,0
HZ000422,杭州,萧山区,北干社区,2026-08-06 13:00,0.023,2.2,0.36,31.9,正常,0
HZ000423,杭州,钱塘区,江东家园,2026-08-06 00:00,0.006,0.5,0.31,28.3,正常,0
HZ000424,杭州,临平区,南苑小区,2026-08-05 08:00,0.086,5.8,0.33,28.4,正常,0
HZ000425,杭州,西湖区,翠苑小区,2026-08-03 14:00,0.101,6.6,0.31,33.8,正常,0
HZ000426,杭州,滨江区,江南花园,2026-08-01 17:00,0.086,6.9,0.30,31.7,正常,0
HZ000427,杭州,余杭区,闲林山水,2026-08-06 12:00,0.008,0.7,0.34,32.6,正常,0
HZ000428,杭州,拱墅区,运河新城社区,2026-08-05 23:00,0.028,2.7,0.34,30.2,正常,0
HZ000429,杭州,上城区,采荷小区,2026-08-02 08:00,0.089,8.2,0.30,27.0,正常,0
HZ000430,杭州,萧山区,湘湖家园,2026-08-01 10:00,0.111,9.9,0.19,28.4,异常,1
HZ000431,杭州,钱塘区,大学城北社区,2026-08-07 04:00,0.035,2.3,0.31,30.8,正常,0
HZ000432,杭州,临平区,乔司家园,2026-08-07 04:00,0.020,1.5,0.46,29.7,异常,1
HZ000433,杭州,西湖区,翠苑小区,2026-08-04 01:00,0.023,2.1,0.37,29.7,正常,0
HZ000434,杭州,滨江区,江南花园,2026-08-07 01:00,0.028,2.3,0.32,30.7,正常,0
HZ000435,杭州,余杭区,闲林山水,2026-08-06 04:00,0.014,1.0,0.36,28.3,正常,0
HZ000436,杭州,拱墅区,大关小区,2026-08-06 14:00,0.139,9.2,0.36,33.1,正常,0
HZ000437,杭州,上城区,采荷小区,2026-08-02 11:00,0.030,2.9,0.35,32.6,正常,0
HZ000438,杭州,萧山区,湘湖家园,2026-08-04 22:00,0.017,1.2,0.33,27.5,正常,0
HZ000439,杭州,钱塘区,河庄新苑,2026-08-06 13:00,0.126,9.8,0.33,30.6,正常,0
HZ000440,杭州,临平区,乔司家园,2026-08-07 04:00,0.004,0.3,0.29,28.4,正常,0
HZ000441,杭州,西湖区,转塘家园,2026-08-03 07:00,0.077,5.0,0.39,30.6,正常,0
HZ000442,杭州,滨江区,白马湖社区,2026-08-06 10:00,0.023,1.5,0.31,31.0,正常,0
HZ000443,杭州,余杭区,仓前家园,2026-08-07 19:00,0.088,8.4,0.32,30.0,正常,0
HZ000444,杭州,拱墅区,大关小区,2026-08-03 01:00,0.017,1.7,0.38,29.4,正常,0
HZ000445,杭州,上城区,近江家园,2026-08-05 20:00,0.080,7.5,0.28,29.8,正常,0
HZ000446,杭州,萧山区,湘湖家园,2026-08-06 19:00,0.089,7.5,0.33,30.9,正常,0
HZ000447,杭州,钱塘区,河庄新苑,2026-08-07 14:00,0.022,1.4,0.29,31.8,正常,0
HZ000448,杭州,临平区,南苑小区,2026-08-06 21:00,0.024,1.5,0.34,30.2,正常,0
HZ000449,杭州,西湖区,翠苑小区,2026-08-07 13:00,0.104,9.6,0.38,30.6,正常,0
HZ000450,杭州,滨江区,滨康小区,2026-08-07 09:00,0.111,7.8,0.31,31.0,正常,0
HZ000451,杭州,余杭区,良渚文化村,2026-08-02 12:00,0.061,4.8,0.31,33.0,正常,0
HZ000452,杭州,拱墅区,半山家园,2026-08-05 04:00,0.010,0.9,0.34,27.3,正常,0
HZ000453,杭州,上城区,丁兰社区,2026-08-03 23:00,0.038,3.0,0.29,30.3,正常,0
HZ000454,杭州,萧山区,钱江世纪城社区,2026-08-04 08:00,0.085,6.5,0.33,30.4,正常,0
HZ000455,杭州,钱塘区,江东家园,2026-08-04 00:00,0.003,0.3,0.34,29.4,正常,0
HZ000456,杭州,临平区,星桥社区,2026-08-03 03:00,0.006,0.4,0.38,30.8,正常,0
HZ000457,杭州,西湖区,三墩新天地,2026-08-02 22:00,0.041,3.9,0.37,28.5,正常,0
HZ000458,杭州,滨江区,滨康小区,2026-08-02 13:00,0.147,10.2,0.37,33.7,正常,0
HZ000459,杭州,余杭区,未来科技城社区,2026-08-05 04:00,0.027,2.3,0.29,30.7,正常,0
HZ000460,杭州,拱墅区,半山家园,2026-08-03 20:00,0.106,8.3,0.35,30.7,正常,0
HZ000461,杭州,上城区,近江家园,2026-08-03 22:00,0.233,13.7,0.35,27.9,异常,1
HZ000462,杭州,萧山区,宁围佳境,2026-08-05 19:00,0.131,9.6,0.37,29.1,正常,0
HZ000463,杭州,钱塘区,下沙社区,2026-08-03 07:00,0.013,0.8,0.29,29.4,正常,0
HZ000464,杭州,临平区,乔司家园,2026-08-02 22:00,0.081,7.0,0.29,30.1,正常,0
HZ000465,杭州,西湖区,文新社区,2026-08-04 19:00,0.009,0.7,0.36,27.2,正常,0
HZ000466,杭州,滨江区,滨康小区,2026-08-07 02:00,0.005,0.4,0.37,27.7,正常,0
HZ000467,杭州,余杭区,仓前家园,2026-08-02 18:00,0.280,22.3,0.29,30.9,异常,1
HZ000468,杭州,拱墅区,运河新城社区,2026-08-03 14:00,0.083,6.6,0.29,30.5,正常,0
HZ000469,杭州,上城区,丁兰社区,2026-08-06 00:00,0.019,1.5,0.35,30.2,正常,0
HZ000470,杭州,萧山区,湘湖家园,2026-08-06 06:00,0.087,7.5,0.32,27.9,正常,0
HZ000471,杭州,钱塘区,河庄新苑,2026-08-03 00:00,0.010,0.7,0.35,29.1,正常,0
HZ000472,杭州,临平区,南苑小区,2026-08-01 21:00,0.012,0.8,0.33,30.3,正常,0
HZ000473,杭州,西湖区,翠苑小区,2026-08-07 03:00,0.011,0.9,0.37,27.1,正常,0
HZ000474,杭州,滨江区,滨康小区,2026-08-03 10:00,0.021,1.5,0.32,29.7,正常,0
HZ000475,杭州,余杭区,良渚文化村,2026-08-07 06:00,0.022,1.9,0.33,27.7,正常,0
HZ000476,杭州,拱墅区,湖墅家园,2026-08-02 10:00,0.062,4.5,0.29,27.1,正常,0
HZ000477,杭州,上城区,采荷小区,2026-08-02 11:00,0.025,2.4,0.30,30.2,正常,0
HZ000478,杭州,萧山区,北干社区,2026-08-04 22:00,0.049,4.4,0.14,27.9,异常,1
HZ000479,杭州,钱塘区,河庄新苑,2026-08-04 04:00,0.020,1.3,0.37,28.4,正常,0
HZ000480,杭州,临平区,南苑小区,2026-08-01 10:00,0.045,3.9,0.39,27.9,正常,0
HZ000481,杭州,西湖区,文新社区,2026-08-06 06:00,0.045,3.4,0.32,28.0,正常,0
HZ000482,杭州,滨江区,江南花园,2026-08-01 13:00,0.045,3.6,0.37,32.1,正常,0
HZ000483,杭州,余杭区,未来科技城社区,2026-08-03 11:00,0.098,7.3,0.33,30.4,正常,0
HZ000484,杭州,拱墅区,半山家园,2026-08-03 13:00,0.064,4.2,0.37,32.2,正常,0
HZ000485,杭州,上城区,丁兰社区,2026-08-03 03:00,0.021,1.7,0.37,28.4,正常,0
HZ000486,杭州,萧山区,钱江世纪城社区,2026-08-07 17:00,0.019,1.3,0.38,31.1,正常,0
HZ000487,杭州,钱塘区,下沙社区,2026-08-05 22:00,0.087,5.7,0.29,27.2,正常,0
HZ000488,杭州,临平区,星桥社区,2026-08-07 04:00,0.014,1.3,0.32,27.4,正常,0
HZ000489,杭州,西湖区,翠苑小区,2026-08-07 17:00,0.089,8.1,0.34,30.9,正常,0
HZ000490,杭州,滨江区,钱塘春晓,2026-08-04 04:00,0.007,0.5,0.32,28.6,正常,0
HZ000491,杭州,余杭区,未来科技城社区,2026-08-02 06:00,0.036,3.0,0.30,29.8,正常,0
HZ000492,杭州,拱墅区,大关小区,2026-08-05 23:00,0.125,8.0,0.39,27.7,正常,0
HZ000493,杭州,上城区,采荷小区,2026-08-02 22:00,0.031,2.1,0.29,29.3,正常,0
HZ000494,杭州,萧山区,钱江世纪城社区,2026-08-02 02:00,0.032,2.1,0.16,27.3,异常,1
HZ000495,杭州,钱塘区,江东家园,2026-08-06 10:00,0.159,10.1,0.31,28.2,正常,0
HZ000496,杭州,临平区,塘栖人家,2026-08-01 13:00,0.142,9.8,0.29,32.9,正常,0
HZ000497,杭州,西湖区,三墩新天地,2026-08-03 17:00,0.133,8.9,0.33,32.1,正常,0
HZ000498,杭州,滨江区,江南花园,2026-08-01 01:00,0.017,1.1,0.31,27.7,正常,0
HZ000499,杭州,余杭区,闲林山水,2026-08-04 17:00,0.249,12.7,0.31,31.1,异常,1
HZ000500,杭州,拱墅区,湖墅家园,2026-08-06 01:00,0.015,1.0,0.33,30.1,正常,0
HZ000501,杭州,上城区,采荷小区,2026-08-01 22:00,0.046,3.1,0.29,29.2,正常,0
HZ000502,杭州,萧山区,钱江世纪城社区,2026-08-04 11:00,0.064,5.2,0.17,31.2,异常,1
HZ000503,杭州,钱塘区,江东家园,2026-08-01 10:00,0.070,6.5,0.35,28.7,正常,0
HZ000504,杭州,临平区,乔司家园,2026-08-02 09:00,0.035,2.7,0.39,27.1,正常,0
HZ000505,杭州,西湖区,三墩新天地,2026-08-03 18:00,0.072,5.2,0.28,29.1,正常,0
HZ000506,杭州,滨江区,钱塘春晓,2026-08-02 10:00,0.088,5.8,0.33,27.1,正常,0
HZ000507,杭州,余杭区,仓前家园,2026-08-06 22:00,0.104,9.9,0.38,30.3,正常,0
HZ000508,杭州,拱墅区,半山家园,2026-08-01 13:00,0.020,1.5,0.31,31.7,正常,0
HZ000509,杭州,上城区,丁兰社区,2026-08-03 14:00,0.079,5.4,0.32,30.3,正常,0
HZ000510,杭州,萧山区,钱江世纪城社区,2026-08-04 02:00,0.028,1.9,0.50,29.5,异常,1
HZ000511,杭州,钱塘区,下沙社区,2026-08-07 10:00,0.019,1.6,0.36,31.0,正常,0
HZ000512,杭州,临平区,南苑小区,2026-08-07 08:00,0.129,10.0,0.29,28.0,正常,0
HZ000513,杭州,西湖区,文新社区,2026-08-06 08:00,0.029,2.5,0.31,30.5,正常,0
HZ000514,杭州,滨江区,白马湖社区,2026-08-03 15:00,0.046,3.1,0.32,30.3,正常,0
HZ000515,杭州,余杭区,仓前家园,2026-08-02 17:00,0.015,1.1,0.38,32.9,正常,0
HZ000516,杭州,拱墅区,运河新城社区,2026-08-04 01:00,0.026,1.9,0.30,30.7,正常,0
HZ000517,杭州,上城区,近江家园,2026-08-03 10:00,0.111,7.6,0.33,28.9,正常,0
HZ000518,杭州,萧山区,宁围佳境,2026-08-05 13:00,0.076,5.5,0.30,33.3,正常,0
HZ000519,杭州,钱塘区,大学城北社区,2026-08-07 12:00,0.128,8.7,0.29,31.8,正常,0
HZ000520,杭州,临平区,星桥社区,2026-08-02 10:00,0.051,3.6,0.29,27.1,正常,0
HZ000521,杭州,西湖区,翠苑小区,2026-08-04 01:00,0.023,1.6,0.29,29.4,正常,0
HZ000522,杭州,滨江区,江南花园,2026-08-02 11:00,0.030,1.9,0.36,30.8,正常,0
HZ000523,杭州,余杭区,仓前家园,2026-08-02 17:00,0.091,5.7,0.34,30.5,正常,0
HZ000524,杭州,拱墅区,湖墅家园,2026-08-04 08:00,0.149,9.6,0.38,28.4,正常,0
HZ000525,杭州,上城区,近江家园,2026-08-06 11:00,0.141,9.8,0.35,31.4,正常,0
HZ000526,杭州,萧山区,北干社区,2026-08-03 10:00,0.042,3.0,0.29,29.6,正常,0
HZ000527,杭州,钱塘区,大学城北社区,2026-08-05 10:00,0.150,10.1,0.34,30.1,正常,0
HZ000528,杭州,临平区,南苑小区,2026-08-04 18:00,0.096,8.6,0.36,27.6,正常,0
HZ000529,杭州,西湖区,翠苑小区,2026-08-02 18:00,0.035,2.3,0.36,30.6,正常,0
HZ000530,杭州,滨江区,钱塘春晓,2026-08-02 07:00,0.083,8.3,0.28,29.5,正常,0
HZ000531,杭州,余杭区,仓前家园,2026-08-01 02:00,0.025,2.2,0.31,27.1,正常,0
HZ000532,杭州,拱墅区,湖墅家园,2026-08-04 17:00,0.079,6.2,0.38,33.0,正常,0
HZ000533,杭州,上城区,近江家园,2026-08-05 22:00,0.140,9.3,0.30,27.2,正常,0
HZ000534,杭州,萧山区,宁围佳境,2026-08-06 17:00,0.114,8.8,0.53,33.5,异常,1
HZ000535,杭州,钱塘区,大学城北社区,2026-08-06 22:00,0.081,6.8,0.39,28.9,正常,0
HZ000536,杭州,临平区,南苑小区,2026-08-06 07:00,0.077,7.3,0.35,28.5,正常,0
HZ000537,杭州,西湖区,转塘家园,2026-08-07 20:00,0.126,9.4,0.39,29.3,正常,0
HZ000538,杭州,滨江区,钱塘春晓,2026-08-05 16:00,0.102,7.0,0.32,33.0,正常,0
HZ000539,杭州,余杭区,未来科技城社区,2026-08-05 16:00,0.069,4.6,0.36,30.8,正常,0
HZ000540,杭州,拱墅区,运河新城社区,2026-08-07 00:00,0.024,2.1,0.35,30.6,正常,0
HZ000541,杭州,上城区,丁兰社区,2026-08-04 11:00,0.061,3.9,0.38,31.1,正常,0
HZ000542,杭州,萧山区,北干社区,2026-08-03 02:00,0.007,0.5,0.34,27.5,正常,0
HZ000543,杭州,钱塘区,下沙社区,2026-08-01 15:00,0.050,3.6,0.35,32.4,正常,0
HZ000544,杭州,临平区,星桥社区,2026-08-04 13:00,0.021,1.8,0.32,33.2,正常,0
HZ000545,杭州,西湖区,三墩新天地,2026-08-07 20:00,0.092,6.3,0.33,29.8,正常,0
HZ000546,杭州,滨江区,白马湖社区,2026-08-07 19:00,0.103,7.6,0.30,27.5,正常,0
HZ000547,杭州,余杭区,闲林山水,2026-08-01 00:00,0.177,13.5,0.37,29.1,异常,1
HZ000548,杭州,拱墅区,大关小区,2026-08-05 03:00,0.004,0.3,0.34,28.2,正常,0
HZ000549,杭州,上城区,采荷小区,2026-08-06 17:00,0.018,1.2,0.38,31.8,正常,0
HZ000550,杭州,萧山区,宁围佳境,2026-08-03 08:00,0.097,7.3,0.29,30.5,正常,0
HZ000551,杭州,钱塘区,下沙社区,2026-08-06 06:00,0.302,20.0,0.34,27.8,异常,1
HZ000552,杭州,临平区,南苑小区,2026-08-04 03:00,0.026,2.0,0.31,28.4,正常,0
HZ000553,杭州,西湖区,翠苑小区,2026-08-05 22:00,0.038,3.0,0.34,28.7,正常,0
HZ000554,杭州,滨江区,钱塘春晓,2026-08-04 02:00,0.036,2.3,0.35,28.2,正常,0
HZ000555,杭州,余杭区,仓前家园,2026-08-05 04:00,0.012,1.2,0.32,30.6,正常,0
HZ000556,杭州,拱墅区,湖墅家园,2026-08-04 10:00,0.086,6.1,0.50,28.3,异常,1
HZ000557,杭州,上城区,近江家园,2026-08-02 23:00,0.062,4.5,0.30,28.2,正常,0
HZ000558,杭州,萧山区,宁围佳境,2026-08-04 07:00,0.112,9.3,0.36,28.0,正常,0
HZ000559,杭州,钱塘区,河庄新苑,2026-08-03 17:00,0.062,4.5,0.36,31.9,正常,0
HZ000560,杭州,临平区,南苑小区,2026-08-02 10:00,0.093,5.9,0.39,27.9,正常,0
HZ000561,杭州,西湖区,转塘家园,2026-08-04 03:00,0.007,0.5,0.39,30.6,正常,0
HZ000562,杭州,滨江区,钱塘春晓,2026-08-01 00:00,0.007,0.5,0.28,28.2,正常,0
HZ000563,杭州,余杭区,未来科技城社区,2026-08-02 16:00,0.027,2.2,0.31,30.7,正常,0
HZ000564,杭州,拱墅区,大关小区,2026-08-05 09:00,0.027,1.7,0.29,27.1,正常,0
HZ000565,杭州,上城区,采荷小区,2026-08-04 14:00,0.021,1.5,0.30,32.7,正常,0
HZ000566,杭州,萧山区,湘湖家园,2026-08-06 08:00,0.143,9.3,0.31,29.0,正常,0
HZ000567,杭州,钱塘区,江东家园,2026-08-04 22:00,0.123,7.9,0.35,28.4,正常,0
HZ000568,杭州,临平区,星桥社区,2026-08-07 01:00,0.009,0.8,0.30,27.3,正常,0
HZ000569,杭州,西湖区,三墩新天地,2026-08-01 06:00,0.080,7.8,0.38,29.7,正常,0
HZ000570,杭州,滨江区,白马湖社区,2026-08-01 16:00,0.136,10.3,0.35,33.8,正常,0
HZ000571,杭州,余杭区,良渚文化村,2026-08-03 12:00,0.063,4.4,0.34,30.6,正常,0
HZ000572,杭州,拱墅区,大关小区,2026-08-04 00:00,0.004,0.4,0.30,30.3,正常,0
HZ000573,杭州,上城区,采荷小区,2026-08-03 01:00,0.035,2.3,0.31,27.3,正常,0
HZ000574,杭州,萧山区,钱江世纪城社区,2026-08-07 10:00,0.100,6.4,0.38,29.6,正常,0
HZ000575,杭州,钱塘区,河庄新苑,2026-08-03 16:00,0.084,5.9,0.34,30.5,正常,0
HZ000576,杭州,临平区,乔司家园,2026-08-05 21:00,0.102,6.4,0.30,30.4,正常,0
HZ000577,杭州,西湖区,翠苑小区,2026-08-04 06:00,0.089,8.2,0.30,27.9,正常,0
HZ000578,杭州,滨江区,江南花园,2026-08-03 03:00,0.034,2.3,0.29,27.3,正常,0
HZ000579,杭州,余杭区,仓前家园,2026-08-03 13:00,0.035,2.7,0.32,34.0,正常,0
HZ000580,杭州,拱墅区,运河新城社区,2026-08-02 17:00,0.010,0.9,0.31,32.5,正常,0
HZ000581,杭州,上城区,近江家园,2026-08-04 05:00,0.015,0.9,0.31,28.0,正常,0
HZ000582,杭州,萧山区,北干社区,2026-08-01 13:00,0.083,7.4,0.36,33.8,正常,0
HZ000583,杭州,钱塘区,河庄新苑,2026-08-07 01:00,0.021,1.4,0.34,29.3,正常,0
HZ000584,杭州,临平区,星桥社区,2026-08-02 16:00,0.055,4.4,0.34,32.9,正常,0
HZ000585,杭州,西湖区,三墩新天地,2026-08-02 16:00,0.112,9.7,0.33,31.3,正常,0
HZ000586,杭州,滨江区,滨康小区,2026-08-04 13:00,0.039,3.5,0.29,33.9,正常,0
HZ000587,杭州,余杭区,未来科技城社区,2026-08-05 09:00,0.015,1.0,0.35,29.8,正常,0
HZ000588,杭州,拱墅区,运河新城社区,2026-08-07 04:00,0.003,0.2,0.34,29.6,正常,0
HZ000589,杭州,上城区,采荷小区,2026-08-06 02:00,0.008,0.7,0.31,28.6,正常,0
HZ000590,杭州,萧山区,北干社区,2026-08-01 08:00,0.014,1.0,0.32,30.0,正常,0
HZ000591,杭州,钱塘区,河庄新苑,2026-08-04 18:00,0.042,2.7,0.31,28.6,正常,0
HZ000592,杭州,临平区,塘栖人家,2026-08-07 18:00,0.098,8.0,0.37,27.5,正常,0
HZ000593,杭州,西湖区,文新社区,2026-08-03 03:00,0.006,0.5,0.34,28.9,正常,0
HZ000594,杭州,滨江区,钱塘春晓,2026-08-01 20:00,0.044,2.8,0.32,29.1,正常,0
HZ000595,杭州,余杭区,仓前家园,2026-08-01 23:00,0.101,8.9,0.30,30.0,正常,0
HZ000596,杭州,拱墅区,湖墅家园,2026-08-04 00:00,0.001,0.1,0.31,27.7,正常,0
HZ000597,杭州,上城区,丁兰社区,2026-08-06 20:00,0.101,8.3,0.32,28.9,正常,0
HZ000598,杭州,萧山区,北干社区,2026-08-07 23:00,0.073,6.0,0.53,28.2,异常,1
HZ000599,杭州,钱塘区,江东家园,2026-08-03 03:00,0.013,1.1,0.28,27.1,正常,0
HZ000600,杭州,临平区,南苑小区,2026-08-02 23:00,0.120,9.7,0.39,28.0,正常,0
HZ000601,杭州,西湖区,文新社区,2026-08-05 15:00,0.060,4.0,0.35,32.9,正常,0
HZ000602,杭州,滨江区,江南花园,2026-08-05 17:00,0.067,4.6,0.30,32.9,正常,0
HZ000603,杭州,余杭区,闲林山水,2026-08-01 15:00,0.069,5.8,0.28,34.0,正常,0
HZ000604,杭州,拱墅区,湖墅家园,2026-08-01 16:00,0.023,2.0,0.34,33.1,正常,0
HZ000605,杭州,上城区,丁兰社区,2026-08-02 15:00,0.114,10.0,0.38,30.5,正常,0
HZ000606,杭州,萧山区,北干社区,2026-08-04 02:00,0.023,1.9,0.32,28.7,正常,0
HZ000607,杭州,钱塘区,河庄新苑,2026-08-06 03:00,0.005,0.3,0.30,30.6,正常,0
HZ000608,杭州,临平区,星桥社区,2026-08-05 13:00,0.035,2.8,0.28,32.1,正常,0
HZ000609,杭州,西湖区,三墩新天地,2026-08-02 11:00,0.132,10.0,0.33,33.2,正常,0
HZ000610,杭州,滨江区,江南花园,2026-08-03 04:00,0.032,2.3,0.29,27.7,正常,0
HZ000611,杭州,余杭区,良渚文化村,2026-08-03 11:00,0.104,8.1,0.36,31.4,正常,0
HZ000612,杭州,拱墅区,半山家园,2026-08-02 04:00,0.022,1.9,0.37,30.7,正常,0
HZ000613,杭州,上城区,近江家园,2026-08-04 23:00,0.140,10.4,0.35,28.4,正常,0
HZ000614,杭州,萧山区,宁围佳境,2026-08-03 17:00,0.078,7.2,0.33,30.2,正常,0
HZ000615,杭州,钱塘区,江东家园,2026-08-06 20:00,0.036,2.5,0.39,27.2,正常,0
HZ000616,杭州,临平区,南苑小区,2026-08-01 08:00,0.052,4.2,0.36,29.1,正常,0
HZ000617,杭州,西湖区,三墩新天地,2026-08-06 01:00,0.011,0.7,0.28,28.7,正常,0
HZ000618,杭州,滨江区,白马湖社区,2026-08-03 01:00,0.015,1.0,0.33,29.1,正常,0
HZ000619,杭州,余杭区,未来科技城社区,2026-08-05 20:00,0.086,7.1,0.28,29.6,正常,0
HZ000620,杭州,拱墅区,湖墅家园,2026-08-07 16:00,0.042,2.6,0.32,31.3,正常,0
HZ000621,杭州,上城区,采荷小区,2026-08-02 04:00,0.030,2.2,0.33,27.2,正常,0
HZ000622,杭州,萧山区,湘湖家园,2026-08-06 09:00,0.048,3.8,0.28,27.4,正常,0
HZ000623,杭州,钱塘区,江东家园,2026-08-07 21:00,0.166,10.4,0.30,30.0,正常,0
HZ000624,杭州,临平区,塘栖人家,2026-08-03 18:00,0.082,6.1,0.33,30.6,正常,0
HZ000625,杭州,西湖区,三墩新天地,2026-08-02 08:00,0.047,3.1,0.38,30.5,正常,0
HZ000626,杭州,滨江区,钱塘春晓,2026-08-06 17:00,0.036,2.3,0.28,30.6,正常,0
HZ000627,杭州,余杭区,仓前家园,2026-08-03 07:00,0.250,12.7,0.33,27.3,异常,1
HZ000628,杭州,拱墅区,湖墅家园,2026-08-06 08:00,0.074,5.0,0.36,29.6,正常,0
HZ000629,杭州,上城区,丁兰社区,2026-08-06 05:00,0.005,0.4,0.30,28.9,正常,0
HZ000630,杭州,萧山区,宁围佳境,2026-08-07 09:00,0.124,9.2,0.37,30.7,正常,0
HZ000631,杭州,钱塘区,江东家园,2026-08-04 10:00,0.044,3.3,0.37,27.3,正常,0
HZ000632,杭州,临平区,星桥社区,2026-08-06 14:00,0.088,6.1,0.29,33.2,正常,0
HZ000633,杭州,西湖区,三墩新天地,2026-08-03 04:00,0.005,0.4,0.32,27.0,正常,0
HZ000634,杭州,滨江区,江南花园,2026-08-07 16:00,0.130,8.2,0.37,32.9,正常,0
HZ000635,杭州,余杭区,仓前家园,2026-08-04 15:00,0.131,9.7,0.36,31.1,正常,0
HZ000636,杭州,拱墅区,大关小区,2026-08-04 19:00,0.060,5.6,0.37,27.7,正常,0
HZ000637,杭州,上城区,采荷小区,2026-08-03 06:00,0.104,8.6,0.38,30.5,正常,0
HZ000638,杭州,萧山区,钱江世纪城社区,2026-08-04 05:00,0.001,0.1,0.35,29.0,正常,0
HZ000639,杭州,钱塘区,大学城北社区,2026-08-03 18:00,0.097,8.7,0.31,27.7,正常,0
HZ000640,杭州,临平区,乔司家园,2026-08-02 16:00,0.089,6.6,0.34,32.3,正常,0
HZ000641,杭州,西湖区,三墩新天地,2026-08-03 06:00,0.099,6.3,0.28,27.3,正常,0
HZ000642,杭州,滨江区,江南花园,2026-08-02 08:00,0.089,6.4,0.34,28.0,正常,0
HZ000643,杭州,余杭区,仓前家园,2026-08-02 02:00,0.011,0.8,0.33,30.2,正常,0
HZ000644,杭州,拱墅区,运河新城社区,2026-08-04 08:00,0.118,9.9,0.30,27.4,正常,0
HZ000645,杭州,上城区,望江新园,2026-08-02 21:00,0.135,8.7,0.35,27.4,正常,0
HZ000646,杭州,萧山区,湘湖家园,2026-08-07 20:00,0.021,1.7,0.32,28.2,正常,0
HZ000647,杭州,钱塘区,大学城北社区,2026-08-01 21:00,0.113,10.4,0.34,29.6,正常,0
HZ000648,杭州,临平区,星桥社区,2026-08-02 04:00,0.006,0.4,0.29,27.6,正常,0
HZ000649,杭州,西湖区,转塘家园,2026-08-06 00:00,0.010,0.7,0.30,29.2,正常,0
HZ000650,杭州,滨江区,滨康小区,2026-08-04 07:00,0.037,2.4,0.38,30.4,正常,0
HZ000651,杭州,余杭区,未来科技城社区,2026-08-05 19:00,0.105,8.3,0.35,28.4,正常,0
HZ000652,杭州,拱墅区,湖墅家园,2026-08-05 05:00,0.007,0.5,0.30,29.7,正常,0
HZ000653,杭州,上城区,近江家园,2026-08-04 23:00,0.117,10.4,0.29,27.6,正常,0
HZ000654,杭州,萧山区,钱江世纪城社区,2026-08-01 05:00,0.034,2.3,0.30,28.2,正常,0
HZ000655,杭州,钱塘区,河庄新苑,2026-08-04 13:00,0.118,10.0,0.35,32.3,正常,0
HZ000656,杭州,临平区,乔司家园,2026-08-04 22:00,0.118,7.9,0.35,28.3,正常,0
HZ000657,杭州,西湖区,翠苑小区,2026-08-03 21:00,0.042,2.8,0.34,28.9,正常,0
HZ000658,杭州,滨江区,钱塘春晓,2026-08-05 00:00,0.004,0.3,0.37,30.2,正常,0
HZ000659,杭州,余杭区,良渚文化村,2026-08-04 06:00,0.015,1.1,0.34,30.8,正常,0
HZ000660,杭州,拱墅区,湖墅家园,2026-08-04 13:00,0.065,6.4,0.33,33.0,正常,0
HZ000661,杭州,上城区,近江家园,2026-08-03 18:00,0.028,1.8,0.34,27.4,正常,0
HZ000662,杭州,萧山区,钱江世纪城社区,2026-08-04 23:00,0.094,9.2,0.38,29.9,正常,0
HZ000663,杭州,钱塘区,下沙社区,2026-08-07 21:00,0.048,3.2,0.35,27.7,正常,0
HZ000664,杭州,临平区,南苑小区,2026-08-06 16:00,0.081,7.8,0.35,33.6,正常,0
HZ000665,杭州,西湖区,转塘家园,2026-08-05 11:00,0.051,4.3,0.37,31.9,正常,0
HZ000666,杭州,滨江区,钱塘春晓,2026-08-01 03:00,0.020,1.6,0.12,28.4,异常,1
HZ000667,杭州,余杭区,未来科技城社区,2026-08-06 13:00,0.088,5.6,0.36,30.2,正常,0
HZ000668,杭州,拱墅区,运河新城社区,2026-08-01 12:00,0.010,0.8,0.36,31.2,正常,0
HZ000669,杭州,上城区,近江家园,2026-08-04 06:00,0.119,10.3,0.38,29.3,正常,0
HZ000670,杭州,萧山区,北干社区,2026-08-04 02:00,0.004,0.3,0.30,30.1,正常,0
HZ000671,杭州,钱塘区,江东家园,2026-08-04 19:00,0.042,3.8,0.35,28.6,正常,0
HZ000672,杭州,临平区,乔司家园,2026-08-03 04:00,0.004,0.3,0.38,27.3,正常,0
HZ000673,杭州,西湖区,文新社区,2026-08-03 17:00,0.107,9.8,0.34,32.8,正常,0
HZ000674,杭州,滨江区,钱塘春晓,2026-08-02 07:00,0.111,9.0,0.39,28.7,正常,0
HZ000675,杭州,余杭区,闲林山水,2026-08-07 23:00,0.068,6.1,0.36,27.2,正常,0
HZ000676,杭州,拱墅区,运河新城社区,2026-08-03 07:00,0.046,3.1,0.29,28.6,正常,0
HZ000677,杭州,上城区,丁兰社区,2026-08-02 08:00,0.086,6.8,0.35,30.3,正常,0
HZ000678,杭州,萧山区,湘湖家园,2026-08-05 23:00,0.058,5.1,0.37,27.5,正常,0
HZ000679,杭州,钱塘区,下沙社区,2026-08-07 17:00,0.113,7.1,0.38,32.5,正常,0
HZ000680,杭州,临平区,南苑小区,2026-08-07 09:00,0.044,4.2,0.29,27.3,正常,0
HZ000681,杭州,西湖区,翠苑小区,2026-08-04 11:00,0.028,2.7,0.36,32.6,正常,0
HZ000682,杭州,滨江区,滨康小区,2026-08-02 11:00,0.045,4.0,0.36,30.4,正常,0
HZ000683,杭州,余杭区,仓前家园,2026-08-01 08:00,0.074,6.1,0.36,30.6,正常,0
HZ000684,杭州,拱墅区,大关小区,2026-08-04 02:00,0.016,1.1,0.30,29.2,正常,0
HZ000685,杭州,上城区,近江家园,2026-08-05 00:00,0.006,0.5,0.33,28.8,正常,0
HZ000686,杭州,萧山区,湘湖家园,2026-08-03 20:00,0.052,4.1,0.35,28.7,正常,0
HZ000687,杭州,钱塘区,河庄新苑,2026-08-06 00:00,0.029,2.1,0.29,28.0,正常,0
HZ000688,杭州,临平区,乔司家园,2026-08-07 05:00,0.008,0.8,0.30,30.1,正常,0
HZ000689,杭州,西湖区,文新社区,2026-08-06 03:00,0.011,1.1,0.30,29.3,正常,0
HZ000690,杭州,滨江区,滨康小区,2026-08-04 22:00,0.096,9.5,0.34,28.5,正常,0
HZ000691,杭州,余杭区,未来科技城社区,2026-08-03 10:00,0.027,1.8,0.33,28.6,正常,0
HZ000692,杭州,拱墅区,运河新城社区,2026-08-03 11:00,0.046,4.4,0.35,32.3,正常,0
HZ000693,杭州,上城区,近江家园,2026-08-05 08:00,0.109,8.5,0.35,30.1,正常,0
HZ000694,杭州,萧山区,钱江世纪城社区,2026-08-01 07:00,0.058,3.9,0.28,28.6,正常,0
HZ000695,杭州,钱塘区,大学城北社区,2026-08-03 15:00,0.062,4.9,0.30,30.8,正常,0
HZ000696,杭州,临平区,塘栖人家,2026-08-02 02:00,0.003,0.2,0.34,28.9,正常,0
HZ000697,杭州,西湖区,三墩新天地,2026-08-05 19:00,0.094,7.7,0.33,30.0,正常,0
HZ000698,杭州,滨江区,白马湖社区,2026-08-04 02:00,0.023,1.5,0.35,29.1,正常,0
HZ000699,杭州,余杭区,闲林山水,2026-08-04 16:00,0.068,5.4,0.35,31.3,正常,0
HZ000700,杭州,拱墅区,大关小区,2026-08-04 11:00,0.056,5.6,0.37,31.5,正常,0
HZ000701,杭州,上城区,望江新园,2026-08-05 12:00,0.112,7.4,0.36,33.4,正常,0
HZ000702,杭州,萧山区,北干社区,2026-08-03 01:00,0.014,1.1,0.34,28.6,正常,0
HZ000703,杭州,钱塘区,江东家园,2026-08-01 12:00,0.126,9.1,0.30,30.9,正常,0
HZ000704,杭州,临平区,星桥社区,2026-08-05 22:00,0.035,2.7,0.34,29.1,正常,0
HZ000705,杭州,西湖区,翠苑小区,2026-08-01 09:00,0.058,3.9,0.36,29.3,正常,0
HZ000706,杭州,滨江区,江南花园,2026-08-03 03:00,0.012,1.0,0.29,30.7,正常,0
HZ000707,杭州,余杭区,未来科技城社区,2026-08-02 03:00,0.018,1.2,0.29,27.4,正常,0
HZ000708,杭州,拱墅区,湖墅家园,2026-08-07 21:00,0.077,6.2,0.39,27.8,正常,0
HZ000709,杭州,上城区,近江家园,2026-08-07 11:00,0.069,4.8,0.37,31.3,正常,0
HZ000710,杭州,萧山区,北干社区,2026-08-02 07:00,0.123,8.0,0.32,28.7,正常,0
HZ000711,杭州,钱塘区,大学城北社区,2026-08-02 15:00,0.135,8.6,0.33,32.8,正常,0
HZ000712,杭州,临平区,南苑小区,2026-08-06 15:00,0.036,3.0,0.29,33.4,正常,0
HZ000713,杭州,西湖区,翠苑小区,2026-08-03 15:00,0.087,7.9,0.37,30.9,正常,0
HZ000714,杭州,滨江区,白马湖社区,2026-08-01 06:00,0.053,3.6,0.35,28.2,正常,0
HZ000715,杭州,余杭区,仓前家园,2026-08-04 03:00,0.018,1.4,0.29,29.3,正常,0
HZ000716,杭州,拱墅区,半山家园,2026-08-06 10:00,0.012,1.0,0.39,30.3,正常,0
HZ000717,杭州,上城区,丁兰社区,2026-08-03 21:00,0.112,7.1,0.34,30.6,正常,0
HZ000718,杭州,萧山区,北干社区,2026-08-02 22:00,0.089,7.5,0.36,28.8,正常,0
HZ000719,杭州,钱塘区,下沙社区,2026-08-02 15:00,0.136,9.5,0.32,30.5,正常,0
HZ000720,杭州,临平区,星桥社区,2026-08-02 03:00,0.005,0.3,0.28,30.3,正常,0
HZ000721,杭州,西湖区,文新社区,2026-08-05 20:00,0.097,6.2,0.28,28.8,正常,0
HZ000722,杭州,滨江区,白马湖社区,2026-08-02 02:00,0.001,0.1,0.38,30.7,正常,0
HZ000723,杭州,余杭区,良渚文化村,2026-08-07 01:00,0.017,1.4,0.30,29.8,正常,0
HZ000724,杭州,拱墅区,运河新城社区,2026-08-07 05:00,0.013,1.1,0.30,29.6,正常,0
HZ000725,杭州,上城区,丁兰社区,2026-08-03 21:00,0.364,19.5,0.31,28.1,异常,1
HZ000726,杭州,萧山区,钱江世纪城社区,2026-08-06 05:00,0.016,1.2,0.38,27.4,正常,0
HZ000727,杭州,钱塘区,大学城北社区,2026-08-07 16:00,0.057,3.6,0.28,30.6,正常,0
HZ000728,杭州,临平区,南苑小区,2026-08-07 19:00,0.077,5.4,0.33,27.9,正常,0
HZ000729,杭州,西湖区,文新社区,2026-08-01 12:00,0.047,4.1,0.34,34.0,正常,0
HZ000730,杭州,滨江区,滨康小区,2026-08-05 19:00,0.050,3.5,0.33,30.6,正常,0
HZ000731,杭州,余杭区,仓前家园,2026-08-03 18:00,0.020,1.9,0.34,29.3,正常,0
HZ000732,杭州,拱墅区,半山家园,2026-08-01 18:00,0.090,9.0,0.36,28.1,正常,0
HZ000733,杭州,上城区,丁兰社区,2026-08-02 05:00,0.005,0.4,0.31,27.1,正常,0
HZ000734,杭州,萧山区,北干社区,2026-08-04 13:00,0.022,2.1,0.29,30.8,正常,0
HZ000735,杭州,钱塘区,大学城北社区,2026-08-05 08:00,0.061,5.1,0.28,30.8,正常,0
HZ000736,杭州,临平区,塘栖人家,2026-08-06 03:00,0.016,1.1,0.30,27.5,正常,0
HZ000737,杭州,西湖区,转塘家园,2026-08-05 15:00,0.009,0.7,0.34,33.5,正常,0
HZ000738,杭州,滨江区,白马湖社区,2026-08-07 03:00,0.023,1.7,0.28,30.0,正常,0
HZ000739,杭州,余杭区,仓前家园,2026-08-03 18:00,0.144,9.0,0.33,29.0,正常,0
HZ000740,杭州,拱墅区,大关小区,2026-08-04 06:00,0.051,4.5,0.28,27.2,正常,0
HZ000741,杭州,上城区,望江新园,2026-08-04 16:00,0.019,1.6,0.38,30.7,正常,0
HZ000742,杭州,萧山区,钱江世纪城社区,2026-08-07 09:00,0.139,9.0,0.35,30.8,正常,0
HZ000743,杭州,钱塘区,下沙社区,2026-08-06 20:00,0.031,2.4,0.29,30.0,正常,0
HZ000744,杭州,临平区,南苑小区,2026-08-01 08:00,0.013,1.3,0.28,27.2,正常,0
HZ000745,杭州,西湖区,转塘家园,2026-08-04 03:00,0.022,1.8,0.29,28.2,正常,0
HZ000746,杭州,滨江区,江南花园,2026-08-01 08:00,0.096,8.3,0.36,30.6,正常,0
HZ000747,杭州,余杭区,良渚文化村,2026-08-04 12:00,0.076,5.8,0.34,33.8,正常,0
HZ000748,杭州,拱墅区,湖墅家园,2026-08-01 00:00,0.020,2.0,0.35,27.9,正常,0
HZ000749,杭州,上城区,丁兰社区,2026-08-03 23:00,0.069,4.6,0.34,30.1,正常,0
HZ000750,杭州,萧山区,湘湖家园,2026-08-07 18:00,0.048,3.6,0.36,28.6,正常,0
HZ000751,杭州,钱塘区,下沙社区,2026-08-01 01:00,0.013,0.9,0.31,30.9,正常,0
HZ000752,杭州,临平区,南苑小区,2026-08-03 04:00,0.007,0.5,0.38,30.9,正常,0
HZ000753,杭州,西湖区,文新社区,2026-08-07 07:00,0.086,5.6,0.35,27.8,正常,0
HZ000754,杭州,滨江区,江南花园,2026-08-05 01:00,0.014,1.3,0.30,30.9,正常,0
HZ000755,杭州,余杭区,未来科技城社区,2026-08-02 14:00,0.027,1.8,0.34,34.0,正常,0
HZ000756,杭州,拱墅区,半山家园,2026-08-02 15:00,0.081,6.8,0.39,31.7,正常,0
HZ000757,杭州,上城区,采荷小区,2026-08-04 15:00,0.019,1.9,0.29,33.6,正常,0
HZ000758,杭州,萧山区,宁围佳境,2026-08-01 12:00,0.093,7.4,0.33,30.4,正常,0
HZ000759,杭州,钱塘区,下沙社区,2026-08-01 09:00,0.121,9.7,0.37,28.7,正常,0
HZ000760,杭州,临平区,塘栖人家,2026-08-01 14:00,0.097,7.2,0.38,33.2,正常,0
HZ000761,杭州,西湖区,三墩新天地,2026-08-03 18:00,0.088,6.3,0.35,27.1,正常,0
HZ000762,杭州,滨江区,白马湖社区,2026-08-01 08:00,0.082,5.7,0.30,28.2,正常,0
HZ000763,杭州,余杭区,仓前家园,2026-08-05 20:00,0.118,8.9,0.39,29.9,正常,0
HZ000764,杭州,拱墅区,运河新城社区,2026-08-02 08:00,0.074,4.7,0.38,30.9,正常,0
HZ000765,杭州,上城区,望江新园,2026-08-07 19:00,0.071,5.8,0.36,27.9,正常,0
HZ000766,杭州,萧山区,宁围佳境,2026-08-05 19:00,0.108,6.9,0.35,29.4,正常,0
HZ000767,杭州,钱塘区,河庄新苑,2026-08-05 01:00,0.007,0.6,0.31,28.9,正常,0
HZ000768,杭州,临平区,乔司家园,2026-08-06 15:00,0.020,1.4,0.30,30.1,正常,0
HZ000769,杭州,西湖区,转塘家园,2026-08-04 00:00,0.011,0.7,0.35,30.8,正常,0
HZ000770,杭州,滨江区,江南花园,2026-08-07 20:00,0.088,7.2,0.34,29.6,正常,0
HZ000771,杭州,余杭区,未来科技城社区,2026-08-06 12:00,0.077,6.3,0.35,31.4,正常,0
HZ000772,杭州,拱墅区,运河新城社区,2026-08-01 23:00,0.028,2.4,0.33,30.1,正常,0
HZ000773,杭州,上城区,近江家园,2026-08-05 14:00,0.096,6.0,0.29,31.1,正常,0
HZ000774,杭州,萧山区,湘湖家园,2026-08-01 06:00,0.028,1.9,0.29,28.2,正常,0
HZ000775,杭州,钱塘区,下沙社区,2026-08-01 10:00,0.074,5.9,0.37,28.1,正常,0
HZ000776,杭州,临平区,南苑小区,2026-08-04 04:00,0.019,1.7,0.28,29.1,正常,0
HZ000777,杭州,西湖区,转塘家园,2026-08-06 13:00,0.047,3.6,0.37,30.7,正常,0
HZ000778,杭州,滨江区,钱塘春晓,2026-08-04 07:00,0.033,3.0,0.33,30.6,正常,0
HZ000779,杭州,余杭区,良渚文化村,2026-08-03 14:00,0.059,3.7,0.32,31.9,正常,0
HZ000780,杭州,拱墅区,运河新城社区,2026-08-02 12:00,0.020,1.3,0.29,33.3,正常,0
HZ000781,杭州,上城区,丁兰社区,2026-08-03 07:00,0.040,2.6,0.29,29.4,正常,0
HZ000782,杭州,萧山区,钱江世纪城社区,2026-08-06 13:00,0.051,5.0,0.32,34.0,正常,0
HZ000783,杭州,钱塘区,下沙社区,2026-08-01 08:00,0.059,4.6,0.38,30.6,正常,0
HZ000784,杭州,临平区,星桥社区,2026-08-02 22:00,0.093,6.6,0.34,27.6,正常,0
HZ000785,杭州,西湖区,文新社区,2026-08-06 08:00,0.025,1.6,0.33,30.7,正常,0
HZ000786,杭州,滨江区,白马湖社区,2026-08-07 12:00,0.094,8.3,0.33,33.0,正常,0
HZ000787,杭州,余杭区,仓前家园,2026-08-04 07:00,0.088,6.3,0.37,28.1,正常,0
HZ000788,杭州,拱墅区,大关小区,2026-08-02 03:00,0.011,0.9,0.33,30.9,正常,0
HZ000789,杭州,上城区,丁兰社区,2026-08-06 19:00,0.011,0.9,0.29,27.0,正常,0
HZ000790,杭州,萧山区,宁围佳境,2026-08-06 07:00,0.021,1.7,0.32,29.7,正常,0
HZ000791,杭州,钱塘区,下沙社区,2026-08-03 07:00,0.026,2.6,0.36,29.5,正常,0
HZ000792,杭州,临平区,乔司家园,2026-08-03 23:00,0.044,3.4,0.39,28.9,正常,0
HZ000793,杭州,西湖区,文新社区,2026-08-03 00:00,0.013,0.9,0.32,30.3,正常,0
HZ000794,杭州,滨江区,白马湖社区,2026-08-06 03:00,0.002,0.1,0.34,28.4,正常,0
HZ000795,杭州,余杭区,未来科技城社区,2026-08-04 03:00,0.439,22.0,0.32,29.4,异常,1
HZ000796,杭州,拱墅区,运河新城社区,2026-08-01 14:00,0.051,3.6,0.30,31.1,正常,0
HZ000797,杭州,上城区,丁兰社区,2026-08-07 20:00,0.082,5.8,0.36,29.2,正常,0
HZ000798,杭州,萧山区,宁围佳境,2026-08-03 11:00,0.024,2.2,0.37,30.6,正常,0
HZ000799,杭州,钱塘区,江东家园,2026-08-06 10:00,0.044,4.3,0.33,29.7,正常,0
HZ000800,杭州,临平区,塘栖人家,2026-08-03 12:00,0.027,2.1,0.34,30.7,正常,0
HZ000801,杭州,西湖区,三墩新天地,2026-08-04 02:00,0.003,0.2,0.37,30.7,正常,0
HZ000802,杭州,滨江区,钱塘春晓,2026-08-06 22:00,0.041,3.8,0.32,27.8,正常,0
HZ000803,杭州,余杭区,未来科技城社区,2026-08-01 09:00,0.072,6.3,0.32,29.7,正常,0
HZ000804,杭州,拱墅区,大关小区,2026-08-03 08:00,0.056,4.2,0.31,27.8,正常,0
HZ000805,杭州,上城区,丁兰社区,2026-08-05 16:00,0.016,1.4,0.28,31.3,正常,0
HZ000806,杭州,萧山区,湘湖家园,2026-08-04 01:00,0.031,2.1,0.31,28.4,正常,0
HZ000807,杭州,钱塘区,江东家园,2026-08-02 03:00,0.017,1.6,0.34,27.6,正常,0
HZ000808,杭州,临平区,塘栖人家,2026-08-05 07:00,0.104,10.3,0.30,28.2,正常,0
HZ000809,杭州,西湖区,文新社区,2026-08-02 17:00,0.095,9.3,0.37,33.6,正常,0
HZ000810,杭州,滨江区,滨康小区,2026-08-04 03:00,0.007,0.6,0.32,28.4,正常,0
HZ000811,杭州,余杭区,未来科技城社区,2026-08-03 05:00,0.010,0.9,0.32,30.4,正常,0
HZ000812,杭州,拱墅区,湖墅家园,2026-08-05 09:00,0.070,6.3,0.33,30.3,正常,0
HZ000813,杭州,上城区,采荷小区,2026-08-01 11:00,0.293,20.6,0.32,31.6,异常,1
HZ000814,杭州,萧山区,钱江世纪城社区,2026-08-01 10:00,0.020,1.5,0.29,27.3,正常,0
HZ000815,杭州,钱塘区,下沙社区,2026-08-06 09:00,0.090,5.8,0.33,28.9,正常,0
HZ000816,杭州,临平区,塘栖人家,2026-08-01 03:00,0.019,1.3,0.33,29.8,正常,0
HZ000817,杭州,西湖区,三墩新天地,2026-08-06 11:00,0.020,1.9,0.31,32.9,正常,0
HZ000818,杭州,滨江区,滨康小区,2026-08-04 10:00,0.101,8.1,0.29,27.1,正常,0
HZ000819,杭州,余杭区,闲林山水,2026-08-04 22:00,0.110,8.6,0.31,28.1,正常,0
HZ000820,杭州,拱墅区,大关小区,2026-08-05 15:00,0.089,8.0,0.28,33.4,正常,0
HZ000821,杭州,上城区,丁兰社区,2026-08-01 21:00,0.107,6.8,0.34,30.7,正常,0
HZ000822,杭州,萧山区,湘湖家园,2026-08-04 07:00,0.048,3.5,0.34,29.3,正常,0
HZ000823,杭州,钱塘区,下沙社区,2026-08-05 10:00,0.218,12.6,0.37,27.6,异常,1
HZ000824,杭州,临平区,星桥社区,2026-08-07 20:00,0.052,3.3,0.32,30.6,正常,0
HZ000825,杭州,西湖区,三墩新天地,2026-08-05 21:00,0.119,8.3,0.33,30.8,正常,0
HZ000826,杭州,滨江区,钱塘春晓,2026-08-01 04:00,0.019,1.4,0.33,27.5,正常,0
HZ000827,杭州,余杭区,闲林山水,2026-08-04 09:00,0.206,14.2,0.31,29.0,异常,1
HZ000828,杭州,拱墅区,湖墅家园,2026-08-04 12:00,0.128,10.2,0.38,33.5,正常,0
HZ000829,杭州,上城区,望江新园,2026-08-07 07:00,0.095,9.2,0.28,27.9,正常,0
HZ000830,杭州,萧山区,湘湖家园,2026-08-05 02:00,0.007,0.6,0.37,29.5,正常,0
HZ000831,杭州,钱塘区,大学城北社区,2026-08-01 17:00,0.035,3.0,0.30,30.8,正常,0
HZ000832,杭州,临平区,星桥社区,2026-08-02 03:00,0.027,2.3,0.37,28.0,正常,0
HZ000833,杭州,西湖区,三墩新天地,2026-08-05 04:00,0.030,2.3,0.38,27.3,正常,0
HZ000834,杭州,滨江区,白马湖社区,2026-08-02 08:00,0.018,1.6,0.31,29.5,正常,0
HZ000835,杭州,余杭区,仓前家园,2026-08-05 20:00,0.103,9.7,0.29,28.9,正常,0
HZ000836,杭州,拱墅区,湖墅家园,2026-08-01 01:00,0.016,1.2,0.35,27.4,正常,0
HZ000837,杭州,上城区,望江新园,2026-08-04 20:00,0.021,2.0,0.34,29.7,正常,0
HZ000838,杭州,萧山区,钱江世纪城社区,2026-08-04 22:00,0.102,8.6,0.30,30.7,正常,0
HZ000839,杭州,钱塘区,大学城北社区,2026-08-02 10:00,0.092,9.1,0.38,28.2,正常,0
HZ000840,杭州,临平区,南苑小区,2026-08-04 21:00,0.081,6.2,0.34,28.8,正常,0
HZ000841,杭州,西湖区,三墩新天地,2026-08-06 18:00,0.132,8.7,0.29,30.7,正常,0
HZ000842,杭州,滨江区,江南花园,2026-08-02 12:00,0.087,8.4,0.32,34.0,正常,0
HZ000843,杭州,余杭区,仓前家园,2026-08-04 12:00,0.133,9.9,0.29,31.2,正常,0
HZ000844,杭州,拱墅区,半山家园,2026-08-04 16:00,0.078,7.0,0.31,32.6,正常,0
HZ000845,杭州,上城区,丁兰社区,2026-08-01 14:00,0.072,4.7,0.28,33.0,正常,0
HZ000846,杭州,萧山区,湘湖家园,2026-08-02 09:00,0.093,6.7,0.32,29.1,正常,0
HZ000847,杭州,钱塘区,下沙社区,2026-08-07 08:00,0.088,6.5,0.29,27.8,正常,0
HZ000848,杭州,临平区,南苑小区,2026-08-06 03:00,0.017,1.3,0.30,30.1,正常,0
HZ000849,杭州,西湖区,转塘家园,2026-08-04 00:00,0.009,0.6,0.32,29.5,正常,0
HZ000850,杭州,滨江区,滨康小区,2026-08-02 20:00,0.072,4.5,0.39,30.0,正常,0
HZ000851,杭州,余杭区,良渚文化村,2026-08-01 12:00,0.028,2.3,0.35,30.1,正常,0
HZ000852,杭州,拱墅区,运河新城社区,2026-08-01 13:00,0.098,7.5,0.33,30.7,正常,0
HZ000853,杭州,上城区,望江新园,2026-08-06 20:00,0.121,10.2,0.34,27.1,正常,0
HZ000854,杭州,萧山区,钱江世纪城社区,2026-08-01 16:00,0.115,8.6,0.30,33.1,正常,0
HZ000855,杭州,钱塘区,河庄新苑,2026-08-04 02:00,0.029,1.8,0.36,30.8,正常,0
HZ000856,杭州,临平区,塘栖人家,2026-08-04 18:00,0.065,6.3,0.30,27.6,正常,0
HZ000857,杭州,西湖区,转塘家园,2026-08-01 19:00,0.027,2.4,0.30,27.2,正常,0
HZ000858,杭州,滨江区,滨康小区,2026-08-05 12:00,0.023,1.8,0.37,33.5,正常,0
HZ000859,杭州,余杭区,良渚文化村,2026-08-02 15:00,0.058,3.9,0.32,32.5,正常,0
HZ000860,杭州,拱墅区,运河新城社区,2026-08-02 19:00,0.109,7.4,0.39,29.4,正常,0
HZ000861,杭州,上城区,望江新园,2026-08-04 03:00,0.015,1.1,0.31,30.9,正常,0
HZ000862,杭州,萧山区,湘湖家园,2026-08-04 05:00,0.021,2.0,0.34,27.5,正常,0
HZ000863,杭州,钱塘区,江东家园,2026-08-01 04:00,0.030,2.1,0.36,27.2,正常,0
HZ000864,杭州,临平区,南苑小区,2026-08-05 22:00,0.062,5.9,0.35,29.9,正常,0
HZ000865,杭州,西湖区,文新社区,2026-08-04 11:00,0.087,6.3,0.30,30.3,正常,0
HZ000866,杭州,滨江区,白马湖社区,2026-08-01 21:00,0.065,5.2,0.31,30.1,正常,0
HZ000867,杭州,余杭区,未来科技城社区,2026-08-07 02:00,0.013,1.1,0.38,27.2,正常,0
HZ000868,杭州,拱墅区,半山家园,2026-08-07 04:00,0.009,0.8,0.32,30.5,正常,0
HZ000869,杭州,上城区,丁兰社区,2026-08-01 06:00,0.038,3.3,0.28,27.9,正常,0
HZ000870,杭州,萧山区,钱江世纪城社区,2026-08-06 10:00,0.063,6.0,0.31,30.6,正常,0
HZ000871,杭州,钱塘区,江东家园,2026-08-01 02:00,0.025,2.1,0.28,28.7,正常,0
HZ000872,杭州,临平区,星桥社区,2026-08-05 00:00,0.014,1.0,0.33,28.7,正常,0
HZ000873,杭州,西湖区,三墩新天地,2026-08-02 16:00,0.105,10.2,0.32,33.4,正常,0
HZ000874,杭州,滨江区,江南花园,2026-08-05 07:00,0.029,2.3,0.34,27.0,正常,0
HZ000875,杭州,余杭区,未来科技城社区,2026-08-01 21:00,0.057,4.3,0.35,28.6,正常,0
HZ000876,杭州,拱墅区,半山家园,2026-08-05 23:00,0.122,9.1,0.33,29.6,正常,0
HZ000877,杭州,上城区,近江家园,2026-08-03 19:00,0.035,2.2,0.32,29.8,正常,0
HZ000878,杭州,萧山区,北干社区,2026-08-04 17:00,0.128,8.5,0.31,33.3,正常,0
HZ000879,杭州,钱塘区,江东家园,2026-08-01 20:00,0.101,8.8,0.32,30.4,正常,0
HZ000880,杭州,临平区,乔司家园,2026-08-06 06:00,0.038,3.7,0.49,30.2,异常,1
HZ000881,杭州,西湖区,转塘家园,2026-08-03 20:00,0.156,10.1,0.31,30.3,正常,0
HZ000882,杭州,滨江区,江南花园,2026-08-07 06:00,0.068,4.3,0.28,29.3,正常,0
HZ000883,杭州,余杭区,未来科技城社区,2026-08-01 00:00,0.023,2.2,0.39,27.5,正常,0
HZ000884,杭州,拱墅区,湖墅家园,2026-08-05 17:00,0.072,4.5,0.36,30.7,正常,0
HZ000885,杭州,上城区,近江家园,2026-08-03 02:00,0.023,1.5,0.30,30.4,正常,0
HZ000886,杭州,萧山区,钱江世纪城社区,2026-08-06 21:00,0.017,1.1,0.36,29.4,正常,0
HZ000887,杭州,钱塘区,下沙社区,2026-08-02 01:00,0.012,0.7,0.33,30.2,正常,0
HZ000888,杭州,临平区,乔司家园,2026-08-03 02:00,0.008,0.6,0.38,27.4,正常,0
HZ000889,杭州,西湖区,翠苑小区,2026-08-04 03:00,0.009,0.8,0.32,30.9,正常,0
HZ000890,杭州,滨江区,滨康小区,2026-08-01 07:00,0.143,10.3,0.34,28.6,正常,0
HZ000891,杭州,余杭区,未来科技城社区,2026-08-03 11:00,0.127,8.0,0.33,33.2,正常,0
HZ000892,杭州,拱墅区,大关小区,2026-08-03 07:00,0.109,6.9,0.53,27.4,异常,1
HZ000893,杭州,上城区,丁兰社区,2026-08-06 10:00,0.029,2.6,0.34,28.1,正常,0
HZ000894,杭州,萧山区,宁围佳境,2026-08-07 14:00,0.063,5.1,0.37,30.6,正常,0
HZ000895,杭州,钱塘区,下沙社区,2026-08-04 09:00,0.151,9.7,0.31,27.8,正常,0
HZ000896,杭州,临平区,塘栖人家,2026-08-03 07:00,0.137,9.7,0.32,28.3,正常,0
HZ000897,杭州,西湖区,转塘家园,2026-08-02 02:00,0.016,1.3,0.29,28.7,正常,0
HZ000898,杭州,滨江区,滨康小区,2026-08-01 22:00,0.141,10.1,0.34,29.3,正常,0
HZ000899,杭州,余杭区,仓前家园,2026-08-06 08:00,0.046,3.7,0.35,27.3,正常,0
HZ000900,杭州,拱墅区,湖墅家园,2026-08-04 06:00,0.021,2.0,0.16,28.6,异常,1
HZ000901,杭州,上城区,望江新园,2026-08-02 10:00,0.056,5.5,0.30,28.3,正常,0
HZ000902,杭州,萧山区,宁围佳境,2026-08-03 12:00,0.102,7.0,0.37,32.1,正常,0
HZ000903,杭州,钱塘区,河庄新苑,2026-08-05 23:00,0.044,3.7,0.38,28.6,正常,0
HZ000904,杭州,临平区,塘栖人家,2026-08-07 06:00,0.098,8.3,0.30,27.5,正常,0
HZ000905,杭州,西湖区,转塘家园,2026-08-05 17:00,0.052,3.4,0.33,31.9,正常,0
HZ000906,杭州,滨江区,江南花园,2026-08-03 08:00,0.049,3.3,0.37,30.9,正常,0
HZ000907,杭州,余杭区,良渚文化村,2026-08-03 05:00,0.018,1.4,0.31,30.1,正常,0
HZ000908,杭州,拱墅区,湖墅家园,2026-08-04 06:00,0.034,3.2,0.38,27.1,正常,0
HZ000909,杭州,上城区,丁兰社区,2026-08-01 04:00,0.025,1.6,0.32,29.7,正常,0
HZ000910,杭州,萧山区,宁围佳境,2026-08-04 09:00,0.118,9.2,0.28,29.4,正常,0
HZ000911,杭州,钱塘区,大学城北社区,2026-08-05 22:00,0.139,10.4,0.35,28.3,正常,0
HZ000912,杭州,临平区,星桥社区,2026-08-05 12:00,0.131,10.3,0.37,31.3,正常,0
HZ000913,杭州,西湖区,文新社区,2026-08-04 00:00,0.032,2.1,0.31,28.2,正常,0
HZ000914,杭州,滨江区,钱塘春晓,2026-08-05 12:00,0.065,6.3,0.14,30.9,异常,1
HZ000915,杭州,余杭区,闲林山水,2026-08-03 08:00,0.082,6.7,0.32,28.0,正常,0
HZ000916,杭州,拱墅区,湖墅家园,2026-08-06 11:00,0.076,5.3,0.35,31.5,正常,0
HZ000917,杭州,上城区,采荷小区,2026-08-01 12:00,0.125,9.5,0.32,30.1,正常,0
HZ000918,杭州,萧山区,宁围佳境,2026-08-04 04:00,0.028,1.8,0.38,27.9,正常,0
HZ000919,杭州,钱塘区,河庄新苑,2026-08-07 09:00,0.117,8.7,0.32,27.1,正常,0
HZ000920,杭州,临平区,塘栖人家,2026-08-03 15:00,0.111,10.2,0.32,33.5,正常,0
HZ000921,杭州,西湖区,转塘家园,2026-08-04 17:00,0.063,4.8,0.28,30.7,正常,0
HZ000922,杭州,滨江区,江南花园,2026-08-07 10:00,0.045,3.7,0.32,30.8,正常,0
HZ000923,杭州,余杭区,闲林山水,2026-08-07 00:00,0.027,2.0,0.37,27.8,正常,0
HZ000924,杭州,拱墅区,半山家园,2026-08-01 03:00,0.018,1.5,0.38,31.0,正常,0
HZ000925,杭州,上城区,望江新园,2026-08-06 04:00,0.340,23.3,0.32,29.6,异常,1
HZ000926,杭州,萧山区,钱江世纪城社区,2026-08-05 00:00,0.029,1.9,0.39,27.1,正常,0
HZ000927,杭州,钱塘区,江东家园,2026-08-03 14:00,0.035,2.6,0.38,33.2,正常,0
HZ000928,杭州,临平区,星桥社区,2026-08-04 10:00,0.037,3.5,0.37,30.6,正常,0
HZ000929,杭州,西湖区,文新社区,2026-08-01 01:00,0.016,1.6,0.29,27.6,正常,0
HZ000930,杭州,滨江区,滨康小区,2026-08-05 18:00,0.108,6.8,0.38,30.4,正常,0
HZ000931,杭州,余杭区,未来科技城社区,2026-08-07 12:00,0.080,7.7,0.29,30.3,正常,0
HZ000932,杭州,拱墅区,大关小区,2026-08-02 03:00,0.010,0.8,0.34,30.1,正常,0
HZ000933,杭州,上城区,采荷小区,2026-08-06 15:00,0.094,6.4,0.37,32.9,正常,0
HZ000934,杭州,萧山区,宁围佳境,2026-08-05 19:00,0.040,2.9,0.31,27.8,正常,0
HZ000935,杭州,钱塘区,大学城北社区,2026-08-02 16:00,0.054,4.7,0.34,31.5,正常,0
HZ000936,杭州,临平区,塘栖人家,2026-08-07 22:00,0.011,0.8,0.30,27.7,正常,0
HZ000937,杭州,西湖区,翠苑小区,2026-08-02 19:00,0.072,6.4,0.31,28.7,正常,0
HZ000938,杭州,滨江区,江南花园,2026-08-02 10:00,0.084,7.2,0.34,30.5,正常,0
HZ000939,杭州,余杭区,良渚文化村,2026-08-05 12:00,0.042,2.9,0.33,31.7,正常,0
HZ000940,杭州,拱墅区,大关小区,2026-08-04 09:00,0.153,10.0,0.33,30.1,正常,0
HZ000941,杭州,上城区,丁兰社区,2026-08-02 04:00,0.003,0.2,0.31,27.2,正常,0
HZ000942,杭州,萧山区,宁围佳境,2026-08-05 05:00,0.027,1.8,0.39,29.4,正常,0
HZ000943,杭州,钱塘区,河庄新苑,2026-08-06 06:00,0.143,9.1,0.37,28.0,正常,0
HZ000944,杭州,临平区,乔司家园,2026-08-02 08:00,0.094,8.8,0.39,30.3,正常,0
HZ000945,杭州,西湖区,文新社区,2026-08-01 20:00,0.077,6.1,0.29,27.3,正常,0
HZ000946,杭州,滨江区,江南花园,2026-08-05 23:00,0.090,5.8,0.32,29.0,正常,0
HZ000947,杭州,余杭区,闲林山水,2026-08-04 10:00,0.077,5.7,0.32,28.4,正常,0
HZ000948,杭州,拱墅区,运河新城社区,2026-08-04 04:00,0.007,0.6,0.35,27.6,正常,0
HZ000949,杭州,上城区,丁兰社区,2026-08-03 06:00,0.043,3.5,0.37,27.8,正常,0
HZ000950,杭州,萧山区,湘湖家园,2026-08-01 19:00,0.131,9.6,0.28,28.7,正常,0
HZ000951,杭州,钱塘区,江东家园,2026-08-02 13:00,0.049,3.8,0.34,33.4,正常,0
HZ000952,杭州,临平区,星桥社区,2026-08-06 02:00,0.029,1.8,0.39,30.3,正常,0
HZ000953,杭州,西湖区,三墩新天地,2026-08-04 09:00,0.029,2.0,0.28,29.8,正常,0
HZ000954,杭州,滨江区,滨康小区,2026-08-01 01:00,0.030,2.1,0.30,28.7,正常,0
HZ000955,杭州,余杭区,仓前家园,2026-08-07 07:00,0.092,7.5,0.29,30.2,正常,0
HZ000956,杭州,拱墅区,大关小区,2026-08-04 04:00,0.014,1.4,0.36,28.8,正常,0
HZ000957,杭州,上城区,丁兰社区,2026-08-06 12:00,0.130,9.5,0.32,30.4,正常,0
HZ000958,杭州,萧山区,北干社区,2026-08-05 06:00,0.076,7.4,0.35,27.8,正常,0
HZ000959,杭州,钱塘区,江东家园,2026-08-03 12:00,0.074,5.2,0.38,32.2,正常,0
HZ000960,杭州,临平区,塘栖人家,2026-08-04 14:00,0.009,0.8,0.33,33.3,正常,0
HZ000961,杭州,西湖区,文新社区,2026-08-07 11:00,0.089,7.2,0.29,33.2,正常,0
HZ000962,杭州,滨江区,江南花园,2026-08-01 20:00,0.076,6.7,0.37,29.9,正常,0
HZ000963,杭州,余杭区,未来科技城社区,2026-08-04 22:00,0.114,8.1,0.38,31.0,正常,0
HZ000964,杭州,拱墅区,湖墅家园,2026-08-02 14:00,0.112,8.5,0.37,31.8,正常,0
HZ000965,杭州,上城区,丁兰社区,2026-08-02 00:00,0.022,2.0,0.32,29.5,正常,0
HZ000966,杭州,萧山区,北干社区,2026-08-02 23:00,0.109,9.7,0.35,30.2,正常,0
HZ000967,杭州,钱塘区,大学城北社区,2026-08-07 22:00,0.134,8.5,0.38,28.1,正常,0
HZ000968,杭州,临平区,星桥社区,2026-08-07 13:00,0.060,4.1,0.28,31.2,正常,0
HZ000969,杭州,西湖区,翠苑小区,2026-08-04 01:00,0.005,0.4,0.32,29.7,正常,0
HZ000970,杭州,滨江区,白马湖社区,2026-08-04 04:00,0.006,0.4,0.36,30.8,正常,0
HZ000971,杭州,余杭区,仓前家园,2026-08-01 15:00,0.052,5.2,0.36,30.3,正常,0
HZ000972,杭州,拱墅区,运河新城社区,2026-08-01 18:00,0.078,5.8,0.34,28.6,正常,0
HZ000973,杭州,上城区,望江新园,2026-08-05 23:00,0.038,3.1,0.38,27.3,正常,0
HZ000974,杭州,萧山区,北干社区,2026-08-03 02:00,0.025,1.8,0.38,30.3,正常,0
HZ000975,杭州,钱塘区,下沙社区,2026-08-06 03:00,0.023,1.4,0.36,28.3,正常,0
HZ000976,杭州,临平区,塘栖人家,2026-08-01 07:00,0.069,6.7,0.39,30.2,正常,0
HZ000977,杭州,西湖区,文新社区,2026-08-01 14:00,0.042,3.4,0.32,33.5,正常,0
HZ000978,杭州,滨江区,滨康小区,2026-08-07 22:00,0.011,0.7,0.33,28.7,正常,0
HZ000979,杭州,余杭区,仓前家园,2026-08-06 09:00,0.060,3.8,0.29,30.4,正常,0
HZ000980,杭州,拱墅区,大关小区,2026-08-02 01:00,0.025,1.6,0.48,27.9,异常,1
HZ000981,杭州,上城区,近江家园,2026-08-05 16:00,0.074,4.7,0.31,30.0,正常,0
HZ000982,杭州,萧山区,北干社区,2026-08-07 14:00,0.102,7.5,0.30,32.7,正常,0
HZ000983,杭州,钱塘区,河庄新苑,2026-08-02 11:00,0.050,3.2,0.37,32.9,正常,0
HZ000984,杭州,临平区,星桥社区,2026-08-07 18:00,0.089,8.3,0.39,29.9,正常,0
HZ000985,杭州,西湖区,翠苑小区,2026-08-05 06:00,0.075,7.2,0.37,29.0,正常,0
HZ000986,杭州,滨江区,江南花园,2026-08-05 04:00,0.028,2.3,0.32,27.7,正常,0
HZ000987,杭州,余杭区,闲林山水,2026-08-04 02:00,0.005,0.4,0.32,28.5,正常,0
HZ000988,杭州,拱墅区,半山家园,2026-08-01 07:00,0.139,10.3,0.34,29.3,正常,0
HZ000989,杭州,上城区,采荷小区,2026-08-02 11:00,0.261,13.7,0.36,30.5,异常,1
HZ000990,杭州,萧山区,钱江世纪城社区,2026-08-04 12:00,0.041,4.0,0.30,30.3,正常,0
HZ000991,杭州,钱塘区,江东家园,2026-08-02 08:00,0.103,6.7,0.29,30.6,正常,0
HZ000992,杭州,临平区,乔司家园,2026-08-04 04:00,0.004,0.3,0.36,27.5,正常,0
HZ000993,杭州,西湖区,转塘家园,2026-08-04 15:00,0.033,2.3,0.31,30.0,正常,0
HZ000994,杭州,滨江区,江南花园,2026-08-01 09:00,0.150,9.7,0.38,30.3,正常,0
HZ000995,杭州,余杭区,仓前家园,2026-08-01 19:00,0.127,8.3,0.35,28.8,正常,0
HZ000996,杭州,拱墅区,大关小区,2026-08-02 19:00,0.110,8.8,0.28,28.5,正常,0
HZ000997,杭州,上城区,丁兰社区,2026-08-02 18:00,0.123,8.0,0.33,29.6,正常,0
HZ000998,杭州,萧山区,宁围佳境,2026-08-01 12:00,0.031,3.1,0.37,34.0,正常,0
HZ000999,杭州,钱塘区,大学城北社区,2026-08-02 18:00,0.050,3.5,0.30,28.5,正常,0
HZ001000,杭州,临平区,乔司家园,2026-08-05 05:00,0.005,0.4,0.38,29.4,正常,0
HZ001001,杭州,西湖区,三墩新天地,2026-08-01 11:00,0.106,8.7,0.35,31.2,正常,0
HZ001002,杭州,滨江区,滨康小区,2026-08-01 18:00,0.064,5.6,0.37,27.8,正常,0
HZ001003,杭州,余杭区,良渚文化村,2026-08-05 14:00,0.027,2.4,0.34,33.1,正常,0
HZ001004,杭州,拱墅区,大关小区,2026-08-02 03:00,0.014,0.9,0.29,30.6,正常,0
HZ001005,杭州,上城区,丁兰社区,2026-08-06 22:00,0.055,4.6,0.37,29.9,正常,0
HZ001006,杭州,萧山区,钱江世纪城社区,2026-08-02 15:00,0.008,0.7,0.34,32.8,正常,0
HZ001007,杭州,钱塘区,江东家园,2026-08-04 18:00,0.029,2.1,0.35,30.2,正常,0
HZ001008,杭州,临平区,南苑小区,2026-08-02 08:00,0.058,5.5,0.32,27.6,正常,0
HZ001009,杭州,西湖区,文新社区,2026-08-04 21:00,0.135,9.3,0.31,28.1,正常,0
HZ001010,杭州,滨江区,滨康小区,2026-08-05 01:00,0.023,1.5,0.28,28.8,正常,0
HZ001011,杭州,余杭区,良渚文化村,2026-08-03 17:00,0.055,5.0,0.37,31.4,正常,0
HZ001012,杭州,拱墅区,大关小区,2026-08-05 12:00,0.090,7.1,0.31,30.1,正常,0
HZ001013,杭州,上城区,近江家园,2026-08-05 15:00,0.079,6.6,0.35,32.2,正常,0
HZ001014,杭州,萧山区,北干社区,2026-08-04 09:00,0.065,5.3,0.33,28.4,正常,0
HZ001015,杭州,钱塘区,江东家园,2026-08-02 06:00,0.070,6.9,0.30,30.9,正常,0
HZ001016,杭州,临平区,乔司家园,2026-08-06 17:00,0.111,7.7,0.38,31.8,正常,0
HZ001017,杭州,西湖区,转塘家园,2026-08-05 12:00,0.040,3.0,0.32,33.9,正常,0
HZ001018,杭州,滨江区,钱塘春晓,2026-08-02 06:00,0.124,9.3,0.38,29.2,正常,0
HZ001019,杭州,余杭区,仓前家园,2026-08-05 16:00,0.019,1.5,0.30,33.0,正常,0
HZ001020,杭州,拱墅区,湖墅家园,2026-08-05 05:00,0.004,0.4,0.31,29.9,正常,0
HZ001021,杭州,上城区,近江家园,2026-08-04 15:00,0.158,10.1,0.38,31.1,正常,0
HZ001022,杭州,萧山区,北干社区,2026-08-01 10:00,0.107,8.3,0.30,30.1,正常,0
HZ001023,杭州,钱塘区,大学城北社区,2026-08-05 23:00,0.051,3.8,0.30,27.1,正常,0
HZ001024,杭州,临平区,南苑小区,2026-08-02 17:00,0.036,3.1,0.35,30.3,正常,0
HZ001025,杭州,西湖区,翠苑小区,2026-08-04 08:00,0.058,5.4,0.36,28.8,正常,0
HZ001026,杭州,滨江区,江南花园,2026-08-04 08:00,0.052,3.6,0.28,29.8,正常,0
HZ001027,杭州,余杭区,良渚文化村,2026-08-05 14:00,0.032,2.4,0.32,32.6,正常,0
HZ001028,杭州,拱墅区,大关小区,2026-08-06 00:00,0.028,1.8,0.35,30.6,正常,0
HZ001029,杭州,上城区,采荷小区,2026-08-04 20:00,0.164,12.5,0.32,28.3,异常,1
HZ001030,杭州,萧山区,钱江世纪城社区,2026-08-06 22:00,0.095,7.1,0.37,30.2,正常,0
HZ001031,杭州,钱塘区,河庄新苑,2026-08-03 03:00,0.030,1.9,0.31,29.4,正常,0
HZ001032,杭州,临平区,南苑小区,2026-08-05 11:00,0.136,10.2,0.32,31.4,正常,0
HZ001033,杭州,西湖区,转塘家园,2026-08-06 15:00,0.031,2.4,0.38,30.2,正常,0
HZ001034,杭州,滨江区,钱塘春晓,2026-08-04 07:00,0.059,4.5,0.35,30.8,正常,0
HZ001035,杭州,余杭区,良渚文化村,2026-08-02 08:00,0.057,4.4,0.34,29.5,正常,0
HZ001036,杭州,拱墅区,运河新城社区,2026-08-05 18:00,0.067,5.1,0.29,30.6,正常,0
HZ001037,杭州,上城区,采荷小区,2026-08-05 12:00,0.047,4.3,0.30,30.1,正常,0
HZ001038,杭州,萧山区,湘湖家园,2026-08-02 02:00,0.002,0.2,0.35,30.7,正常,0
HZ001039,杭州,钱塘区,大学城北社区,2026-08-02 13:00,0.026,2.5,0.32,32.3,正常,0
HZ001040,杭州,临平区,星桥社区,2026-08-03 13:00,0.044,3.2,0.32,31.7,正常,0
HZ001041,杭州,西湖区,翠苑小区,2026-08-07 13:00,0.038,3.4,0.30,32.9,正常,0
HZ001042,杭州,滨江区,钱塘春晓,2026-08-06 07:00,0.023,1.9,0.32,28.2,正常,0
HZ001043,杭州,余杭区,良渚文化村,2026-08-01 04:00,0.021,2.0,0.34,27.3,正常,0
HZ001044,杭州,拱墅区,湖墅家园,2026-08-03 18:00,0.078,5.1,0.30,28.5,正常,0
HZ001045,杭州,上城区,采荷小区,2026-08-01 11:00,0.089,5.6,0.35,31.4,正常,0
HZ001046,杭州,萧山区,北干社区,2026-08-01 12:00,0.094,8.3,0.38,30.2,正常,0
HZ001047,杭州,钱塘区,下沙社区,2026-08-06 03:00,0.005,0.4,0.29,29.3,正常,0
HZ001048,杭州,临平区,塘栖人家,2026-08-02 16:00,0.011,0.9,0.33,31.5,正常,0
HZ001049,杭州,西湖区,转塘家园,2026-08-02 04:00,0.015,1.0,0.36,29.9,正常,0
HZ001050,杭州,滨江区,滨康小区,2026-08-04 16:00,0.068,6.7,0.32,31.2,正常,0
HZ001051,杭州,余杭区,未来科技城社区,2026-08-03 13:00,0.102,8.9,0.33,30.8,正常,0
HZ001052,杭州,拱墅区,半山家园,2026-08-05 09:00,0.134,9.6,0.34,28.0,正常,0
HZ001053,杭州,上城区,望江新园,2026-08-01 05:00,0.004,0.3,0.30,27.8,正常,0
HZ001054,杭州,萧山区,钱江世纪城社区,2026-08-07 09:00,0.048,4.4,0.30,28.2,正常,0
HZ001055,杭州,钱塘区,河庄新苑,2026-08-06 09:00,0.015,1.2,0.34,30.8,正常,0
HZ001056,杭州,临平区,南苑小区,2026-08-01 03:00,0.021,1.8,0.52,27.6,异常,1
HZ001057,杭州,西湖区,文新社区,2026-08-07 17:00,0.068,4.5,0.28,30.8,正常,0
HZ001058,杭州,滨江区,滨康小区,2026-08-05 19:00,0.087,8.3,0.37,27.5,正常,0
HZ001059,杭州,余杭区,仓前家园,2026-08-06 13:00,0.109,8.0,0.37,31.0,正常,0
HZ001060,杭州,拱墅区,大关小区,2026-08-02 19:00,0.070,4.8,0.39,30.7,正常,0
HZ001061,杭州,上城区,丁兰社区,2026-08-07 12:00,0.238,18.2,0.38,31.5,异常,1
HZ001062,杭州,萧山区,宁围佳境,2026-08-05 20:00,0.128,8.1,0.29,29.6,正常,0
HZ001063,杭州,钱塘区,江东家园,2026-08-01 19:00,0.045,4.2,0.39,27.0,正常,0
HZ001064,杭州,临平区,乔司家园,2026-08-04 22:00,0.106,6.8,0.39,28.2,正常,0
HZ001065,杭州,西湖区,翠苑小区,2026-08-05 23:00,0.070,5.7,0.36,29.1,正常,0
HZ001066,杭州,滨江区,白马湖社区,2026-08-07 19:00,0.130,8.2,0.34,30.5,正常,0
HZ001067,杭州,余杭区,闲林山水,2026-08-05 04:00,0.022,2.0,0.34,30.7,正常,0
HZ001068,杭州,拱墅区,大关小区,2026-08-01 03:00,0.029,2.3,0.28,27.7,正常,0
HZ001069,杭州,上城区,采荷小区,2026-08-05 15:00,0.094,8.6,0.36,32.7,正常,0
HZ001070,杭州,萧山区,钱江世纪城社区,2026-08-06 15:00,0.121,7.8,0.36,33.1,正常,0
HZ001071,杭州,钱塘区,下沙社区,2026-08-06 20:00,0.097,8.4,0.38,30.3,正常,0
HZ001072,杭州,临平区,塘栖人家,2026-08-01 11:00,0.080,5.5,0.39,30.7,正常,0
HZ001073,杭州,西湖区,三墩新天地,2026-08-07 01:00,0.003,0.2,0.33,27.4,正常,0
HZ001074,杭州,滨江区,白马湖社区,2026-08-02 07:00,0.011,0.8,0.30,30.4,正常,0
HZ001075,杭州,余杭区,仓前家园,2026-08-03 20:00,0.141,9.6,0.32,30.7,正常,0
HZ001076,杭州,拱墅区,半山家园,2026-08-04 08:00,0.128,10.1,0.32,30.9,正常,0
HZ001077,杭州,上城区,采荷小区,2026-08-05 21:00,0.087,6.2,0.36,28.6,正常,0
HZ001078,杭州,萧山区,钱江世纪城社区,2026-08-04 04:00,0.007,0.6,0.30,28.9,正常,0
HZ001079,杭州,钱塘区,大学城北社区,2026-08-03 08:00,0.108,9.6,0.37,27.9,正常,0
HZ001080,杭州,临平区,塘栖人家,2026-08-03 16:00,0.145,10.5,0.29,33.5,正常,0
HZ001081,杭州,西湖区,翠苑小区,2026-08-01 06:00,0.071,4.8,0.37,28.8,正常,0
HZ001082,杭州,滨江区,钱塘春晓,2026-08-04 20:00,0.091,9.1,0.37,30.6,正常,0
HZ001083,杭州,余杭区,未来科技城社区,2026-08-03 06:00,0.045,4.1,0.37,29.9,正常,0
HZ001084,杭州,拱墅区,运河新城社区,2026-08-06 12:00,0.039,2.7,0.39,31.7,正常,0
HZ001085,杭州,上城区,丁兰社区,2026-08-04 14:00,0.327,21.9,0.28,33.8,异常,1
HZ001086,杭州,萧山区,湘湖家园,2026-08-07 00:00,0.023,2.2,0.35,29.1,正常,0
HZ001087,杭州,钱塘区,河庄新苑,2026-08-04 04:00,0.018,1.2,0.35,27.9,正常,0
HZ001088,杭州,临平区,星桥社区,2026-08-03 13:00,0.025,2.3,0.31,31.2,正常,0
HZ001089,杭州,西湖区,翠苑小区,2026-08-04 10:00,0.027,2.1,0.38,27.6,正常,0
HZ001090,杭州,滨江区,白马湖社区,2026-08-03 10:00,0.013,0.9,0.28,30.6,正常,0
HZ001091,杭州,余杭区,闲林山水,2026-08-02 08:00,0.111,9.8,0.36,28.6,正常,0
HZ001092,杭州,拱墅区,湖墅家园,2026-08-06 11:00,0.038,3.2,0.30,32.2,正常,0
HZ001093,杭州,上城区,丁兰社区,2026-08-05 09:00,0.115,9.4,0.29,30.7,正常,0
HZ001094,杭州,萧山区,宁围佳境,2026-08-02 10:00,0.113,9.1,0.30,27.6,正常,0
HZ001095,杭州,钱塘区,江东家园,2026-08-07 02:00,0.017,1.4,0.35,30.9,正常,0
HZ001096,杭州,临平区,星桥社区,2026-08-01 19:00,0.097,6.2,0.37,28.0,正常,0
HZ001097,杭州,西湖区,文新社区,2026-08-06 18:00,0.098,6.3,0.38,27.1,正常,0
HZ001098,杭州,滨江区,钱塘春晓,2026-08-04 12:00,0.013,1.1,0.30,30.7,正常,0
HZ001099,杭州,余杭区,良渚文化村,2026-08-05 06:00,0.135,8.7,0.29,28.1,正常,0
HZ001100,杭州,拱墅区,运河新城社区,2026-08-07 19:00,0.091,8.1,0.29,30.4,正常,0
HZ001101,杭州,上城区,采荷小区,2026-08-06 04:00,0.012,1.1,0.37,30.0,正常,0
HZ001102,杭州,萧山区,钱江世纪城社区,2026-08-03 07:00,0.012,1.0,0.35,27.2,正常,0
HZ001103,杭州,钱塘区,江东家园,2026-08-03 23:00,0.050,4.1,0.32,28.3,正常,0
HZ001104,杭州,临平区,星桥社区,2026-08-05 11:00,0.079,7.8,0.30,30.9,正常,0
HZ001105,杭州,西湖区,转塘家园,2026-08-06 03:00,0.030,2.2,0.30,30.6,正常,0
HZ001106,杭州,滨江区,白马湖社区,2026-08-01 08:00,0.084,5.8,0.33,30.0,正常,0
HZ001107,杭州,余杭区,闲林山水,2026-08-04 20:00,0.086,8.2,0.31,29.3,正常,0
HZ001108,杭州,拱墅区,大关小区,2026-08-07 11:00,0.124,9.1,0.32,31.3,正常,0
HZ001109,杭州,上城区,近江家园,2026-08-04 00:00,0.018,1.3,0.34,29.2,正常,0
HZ001110,杭州,萧山区,北干社区,2026-08-01 22:00,0.121,10.4,0.39,28.0,正常,0
HZ001111,杭州,钱塘区,江东家园,2026-08-06 22:00,0.090,6.0,0.36,27.2,正常,0
HZ001112,杭州,临平区,乔司家园,2026-08-04 04:00,0.020,1.3,0.35,28.7,正常,0
HZ001113,杭州,西湖区,翠苑小区,2026-08-04 02:00,0.026,1.8,0.30,30.2,正常,0
HZ001114,杭州,滨江区,滨康小区,2026-08-04 14:00,0.093,8.0,0.37,30.7,正常,0
HZ001115,杭州,余杭区,仓前家园,2026-08-02 20:00,0.024,1.6,0.30,28.4,正常,0
HZ001116,杭州,拱墅区,大关小区,2026-08-05 08:00,0.017,1.7,0.47,30.3,异常,1
HZ001117,杭州,上城区,丁兰社区,2026-08-07 15:00,0.062,4.5,0.33,32.2,正常,0
HZ001118,杭州,萧山区,北干社区,2026-08-04 09:00,0.041,3.6,0.28,28.4,正常,0
HZ001119,杭州,钱塘区,江东家园,2026-08-05 20:00,0.044,3.1,0.29,27.2,正常,0
HZ001120,杭州,临平区,塘栖人家,2026-08-07 03:00,0.023,2.1,0.39,27.8,正常,0
HZ001121,杭州,西湖区,翠苑小区,2026-08-07 19:00,0.052,3.5,0.37,29.1,正常,0
HZ001122,杭州,滨江区,江南花园,2026-08-05 19:00,0.132,8.6,0.29,30.3,正常,0
HZ001123,杭州,余杭区,未来科技城社区,2026-08-07 04:00,0.004,0.3,0.33,29.4,正常,0
HZ001124,杭州,拱墅区,大关小区,2026-08-06 05:00,0.001,0.1,0.48,30.9,异常,1
HZ001125,杭州,上城区,丁兰社区,2026-08-06 01:00,0.022,1.5,0.32,27.2,正常,0
HZ001126,杭州,萧山区,北干社区,2026-08-01 05:00,0.026,2.2,0.38,27.5,正常,0
HZ001127,杭州,钱塘区,下沙社区,2026-08-01 12:00,0.055,5.5,0.36,33.1,正常,0
HZ001128,杭州,临平区,乔司家园,2026-08-01 22:00,0.086,5.6,0.37,29.5,正常,0
HZ001129,杭州,西湖区,翠苑小区,2026-08-05 11:00,0.101,9.6,0.37,33.3,正常,0
HZ001130,杭州,滨江区,钱塘春晓,2026-08-05 13:00,0.130,8.8,0.38,32.7,正常,0
HZ001131,杭州,余杭区,闲林山水,2026-08-07 19:00,0.096,9.2,0.36,30.9,正常,0
HZ001132,杭州,拱墅区,半山家园,2026-08-05 01:00,0.016,1.1,0.32,30.9,正常,0
HZ001133,杭州,上城区,丁兰社区,2026-08-05 00:00,0.002,0.2,0.29,30.9,正常,0
HZ001134,杭州,萧山区,宁围佳境,2026-08-05 01:00,0.003,0.2,0.38,30.0,正常,0
HZ001135,杭州,钱塘区,河庄新苑,2026-08-02 20:00,0.060,5.1,0.29,29.7,正常,0
HZ001136,杭州,临平区,乔司家园,2026-08-03 04:00,0.016,1.0,0.38,30.5,正常,0
HZ001137,杭州,西湖区,转塘家园,2026-08-04 16:00,0.022,1.6,0.35,30.2,正常,0
HZ001138,杭州,滨江区,江南花园,2026-08-04 16:00,0.102,6.7,0.34,32.2,正常,0
HZ001139,杭州,余杭区,未来科技城社区,2026-08-04 17:00,0.012,1.0,0.28,30.5,正常,0
HZ001140,杭州,拱墅区,大关小区,2026-08-02 21:00,0.051,3.5,0.18,27.6,异常,1
HZ001141,杭州,上城区,采荷小区,2026-08-03 03:00,0.010,0.7,0.29,29.9,正常,0
HZ001142,杭州,萧山区,湘湖家园,2026-08-05 12:00,0.143,9.8,0.34,30.2,正常,0
HZ001143,杭州,钱塘区,大学城北社区,2026-08-03 17:00,0.023,2.3,0.28,31.9,正常,0
HZ001144,杭州,临平区,南苑小区,2026-08-05 07:00,0.026,1.6,0.29,29.9,正常,0
HZ001145,杭州,西湖区,文新社区,2026-08-03 02:00,0.007,0.6,0.29,27.8,正常,0
HZ001146,杭州,滨江区,钱塘春晓,2026-08-06 00:00,0.029,2.2,0.50,28.3,异常,1
HZ001147,杭州,余杭区,未来科技城社区,2026-08-02 11:00,0.059,5.1,0.36,32.5,正常,0
HZ001148,杭州,拱墅区,半山家园,2026-08-03 06:00,0.041,4.0,0.37,30.1,正常,0
HZ001149,杭州,上城区,近江家园,2026-08-02 08:00,0.125,9.7,0.28,30.0,正常,0
HZ001150,杭州,萧山区,钱江世纪城社区,2026-08-02 15:00,0.034,2.4,0.35,31.7,正常,0
HZ001151,杭州,钱塘区,大学城北社区,2026-08-03 01:00,0.008,0.7,0.29,27.5,正常,0
HZ001152,杭州,临平区,乔司家园,2026-08-03 09:00,0.075,6.6,0.34,27.6,正常,0
HZ001153,杭州,西湖区,转塘家园,2026-08-07 20:00,0.085,8.1,0.31,28.8,正常,0
HZ001154,杭州,滨江区,白马湖社区,2026-08-04 16:00,0.032,3.1,0.29,30.8,正常,0
HZ001155,杭州,余杭区,良渚文化村,2026-08-04 18:00,0.062,5.4,0.33,30.9,正常,0
HZ001156,杭州,拱墅区,半山家园,2026-08-07 06:00,0.068,5.0,0.32,29.4,正常,0
HZ001157,杭州,上城区,望江新园,2026-08-06 07:00,0.104,8.9,0.35,30.6,正常,0
HZ001158,杭州,萧山区,北干社区,2026-08-02 12:00,0.067,4.8,0.32,31.9,正常,0
HZ001159,杭州,钱塘区,江东家园,2026-08-05 04:00,0.010,1.0,0.32,27.2,正常,0
HZ001160,杭州,临平区,南苑小区,2026-08-07 11:00,0.071,5.2,0.36,31.0,正常,0
HZ001161,杭州,西湖区,文新社区,2026-08-01 03:00,0.029,2.1,0.38,29.1,正常,0
HZ001162,杭州,滨江区,白马湖社区,2026-08-04 13:00,0.046,3.3,0.16,32.4,异常,1
HZ001163,杭州,余杭区,闲林山水,2026-08-01 06:00,0.135,9.8,0.36,28.2,正常,0
HZ001164,杭州,拱墅区,运河新城社区,2026-08-03 08:00,0.107,7.1,0.30,29.6,正常,0
HZ001165,杭州,上城区,丁兰社区,2026-08-01 06:00,0.027,2.1,0.29,30.7,正常,0
HZ001166,杭州,萧山区,宁围佳境,2026-08-02 14:00,0.074,5.3,0.39,31.8,正常,0
HZ001167,杭州,钱塘区,河庄新苑,2026-08-07 02:00,0.017,1.6,0.38,27.8,正常,0
HZ001168,杭州,临平区,星桥社区,2026-08-03 23:00,0.068,4.4,0.37,28.0,正常,0
HZ001169,杭州,西湖区,文新社区,2026-08-03 08:00,0.085,7.5,0.39,30.0,正常,0
HZ001170,杭州,滨江区,白马湖社区,2026-08-04 04:00,0.026,2.1,0.29,27.4,正常,0
HZ001171,杭州,余杭区,良渚文化村,2026-08-06 11:00,0.354,21.8,0.35,30.6,异常,1
HZ001172,杭州,拱墅区,湖墅家园,2026-08-07 04:00,0.004,0.3,0.34,28.8,正常,0
HZ001173,杭州,上城区,采荷小区,2026-08-03 05:00,0.020,1.9,0.34,28.0,正常,0
HZ001174,杭州,萧山区,北干社区,2026-08-04 02:00,0.017,1.4,0.33,30.8,正常,0
HZ001175,杭州,钱塘区,江东家园,2026-08-06 20:00,0.240,19.8,0.35,27.9,异常,1
HZ001176,杭州,临平区,乔司家园,2026-08-06 00:00,0.012,1.1,0.35,29.0,正常,0
HZ001177,杭州,西湖区,转塘家园,2026-08-01 05:00,0.002,0.2,0.35,28.0,正常,0
HZ001178,杭州,滨江区,滨康小区,2026-08-07 03:00,0.024,2.2,0.33,30.0,正常,0
HZ001179,杭州,余杭区,仓前家园,2026-08-04 05:00,0.005,0.3,0.31,29.9,正常,0
HZ001180,杭州,拱墅区,运河新城社区,2026-08-01 13:00,0.031,2.9,0.37,33.6,正常,0
HZ001181,杭州,上城区,近江家园,2026-08-05 08:00,0.046,3.2,0.30,29.4,正常,0
HZ001182,杭州,萧山区,北干社区,2026-08-06 10:00,0.103,9.9,0.32,28.3,正常,0
HZ001183,杭州,钱塘区,大学城北社区,2026-08-01 01:00,0.028,1.8,0.35,30.5,正常,0
HZ001184,杭州,临平区,塘栖人家,2026-08-02 21:00,0.090,7.8,0.36,29.7,正常,0
HZ001185,杭州,西湖区,文新社区,2026-08-06 01:00,0.022,1.8,0.36,29.9,正常,0
HZ001186,杭州,滨江区,滨康小区,2026-08-03 14:00,0.075,6.2,0.33,31.9,正常,0
HZ001187,杭州,余杭区,仓前家园,2026-08-06 21:00,0.107,8.8,0.31,30.9,正常,0
HZ001188,杭州,拱墅区,运河新城社区,2026-08-07 17:00,0.090,6.3,0.32,32.4,正常,0
HZ001189,杭州,上城区,丁兰社区,2026-08-05 19:00,0.012,0.8,0.32,29.7,正常,0
HZ001190,杭州,萧山区,北干社区,2026-08-03 01:00,0.015,1.0,0.33,30.1,正常,0
HZ001191,杭州,钱塘区,大学城北社区,2026-08-03 00:00,0.029,1.9,0.30,30.0,正常,0
HZ001192,杭州,临平区,塘栖人家,2026-08-02 16:00,0.032,2.1,0.38,33.7,正常,0
HZ001193,杭州,西湖区,文新社区,2026-08-01 13:00,0.098,9.2,0.30,33.0,正常,0
HZ001194,杭州,滨江区,江南花园,2026-08-07 09:00,0.093,6.5,0.30,28.8,正常,0
HZ001195,杭州,余杭区,良渚文化村,2026-08-05 14:00,0.095,7.8,0.38,31.1,正常,0
HZ001196,杭州,拱墅区,大关小区,2026-08-02 23:00,0.049,4.2,0.30,27.1,正常,0
HZ001197,杭州,上城区,望江新园,2026-08-01 12:00,0.100,6.8,0.30,34.0,正常,0
HZ001198,杭州,萧山区,湘湖家园,2026-08-06 15:00,0.135,8.8,0.47,31.6,异常,1
HZ001199,杭州,钱塘区,下沙社区,2026-08-02 06:00,0.120,8.0,0.33,27.4,正常,0
HZ001200,杭州,临平区,乔司家园,2026-08-01 13:00,0.107,9.3,0.34,31.6,正常,0
HZ001201,杭州,西湖区,文新社区,2026-08-06 00:00,0.017,1.2,0.34,28.1,正常,0
HZ001202,杭州,滨江区,江南花园,2026-08-03 20:00,0.053,4.5,0.33,27.9,正常,0
HZ001203,杭州,余杭区,闲林山水,2026-08-07 12:00,0.106,9.3,0.37,31.5,正常,0
HZ001204,杭州,拱墅区,半山家园,2026-08-03 04:00,0.028,1.9,0.32,30.1,正常,0
HZ001205,杭州,上城区,望江新园,2026-08-06 11:00,0.044,2.9,0.35,33.9,正常,0
HZ001206,杭州,萧山区,北干社区,2026-08-07 09:00,0.051,3.4,0.33,30.5,正常,0
HZ001207,杭州,钱塘区,下沙社区,2026-08-04 03:00,0.012,0.9,0.29,27.9,正常,0
HZ001208,杭州,临平区,南苑小区,2026-08-06 12:00,0.031,2.0,0.38,30.6,正常,0
HZ001209,杭州,西湖区,翠苑小区,2026-08-04 10:00,0.035,2.9,0.29,28.8,正常,0
HZ001210,杭州,滨江区,滨康小区,2026-08-01 00:00,0.033,2.1,0.36,31.0,正常,0
HZ001211,杭州,余杭区,闲林山水,2026-08-02 11:00,0.287,14.4,0.32,31.0,异常,1
HZ001212,杭州,拱墅区,大关小区,2026-08-03 19:00,0.098,9.1,0.34,29.2,正常,0
HZ001213,杭州,上城区,近江家园,2026-08-07 07:00,0.127,8.1,0.34,27.1,正常,0
HZ001214,杭州,萧山区,钱江世纪城社区,2026-08-01 11:00,0.088,6.3,0.38,32.9,正常,0
HZ001215,杭州,钱塘区,河庄新苑,2026-08-05 22:00,0.034,2.7,0.37,28.5,正常,0
HZ001216,杭州,临平区,塘栖人家,2026-08-02 19:00,0.049,4.2,0.36,29.0,正常,0
HZ001217,杭州,西湖区,翠苑小区,2026-08-04 11:00,0.080,7.3,0.35,31.7,正常,0
HZ001218,杭州,滨江区,白马湖社区,2026-08-04 19:00,0.043,3.0,0.32,30.8,正常,0
HZ001219,杭州,余杭区,仓前家园,2026-08-03 23:00,0.072,6.0,0.34,28.3,正常,0
HZ001220,杭州,拱墅区,半山家园,2026-08-04 10:00,0.084,5.5,0.38,29.4,正常,0
HZ001221,杭州,上城区,丁兰社区,2026-08-07 21:00,0.102,9.8,0.32,30.2,正常,0
HZ001222,杭州,萧山区,宁围佳境,2026-08-01 04:00,0.014,1.1,0.29,30.7,正常,0
HZ001223,杭州,钱塘区,江东家园,2026-08-05 08:00,0.127,8.1,0.29,29.4,正常,0
HZ001224,杭州,临平区,星桥社区,2026-08-03 22:00,0.038,3.3,0.30,28.6,正常,0
HZ001225,杭州,西湖区,翠苑小区,2026-08-07 06:00,0.066,4.5,0.35,28.1,正常,0
HZ001226,杭州,滨江区,钱塘春晓,2026-08-07 20:00,0.144,9.6,0.32,27.8,正常,0
HZ001227,杭州,余杭区,闲林山水,2026-08-02 03:00,0.013,1.2,0.36,28.6,正常,0
HZ001228,杭州,拱墅区,湖墅家园,2026-08-07 16:00,0.016,1.2,0.37,33.2,正常,0
HZ001229,杭州,上城区,望江新园,2026-08-05 15:00,0.086,6.6,0.33,32.5,正常,0
HZ001230,杭州,萧山区,钱江世纪城社区,2026-08-02 16:00,0.046,3.6,0.31,32.6,正常,0
HZ001231,杭州,钱塘区,大学城北社区,2026-08-03 19:00,0.021,1.5,0.29,30.6,正常,0
HZ001232,杭州,临平区,乔司家园,2026-08-07 09:00,0.121,9.9,0.33,30.7,正常,0
HZ001233,杭州,西湖区,文新社区,2026-08-03 17:00,0.014,1.0,0.39,33.7,正常,0
HZ001234,杭州,滨江区,滨康小区,2026-08-05 08:00,0.054,4.8,0.29,27.1,正常,0
HZ001235,杭州,余杭区,闲林山水,2026-08-07 15:00,0.015,1.0,0.29,32.0,正常,0
HZ001236,杭州,拱墅区,湖墅家园,2026-08-03 23:00,0.127,9.6,0.32,27.3,正常,0
HZ001237,杭州,上城区,近江家园,2026-08-02 11:00,0.069,6.7,0.39,32.8,正常,0
HZ001238,杭州,萧山区,湘湖家园,2026-08-05 02:00,0.022,2.2,0.33,30.3,正常,0
HZ001239,杭州,钱塘区,大学城北社区,2026-08-01 14:00,0.027,2.3,0.37,32.1,正常,0
HZ001240,杭州,临平区,乔司家园,2026-08-03 17:00,0.126,8.2,0.35,33.2,正常,0
HZ001241,杭州,西湖区,文新社区,2026-08-02 11:00,0.084,6.4,0.31,33.0,正常,0
HZ001242,杭州,滨江区,滨康小区,2026-08-01 00:00,0.002,0.1,0.34,27.5,正常,0
HZ001243,杭州,余杭区,未来科技城社区,2026-08-06 00:00,0.019,1.8,0.28,28.6,正常,0
HZ001244,杭州,拱墅区,半山家园,2026-08-07 22:00,0.115,9.9,0.33,27.1,正常,0
HZ001245,杭州,上城区,采荷小区,2026-08-07 03:00,0.377,19.3,0.38,28.6,异常,1
HZ001246,杭州,萧山区,宁围佳境,2026-08-02 00:00,0.016,1.3,0.34,30.4,正常,0
HZ001247,杭州,钱塘区,下沙社区,2026-08-05 20:00,0.075,5.2,0.39,28.2,正常,0
HZ001248,杭州,临平区,星桥社区,2026-08-02 14:00,0.045,3.9,0.34,30.6,正常,0
HZ001249,杭州,西湖区,三墩新天地,2026-08-01 13:00,0.027,2.2,0.37,32.1,正常,0
HZ001250,杭州,滨江区,白马湖社区,2026-08-05 03:00,0.031,2.3,0.38,29.6,正常,0
HZ001251,杭州,余杭区,闲林山水,2026-08-06 13:00,0.035,2.7,0.37,33.6,正常,0
HZ001252,杭州,拱墅区,运河新城社区,2026-08-03 16:00,0.034,2.4,0.30,30.1,正常,0
HZ001253,杭州,上城区,望江新园,2026-08-03 09:00,0.085,7.1,0.32,30.5,正常,0
HZ001254,杭州,萧山区,北干社区,2026-08-03 15:00,0.061,5.7,0.28,30.6,正常,0
HZ001255,杭州,钱塘区,河庄新苑,2026-08-06 15:00,0.088,5.5,0.35,32.4,正常,0
HZ001256,杭州,临平区,星桥社区,2026-08-01 21:00,0.033,2.2,0.30,29.9,正常,0
HZ001257,杭州,西湖区,转塘家园,2026-08-06 03:00,0.018,1.2,0.30,27.4,正常,0
HZ001258,杭州,滨江区,白马湖社区,2026-08-06 17:00,0.119,8.4,0.30,31.3,正常,0
HZ001259,杭州,余杭区,闲林山水,2026-08-05 01:00,0.021,1.5,0.29,27.9,正常,0
HZ001260,杭州,拱墅区,湖墅家园,2026-08-01 08:00,0.074,6.3,0.29,28.6,正常,0
HZ001261,杭州,上城区,近江家园,2026-08-04 22:00,0.059,4.4,0.36,28.3,正常,0
HZ001262,杭州,萧山区,宁围佳境,2026-08-02 05:00,0.005,0.3,0.28,30.9,正常,0
HZ001263,杭州,钱塘区,大学城北社区,2026-08-02 04:00,0.013,1.2,0.37,28.6,正常,0
HZ001264,杭州,临平区,星桥社区,2026-08-07 04:00,0.004,0.3,0.29,28.6,正常,0
HZ001265,杭州,西湖区,三墩新天地,2026-08-05 23:00,0.026,2.2,0.35,30.5,正常,0
HZ001266,杭州,滨江区,钱塘春晓,2026-08-02 06:00,0.088,7.9,0.34,30.7,正常,0
HZ001267,杭州,余杭区,良渚文化村,2026-08-05 02:00,0.007,0.6,0.30,29.2,正常,0
HZ001268,杭州,拱墅区,湖墅家园,2026-08-01 01:00,0.014,1.0,0.34,27.8,正常,0
HZ001269,杭州,上城区,望江新园,2026-08-02 11:00,0.099,6.6,0.34,31.4,正常,0
HZ001270,杭州,萧山区,钱江世纪城社区,2026-08-01 06:00,0.030,3.0,0.30,31.0,正常,0
HZ001271,杭州,钱塘区,下沙社区,2026-08-05 22:00,0.385,24.0,0.38,29.9,异常,1
HZ001272,杭州,临平区,星桥社区,2026-08-06 00:00,0.013,0.9,0.37,30.6,正常,0
HZ001273,杭州,西湖区,转塘家园,2026-08-04 06:00,0.130,8.3,0.33,27.1,正常,0
HZ001274,杭州,滨江区,滨康小区,2026-08-04 02:00,0.021,1.7,0.29,27.6,正常,0
HZ001275,杭州,余杭区,未来科技城社区,2026-08-06 21:00,0.085,6.0,0.34,30.3,正常,0
HZ001276,杭州,拱墅区,大关小区,2026-08-03 20:00,0.099,8.1,0.29,27.5,正常,0
HZ001277,杭州,上城区,采荷小区,2026-08-06 18:00,0.071,5.0,0.31,29.8,正常,0
HZ001278,杭州,萧山区,湘湖家园,2026-08-03 09:00,0.128,8.8,0.19,28.4,异常,1
HZ001279,杭州,钱塘区,河庄新苑,2026-08-01 18:00,0.025,1.6,0.29,29.3,正常,0
HZ001280,杭州,临平区,星桥社区,2026-08-04 16:00,0.133,10.1,0.29,31.3,正常,0
HZ001281,杭州,西湖区,转塘家园,2026-08-07 20:00,0.035,2.6,0.35,30.7,正常,0
HZ001282,杭州,滨江区,滨康小区,2026-08-05 16:00,0.032,2.4,0.32,32.4,正常,0
HZ001283,杭州,余杭区,闲林山水,2026-08-03 23:00,0.096,9.3,0.31,30.6,正常,0
HZ001284,杭州,拱墅区,大关小区,2026-08-05 23:00,0.032,2.2,0.35,27.3,正常,0
HZ001285,杭州,上城区,丁兰社区,2026-08-05 17:00,0.068,5.7,0.35,31.1,正常,0
HZ001286,杭州,萧山区,钱江世纪城社区,2026-08-06 22:00,0.054,3.7,0.30,29.6,正常,0
HZ001287,杭州,钱塘区,下沙社区,2026-08-03 10:00,0.107,10.1,0.30,30.6,正常,0
HZ001288,杭州,临平区,塘栖人家,2026-08-02 04:00,0.014,0.9,0.32,28.1,正常,0
HZ001289,杭州,西湖区,文新社区,2026-08-07 12:00,0.131,8.6,0.39,33.5,正常,0
HZ001290,杭州,滨江区,白马湖社区,2026-08-06 17:00,0.024,1.9,0.39,33.8,正常,0
HZ001291,杭州,余杭区,良渚文化村,2026-08-07 19:00,0.270,20.5,0.39,29.7,异常,1
HZ001292,杭州,拱墅区,运河新城社区,2026-08-02 13:00,0.048,3.8,0.38,32.3,正常,0
HZ001293,杭州,上城区,采荷小区,2026-08-05 12:00,0.028,2.3,0.36,30.6,正常,0
HZ001294,杭州,萧山区,湘湖家园,2026-08-02 01:00,0.025,1.9,0.38,27.7,正常,0
HZ001295,杭州,钱塘区,江东家园,2026-08-03 14:00,0.072,4.8,0.35,32.7,正常,0
HZ001296,杭州,临平区,南苑小区,2026-08-06 08:00,0.017,1.1,0.38,30.0,正常,0
HZ001297,杭州,西湖区,文新社区,2026-08-04 06:00,0.029,2.8,0.34,28.1,正常,0
HZ001298,杭州,滨江区,江南花园,2026-08-01 15:00,0.115,7.8,0.28,33.8,正常,0
HZ001299,杭州,余杭区,仓前家园,2026-08-01 22:00,0.044,3.1,0.37,30.4,正常,0
HZ001300,杭州,拱墅区,半山家园,2026-08-02 19:00,0.021,1.9,0.37,29.4,正常,0
HZ001301,杭州,上城区,近江家园,2026-08-02 19:00,0.105,6.8,0.36,30.8,正常,0
HZ001302,杭州,萧山区,北干社区,2026-08-05 02:00,0.008,0.8,0.29,30.7,正常,0
HZ001303,杭州,钱塘区,河庄新苑,2026-08-04 09:00,0.068,4.3,0.30,30.5,正常,0
HZ001304,杭州,临平区,塘栖人家,2026-08-06 01:00,0.026,2.0,0.37,27.2,正常,0
HZ001305,杭州,西湖区,翠苑小区,2026-08-01 11:00,0.086,7.2,0.38,30.1,正常,0
HZ001306,杭州,滨江区,江南花园,2026-08-03 13:00,0.038,3.7,0.32,33.4,正常,0
HZ001307,杭州,余杭区,仓前家园,2026-08-06 17:00,0.075,6.9,0.34,31.7,正常,0
HZ001308,杭州,拱墅区,运河新城社区,2026-08-05 09:00,0.009,0.8,0.30,28.9,正常,0
HZ001309,杭州,上城区,采荷小区,2026-08-05 23:00,0.013,0.8,0.33,27.6,正常,0
HZ001310,杭州,萧山区,湘湖家园,2026-08-01 16:00,0.122,9.8,0.37,31.0,正常,0
HZ001311,杭州,钱塘区,下沙社区,2026-08-07 01:00,0.027,1.9,0.34,29.9,正常,0
HZ001312,杭州,临平区,乔司家园,2026-08-01 22:00,0.061,4.3,0.31,30.0,正常,0
HZ001313,杭州,西湖区,翠苑小区,2026-08-01 08:00,0.096,7.1,0.38,29.8,正常,0
HZ001314,杭州,滨江区,钱塘春晓,2026-08-07 14:00,0.024,1.7,0.37,33.7,正常,0
HZ001315,杭州,余杭区,未来科技城社区,2026-08-07 14:00,0.105,9.5,0.37,30.6,正常,0
HZ001316,杭州,拱墅区,大关小区,2026-08-04 04:00,0.002,0.1,0.30,27.2,正常,0
HZ001317,杭州,上城区,近江家园,2026-08-06 01:00,0.004,0.3,0.29,29.0,正常,0
HZ001318,杭州,萧山区,宁围佳境,2026-08-02 02:00,0.015,1.2,0.36,30.2,正常,0
HZ001319,杭州,钱塘区,河庄新苑,2026-08-06 09:00,0.121,9.3,0.28,28.5,正常,0
HZ001320,杭州,临平区,乔司家园,2026-08-02 14:00,0.088,7.2,0.36,33.6,正常,0
HZ001321,杭州,西湖区,翠苑小区,2026-08-04 18:00,0.010,0.9,0.34,30.8,正常,0
HZ001322,杭州,滨江区,白马湖社区,2026-08-06 10:00,0.038,2.5,0.34,29.6,正常,0
HZ001323,杭州,余杭区,闲林山水,2026-08-07 03:00,0.016,1.3,0.35,27.5,正常,0
HZ001324,杭州,拱墅区,大关小区,2026-08-07 21:00,0.045,3.8,0.35,27.6,正常,0
HZ001325,杭州,上城区,望江新园,2026-08-03 14:00,0.127,9.7,0.39,33.0,正常,0
HZ001326,杭州,萧山区,宁围佳境,2026-08-03 15:00,0.084,5.5,0.35,33.6,正常,0
HZ001327,杭州,钱塘区,下沙社区,2026-08-04 12:00,0.083,7.9,0.32,31.6,正常,0
HZ001328,杭州,临平区,乔司家园,2026-08-05 18:00,0.047,4.1,0.36,27.8,正常,0
HZ001329,杭州,西湖区,转塘家园,2026-08-05 09:00,0.070,5.4,0.33,28.6,正常,0
HZ001330,杭州,滨江区,白马湖社区,2026-08-06 22:00,0.037,2.9,0.29,29.3,正常,0
HZ001331,杭州,余杭区,良渚文化村,2026-08-01 23:00,0.268,18.9,0.34,28.7,异常,1
HZ001332,杭州,拱墅区,半山家园,2026-08-06 06:00,0.055,5.2,0.30,28.2,正常,0
HZ001333,杭州,上城区,望江新园,2026-08-05 21:00,0.088,5.9,0.31,28.0,正常,0
HZ001334,杭州,萧山区,北干社区,2026-08-04 17:00,0.102,9.0,0.32,32.3,正常,0
HZ001335,杭州,钱塘区,河庄新苑,2026-08-03 17:00,0.090,5.7,0.38,31.3,正常,0
HZ001336,杭州,临平区,乔司家园,2026-08-03 11:00,0.102,6.9,0.29,32.1,正常,0
HZ001337,杭州,西湖区,翠苑小区,2026-08-02 18:00,0.094,9.3,0.32,30.3,正常,0
HZ001338,杭州,滨江区,滨康小区,2026-08-07 07:00,0.109,7.0,0.31,29.2,正常,0
HZ001339,杭州,余杭区,仓前家园,2026-08-07 14:00,0.041,3.3,0.31,33.3,正常,0
HZ001340,杭州,拱墅区,半山家园,2026-08-04 19:00,0.104,8.1,0.33,30.4,正常,0
HZ001341,杭州,上城区,望江新园,2026-08-07 06:00,0.054,3.4,0.31,30.3,正常,0
HZ001342,杭州,萧山区,宁围佳境,2026-08-04 16:00,0.107,8.1,0.34,33.6,正常,0
HZ001343,杭州,钱塘区,江东家园,2026-08-02 01:00,0.015,1.4,0.29,30.4,正常,0
HZ001344,杭州,临平区,乔司家园,2026-08-02 02:00,0.004,0.3,0.52,30.3,异常,1
HZ001345,杭州,西湖区,三墩新天地,2026-08-02 22:00,0.058,4.0,0.35,28.9,正常,0
HZ001346,杭州,滨江区,钱塘春晓,2026-08-04 08:00,0.045,3.6,0.38,30.0,正常,0
HZ001347,杭州,余杭区,闲林山水,2026-08-06 04:00,0.007,0.5,0.38,28.1,正常,0
HZ001348,杭州,拱墅区,半山家园,2026-08-07 05:00,0.016,1.3,0.28,30.7,正常,0
HZ001349,杭州,上城区,丁兰社区,2026-08-02 00:00,0.018,1.5,0.36,28.6,正常,0
HZ001350,杭州,萧山区,北干社区,2026-08-03 06:00,0.012,1.2,0.39,29.4,正常,0
HZ001351,杭州,钱塘区,河庄新苑,2026-08-06 08:00,0.085,6.8,0.38,30.0,正常,0
HZ001352,杭州,临平区,乔司家园,2026-08-05 11:00,0.060,4.5,0.32,33.5,正常,0
HZ001353,杭州,西湖区,转塘家园,2026-08-02 17:00,0.146,10.2,0.37,32.1,正常,0
HZ001354,杭州,滨江区,白马湖社区,2026-08-07 01:00,0.028,1.9,0.39,29.0,正常,0
HZ001355,杭州,余杭区,良渚文化村,2026-08-06 04:00,0.018,1.3,0.36,28.2,正常,0
HZ001356,杭州,拱墅区,运河新城社区,2026-08-04 10:00,0.096,8.7,0.30,28.1,正常,0
HZ001357,杭州,上城区,近江家园,2026-08-07 05:00,0.011,0.7,0.31,28.3,正常,0
HZ001358,杭州,萧山区,北干社区,2026-08-04 13:00,0.033,2.9,0.36,30.8,正常,0
HZ001359,杭州,钱塘区,大学城北社区,2026-08-01 14:00,0.085,6.6,0.28,30.2,正常,0
HZ001360,杭州,临平区,南苑小区,2026-08-04 00:00,0.027,2.1,0.36,29.4,正常,0
HZ001361,杭州,西湖区,文新社区,2026-08-07 00:00,0.007,0.5,0.35,29.4,正常,0
HZ001362,杭州,滨江区,江南花园,2026-08-05 12:00,0.102,7.9,0.34,31.0,正常,0
HZ001363,杭州,余杭区,良渚文化村,2026-08-04 02:00,0.006,0.5,0.35,30.4,正常,0
HZ001364,杭州,拱墅区,半山家园,2026-08-06 12:00,0.088,5.5,0.38,33.1,正常,0
HZ001365,杭州,上城区,丁兰社区,2026-08-06 11:00,0.120,10.2,0.32,31.2,正常,0
HZ001366,杭州,萧山区,北干社区,2026-08-01 21:00,0.092,6.3,0.37,28.0,正常,0
HZ001367,杭州,钱塘区,下沙社区,2026-08-05 00:00,0.015,1.3,0.37,30.8,正常,0
HZ001368,杭州,临平区,南苑小区,2026-08-07 21:00,0.115,9.6,0.36,30.5,正常,0
HZ001369,杭州,西湖区,翠苑小区,2026-08-01 14:00,0.135,8.9,0.37,32.9,正常,0
HZ001370,杭州,滨江区,钱塘春晓,2026-08-06 13:00,0.076,5.8,0.55,33.0,异常,1
HZ001371,杭州,余杭区,仓前家园,2026-08-05 08:00,0.081,6.8,0.34,28.3,正常,0
HZ001372,杭州,拱墅区,运河新城社区,2026-08-01 07:00,0.068,6.0,0.33,29.0,正常,0
HZ001373,杭州,上城区,丁兰社区,2026-08-05 12:00,0.015,1.2,0.33,30.1,正常,0
HZ001374,杭州,萧山区,钱江世纪城社区,2026-08-01 15:00,0.033,2.4,0.33,31.1,正常,0
HZ001375,杭州,钱塘区,江东家园,2026-08-06 18:00,0.107,8.0,0.34,30.3,正常,0
HZ001376,杭州,临平区,星桥社区,2026-08-06 14:00,0.066,5.9,0.33,30.5,正常,0
HZ001377,杭州,西湖区,翠苑小区,2026-08-06 15:00,0.067,5.1,0.36,31.8,正常,0
HZ001378,杭州,滨江区,江南花园,2026-08-01 10:00,0.057,5.1,0.30,27.5,正常,0
HZ001379,杭州,余杭区,良渚文化村,2026-08-02 02:00,0.011,0.9,0.28,28.1,正常,0
HZ001380,杭州,拱墅区,大关小区,2026-08-02 02:00,0.013,1.2,0.38,27.1,正常,0
HZ001381,杭州,上城区,近江家园,2026-08-07 14:00,0.088,5.9,0.36,32.2,正常,0
HZ001382,杭州,萧山区,湘湖家园,2026-08-07 19:00,0.080,6.0,0.37,27.0,正常,0
HZ001383,杭州,钱塘区,大学城北社区,2026-08-02 03:00,0.003,0.2,0.29,27.1,正常,0
HZ001384,杭州,临平区,塘栖人家,2026-08-07 09:00,0.063,6.0,0.37,29.2,正常,0
HZ001385,杭州,西湖区,翠苑小区,2026-08-06 09:00,0.099,8.2,0.33,29.3,正常,0
HZ001386,杭州,滨江区,白马湖社区,2026-08-06 08:00,0.046,3.0,0.30,29.9,正常,0
HZ001387,杭州,余杭区,仓前家园,2026-08-01 15:00,0.159,10.0,0.33,31.0,正常,0
HZ001388,杭州,拱墅区,运河新城社区,2026-08-01 07:00,0.149,10.3,0.35,30.5,正常,0
HZ001389,杭州,上城区,望江新园,2026-08-07 05:00,0.007,0.6,0.31,27.9,正常,0
HZ001390,杭州,萧山区,湘湖家园,2026-08-05 22:00,0.022,2.1,0.29,28.8,正常,0
HZ001391,杭州,钱塘区,江东家园,2026-08-04 07:00,0.036,3.0,0.32,30.6,正常,0
HZ001392,杭州,临平区,乔司家园,2026-08-01 23:00,0.074,4.9,0.38,29.3,正常,0
HZ001393,杭州,西湖区,转塘家园,2026-08-04 19:00,0.022,1.6,0.37,29.6,正常,0
HZ001394,杭州,滨江区,钱塘春晓,2026-08-07 04:00,0.012,0.7,0.31,29.6,正常,0
HZ001395,杭州,余杭区,未来科技城社区,2026-08-05 16:00,0.008,0.7,0.38,33.8,正常,0
HZ001396,杭州,拱墅区,半山家园,2026-08-04 07:00,0.058,3.9,0.38,27.9,正常,0
HZ001397,杭州,上城区,采荷小区,2026-08-04 18:00,0.115,7.6,0.33,28.6,正常,0
HZ001398,杭州,萧山区,钱江世纪城社区,2026-08-03 04:00,0.002,0.1,0.37,28.8,正常,0
HZ001399,杭州,钱塘区,大学城北社区,2026-08-04 17:00,0.073,6.0,0.36,32.5,正常,0
HZ001400,杭州,临平区,乔司家园,2026-08-05 02:00,0.019,1.7,0.34,27.6,正常,0
HZ001401,杭州,西湖区,文新社区,2026-08-01 19:00,0.142,8.9,0.37,28.6,正常,0
HZ001402,杭州,滨江区,白马湖社区,2026-08-04 13:00,0.038,2.6,0.32,32.4,正常,0
HZ001403,杭州,余杭区,仓前家园,2026-08-01 19:00,0.066,6.1,0.30,30.0,正常,0
HZ001404,杭州,拱墅区,运河新城社区,2026-08-04 03:00,0.011,1.0,0.32,27.5,正常,0
HZ001405,杭州,上城区,丁兰社区,2026-08-07 21:00,0.067,5.0,0.29,27.2,正常,0
HZ001406,杭州,萧山区,钱江世纪城社区,2026-08-06 02:00,0.016,1.4,0.32,27.4,正常,0
HZ001407,杭州,钱塘区,下沙社区,2026-08-04 04:00,0.005,0.5,0.28,27.2,正常,0
HZ001408,杭州,临平区,塘栖人家,2026-08-02 07:00,0.050,3.2,0.34,27.9,正常,0
HZ001409,杭州,西湖区,三墩新天地,2026-08-03 10:00,0.051,4.4,0.30,28.7,正常,0
HZ001410,杭州,滨江区,钱塘春晓,2026-08-05 23:00,0.117,10.0,0.30,27.7,正常,0
HZ001411,杭州,余杭区,未来科技城社区,2026-08-03 13:00,0.154,10.1,0.36,32.3,正常,0
HZ001412,杭州,拱墅区,湖墅家园,2026-08-03 16:00,0.015,1.4,0.33,32.8,正常,0
HZ001413,杭州,上城区,近江家园,2026-08-01 07:00,0.120,9.8,0.36,28.5,正常,0
HZ001414,杭州,萧山区,宁围佳境,2026-08-07 21:00,0.146,9.6,0.34,27.1,正常,0
HZ001415,杭州,钱塘区,江东家园,2026-08-03 16:00,0.039,3.1,0.31,31.0,正常,0
HZ001416,杭州,临平区,南苑小区,2026-08-07 07:00,0.087,6.0,0.35,30.6,正常,0
HZ001417,杭州,西湖区,翠苑小区,2026-08-05 20:00,0.018,1.1,0.34,30.6,正常,0
HZ001418,杭州,滨江区,白马湖社区,2026-08-06 08:00,0.099,6.3,0.30,27.1,正常,0
HZ001419,杭州,余杭区,未来科技城社区,2026-08-05 20:00,0.102,9.5,0.35,28.5,正常,0
HZ001420,杭州,拱墅区,运河新城社区,2026-08-03 05:00,0.017,1.5,0.37,28.4,正常,0
HZ001421,杭州,上城区,丁兰社区,2026-08-07 16:00,0.072,6.0,0.34,31.8,正常,0
HZ001422,杭州,萧山区,北干社区,2026-08-03 16:00,0.044,3.0,0.37,31.9,正常,0
HZ001423,杭州,钱塘区,河庄新苑,2026-08-02 04:00,0.014,1.1,0.31,28.2,正常,0
HZ001424,杭州,临平区,乔司家园,2026-08-07 04:00,0.010,0.7,0.35,29.5,正常,0
HZ001425,杭州,西湖区,文新社区,2026-08-06 21:00,0.124,10.5,0.35,28.2,正常,0
HZ001426,杭州,滨江区,白马湖社区,2026-08-03 03:00,0.017,1.1,0.29,27.3,正常,0
HZ001427,杭州,余杭区,仓前家园,2026-08-04 02:00,0.007,0.6,0.34,27.1,正常,0
HZ001428,杭州,拱墅区,湖墅家园,2026-08-01 13:00,0.048,3.5,0.36,33.3,正常,0
HZ001429,杭州,上城区,近江家园,2026-08-01 09:00,0.084,5.6,0.31,27.2,正常,0
HZ001430,杭州,萧山区,北干社区,2026-08-05 21:00,0.052,5.0,0.13,29.5,异常,1
HZ001431,杭州,钱塘区,江东家园,2026-08-07 14:00,0.095,5.9,0.33,32.7,正常,0
HZ001432,杭州,临平区,南苑小区,2026-08-02 23:00,0.125,10.2,0.34,28.8,正常,0
HZ001433,杭州,西湖区,翠苑小区,2026-08-03 20:00,0.044,4.2,0.35,29.2,正常,0
HZ001434,杭州,滨江区,钱塘春晓,2026-08-04 14:00,0.049,3.4,0.19,32.8,异常,1
HZ001435,杭州,余杭区,良渚文化村,2026-08-07 00:00,0.030,2.3,0.33,27.5,正常,0
HZ001436,杭州,拱墅区,大关小区,2026-08-05 06:00,0.017,1.3,0.37,30.2,正常,0
HZ001437,杭州,上城区,望江新园,2026-08-02 05:00,0.023,1.8,0.33,30.8,正常,0
HZ001438,杭州,萧山区,宁围佳境,2026-08-05 14:00,0.093,7.5,0.37,30.7,正常,0
HZ001439,杭州,钱塘区,江东家园,2026-08-03 18:00,0.104,8.3,0.30,29.0,正常,0
HZ001440,杭州,临平区,星桥社区,2026-08-06 20:00,0.043,2.9,0.33,29.1,正常,0
HZ001441,杭州,西湖区,转塘家园,2026-08-02 17:00,0.010,0.8,0.29,30.0,正常,0
HZ001442,杭州,滨江区,滨康小区,2026-08-01 04:00,0.002,0.1,0.33,30.3,正常,0
HZ001443,杭州,余杭区,仓前家园,2026-08-03 17:00,0.075,5.8,0.33,33.0,正常,0
HZ001444,杭州,拱墅区,湖墅家园,2026-08-07 14:00,0.097,6.6,0.29,33.3,正常,0
HZ001445,杭州,上城区,近江家园,2026-08-07 05:00,0.014,1.0,0.35,28.5,正常,0
HZ001446,杭州,萧山区,宁围佳境,2026-08-07 18:00,0.023,2.0,0.37,28.6,正常,0
HZ001447,杭州,钱塘区,江东家园,2026-08-05 13:00,0.055,5.5,0.33,30.7,正常,0
HZ001448,杭州,临平区,塘栖人家,2026-08-05 07:00,0.082,6.4,0.28,27.8,正常,0
HZ001449,杭州,西湖区,三墩新天地,2026-08-02 21:00,0.138,8.9,0.33,28.0,正常,0
HZ001450,杭州,滨江区,滨康小区,2026-08-06 16:00,0.101,6.5,0.34,32.8,正常,0
HZ001451,杭州,余杭区,闲林山水,2026-08-01 07:00,0.029,2.2,0.36,28.5,正常,0
HZ001452,杭州,拱墅区,湖墅家园,2026-08-01 13:00,0.046,3.1,0.36,31.8,正常,0
HZ001453,杭州,上城区,采荷小区,2026-08-07 08:00,0.131,8.3,0.32,30.1,正常,0
HZ001454,杭州,萧山区,宁围佳境,2026-08-03 20:00,0.097,8.0,0.17,30.6,异常,1
HZ001455,杭州,钱塘区,大学城北社区,2026-08-03 03:00,0.006,0.5,0.32,28.7,正常,0
HZ001456,杭州,临平区,乔司家园,2026-08-01 14:00,0.132,10.5,0.37,32.3,正常,0
HZ001457,杭州,西湖区,转塘家园,2026-08-07 17:00,0.038,3.1,0.33,33.9,正常,0
HZ001458,杭州,滨江区,白马湖社区,2026-08-07 13:00,0.081,7.0,0.38,33.2,正常,0
HZ001459,杭州,余杭区,良渚文化村,2026-08-03 21:00,0.027,2.1,0.37,28.8,正常,0
HZ001460,杭州,拱墅区,湖墅家园,2026-08-02 07:00,0.074,6.5,0.33,28.2,正常,0
HZ001461,杭州,上城区,望江新园,2026-08-05 18:00,0.036,2.5,0.33,28.8,正常,0
HZ001462,杭州,萧山区,湘湖家园,2026-08-02 20:00,0.018,1.5,0.31,29.4,正常,0
HZ001463,杭州,钱塘区,江东家园,2026-08-02 21:00,0.070,4.9,0.35,27.9,正常,0
HZ001464,杭州,临平区,塘栖人家,2026-08-07 17:00,0.154,9.8,0.37,31.2,正常,0
HZ001465,杭州,西湖区,翠苑小区,2026-08-07 11:00,0.057,4.2,0.32,32.2,正常,0
HZ001466,杭州,滨江区,钱塘春晓,2026-08-07 22:00,0.104,7.7,0.30,30.7,正常,0
HZ001467,杭州,余杭区,良渚文化村,2026-08-06 16:00,0.153,10.0,0.29,33.6,正常,0
HZ001468,杭州,拱墅区,湖墅家园,2026-08-01 01:00,0.005,0.5,0.37,27.8,正常,0
HZ001469,杭州,上城区,采荷小区,2026-08-06 20:00,0.097,7.4,0.39,28.3,正常,0
HZ001470,杭州,萧山区,钱江世纪城社区,2026-08-05 03:00,0.001,0.1,0.31,30.9,正常,0
HZ001471,杭州,钱塘区,江东家园,2026-08-02 15:00,0.155,9.8,0.34,31.8,正常,0
HZ001472,杭州,临平区,星桥社区,2026-08-06 11:00,0.109,9.1,0.38,30.1,正常,0
HZ001473,杭州,西湖区,文新社区,2026-08-05 11:00,0.101,7.3,0.34,30.3,正常,0
HZ001474,杭州,滨江区,滨康小区,2026-08-02 06:00,0.090,7.4,0.39,29.4,正常,0
HZ001475,杭州,余杭区,良渚文化村,2026-08-02 21:00,0.087,7.5,0.30,30.1,正常,0
HZ001476,杭州,拱墅区,大关小区,2026-08-05 21:00,0.049,4.3,0.37,29.0,正常,0
HZ001477,杭州,上城区,丁兰社区,2026-08-07 14:00,0.061,5.8,0.38,31.1,正常,0
HZ001478,杭州,萧山区,湘湖家园,2026-08-04 00:00,0.016,1.0,0.33,30.6,正常,0
HZ001479,杭州,钱塘区,江东家园,2026-08-01 06:00,0.121,7.7,0.34,28.0,正常,0
HZ001480,杭州,临平区,乔司家园,2026-08-03 04:00,0.007,0.7,0.32,28.4,正常,0
HZ001481,杭州,西湖区,翠苑小区,2026-08-05 10:00,0.085,6.1,0.37,29.2,正常,0
HZ001482,杭州,滨江区,白马湖社区,2026-08-04 11:00,0.049,3.2,0.37,32.6,正常,0
HZ001483,杭州,余杭区,仓前家园,2026-08-04 04:00,0.035,2.2,0.29,27.8,正常,0
HZ001484,杭州,拱墅区,湖墅家园,2026-08-04 22:00,0.071,5.0,0.39,29.1,正常,0
HZ001485,杭州,上城区,采荷小区,2026-08-03 05:00,0.002,0.1,0.38,29.8,正常,0
HZ001486,杭州,萧山区,钱江世纪城社区,2026-08-01 12:00,0.119,9.5,0.35,30.2,正常,0
HZ001487,杭州,钱塘区,江东家园,2026-08-02 13:00,0.065,5.0,0.32,32.2,正常,0
HZ001488,杭州,临平区,乔司家园,2026-08-01 12:00,0.118,10.5,0.28,32.8,正常,0
HZ001489,杭州,西湖区,文新社区,2026-08-03 05:00,0.008,0.6,0.38,30.3,正常,0
HZ001490,杭州,滨江区,江南花园,2026-08-04 06:00,0.120,8.9,0.49,28.0,异常,1
HZ001491,杭州,余杭区,闲林山水,2026-08-06 10:00,0.098,8.4,0.29,29.0,正常,0
HZ001492,杭州,拱墅区,湖墅家园,2026-08-02 16:00,0.012,0.8,0.38,31.0,正常,0
HZ001493,杭州,上城区,丁兰社区,2026-08-07 04:00,0.020,1.6,0.38,29.9,正常,0
HZ001494,杭州,萧山区,北干社区,2026-08-01 21:00,0.056,4.9,0.47,27.9,异常,1
HZ001495,杭州,钱塘区,河庄新苑,2026-08-03 09:00,0.040,3.9,0.30,30.5,正常,0
HZ001496,杭州,临平区,南苑小区,2026-08-07 13:00,0.077,7.0,0.31,30.2,正常,0
HZ001497,杭州,西湖区,文新社区,2026-08-05 14:00,0.158,10.3,0.34,32.8,正常,0
HZ001498,杭州,滨江区,钱塘春晓,2026-08-04 13:00,0.026,2.2,0.30,31.5,正常,0
HZ001499,杭州,余杭区,仓前家园,2026-08-02 08:00,0.037,2.6,0.28,29.6,正常,0
HZ001500,杭州,拱墅区,运河新城社区,2026-08-02 10:00,0.094,8.5,0.35,29.2,正常,0
HZ001501,杭州,上城区,丁兰社区,2026-08-05 17:00,0.112,10.1,0.31,32.9,正常,0
HZ001502,杭州,萧山区,湘湖家园,2026-08-01 16:00,0.087,6.6,0.31,32.2,正常,0
HZ001503,杭州,钱塘区,河庄新苑,2026-08-06 19:00,0.076,6.5,0.30,30.8,正常,0
HZ001504,杭州,临平区,南苑小区,2026-08-01 16:00,0.028,1.9,0.39,32.8,正常,0
HZ001505,杭州,西湖区,翠苑小区,2026-08-07 16:00,0.112,8.9,0.28,33.6,正常,0
HZ001506,杭州,滨江区,滨康小区,2026-08-03 05:00,0.016,1.1,0.39,27.9,正常,0
HZ001507,杭州,余杭区,未来科技城社区,2026-08-04 02:00,0.015,1.2,0.34,30.8,正常,0
HZ001508,杭州,拱墅区,湖墅家园,2026-08-06 20:00,0.017,1.1,0.35,28.5,正常,0
HZ001509,杭州,上城区,采荷小区,2026-08-05 02:00,0.012,0.9,0.38,27.7,正常,0
HZ001510,杭州,萧山区,北干社区,2026-08-07 04:00,0.009,0.6,0.38,30.7,正常,0
HZ001511,杭州,钱塘区,大学城北社区,2026-08-05 07:00,0.063,4.3,0.35,27.5,正常,0
HZ001512,杭州,临平区,星桥社区,2026-08-01 05:00,0.023,1.7,0.38,27.8,正常,0
HZ001513,杭州,西湖区,文新社区,2026-08-07 17:00,0.080,6.3,0.33,31.3,正常,0
HZ001514,杭州,滨江区,白马湖社区,2026-08-07 08:00,0.114,10.4,0.32,27.7,正常,0
HZ001515,杭州,余杭区,良渚文化村,2026-08-01 07:00,0.022,1.8,0.37,29.0,正常,0
HZ001516,杭州,拱墅区,半山家园,2026-08-04 09:00,0.139,9.8,0.31,27.4,正常,0
HZ001517,杭州,上城区,丁兰社区,2026-08-01 16:00,0.040,2.9,0.31,30.2,正常,0
HZ001518,杭州,萧山区,钱江世纪城社区,2026-08-01 04:00,0.003,0.2,0.33,30.2,正常,0
HZ001519,杭州,钱塘区,河庄新苑,2026-08-07 08:00,0.024,1.6,0.29,27.3,正常,0
HZ001520,杭州,临平区,乔司家园,2026-08-01 20:00,0.073,7.0,0.30,30.0,正常,0
HZ001521,杭州,西湖区,翠苑小区,2026-08-04 02:00,0.006,0.4,0.35,30.0,正常,0
HZ001522,杭州,滨江区,滨康小区,2026-08-05 01:00,0.011,0.7,0.31,27.6,正常,0
HZ001523,杭州,余杭区,仓前家园,2026-08-05 21:00,0.320,16.5,0.29,28.2,异常,1
HZ001524,杭州,拱墅区,大关小区,2026-08-05 12:00,0.085,8.0,0.36,31.2,正常,0
HZ001525,杭州,上城区,近江家园,2026-08-03 02:00,0.006,0.4,0.34,30.5,正常,0
HZ001526,杭州,萧山区,北干社区,2026-08-05 16:00,0.045,3.7,0.37,32.8,正常,0
HZ001527,杭州,钱塘区,河庄新苑,2026-08-02 18:00,0.068,4.9,0.35,30.9,正常,0
HZ001528,杭州,临平区,乔司家园,2026-08-07 23:00,0.014,1.3,0.36,30.4,正常,0
HZ001529,杭州,西湖区,文新社区,2026-08-04 08:00,0.102,6.9,0.31,28.6,正常,0
HZ001530,杭州,滨江区,滨康小区,2026-08-02 22:00,0.154,10.2,0.34,30.9,正常,0
HZ001531,杭州,余杭区,闲林山水,2026-08-01 07:00,0.100,9.6,0.29,29.0,正常,0
HZ001532,杭州,拱墅区,大关小区,2026-08-05 19:00,0.074,7.1,0.30,29.4,正常,0
HZ001533,杭州,上城区,丁兰社区,2026-08-04 18:00,0.049,4.2,0.37,28.4,正常,0
HZ001534,杭州,萧山区,湘湖家园,2026-08-04 18:00,0.057,3.9,0.39,30.8,正常,0
HZ001535,杭州,钱塘区,河庄新苑,2026-08-04 00:00,0.009,0.6,0.34,27.3,正常,0
HZ001536,杭州,临平区,乔司家园,2026-08-07 08:00,0.061,3.9,0.33,29.2,正常,0
HZ001537,杭州,西湖区,三墩新天地,2026-08-03 19:00,0.098,9.0,0.35,30.6,正常,0
HZ001538,杭州,滨江区,滨康小区,2026-08-06 20:00,0.103,8.0,0.35,29.0,正常,0
HZ001539,杭州,余杭区,闲林山水,2026-08-07 09:00,0.066,5.1,0.38,30.1,正常,0
HZ001540,杭州,拱墅区,大关小区,2026-08-07 00:00,0.010,0.7,0.31,30.4,正常,0
HZ001541,杭州,上城区,丁兰社区,2026-08-03 11:00,0.061,5.6,0.38,33.0,正常,0
HZ001542,杭州,萧山区,钱江世纪城社区,2026-08-01 06:00,0.107,10.1,0.33,30.0,正常,0
HZ001543,杭州,钱塘区,河庄新苑,2026-08-04 08:00,0.039,2.6,0.37,28.9,正常,0
HZ001544,杭州,临平区,乔司家园,2026-08-05 04:00,0.017,1.5,0.34,30.9,正常,0
HZ001545,杭州,西湖区,文新社区,2026-08-01 07:00,0.018,1.3,0.35,29.8,正常,0
HZ001546,杭州,滨江区,钱塘春晓,2026-08-07 09:00,0.054,4.6,0.31,27.8,正常,0
HZ001547,杭州,余杭区,闲林山水,2026-08-06 21:00,0.127,9.9,0.34,28.0,正常,0
HZ001548,杭州,拱墅区,大关小区,2026-08-04 10:00,0.022,1.7,0.36,29.3,正常,0
HZ001549,杭州,上城区,采荷小区,2026-08-04 10:00,0.103,9.7,0.33,28.1,正常,0
HZ001550,杭州,萧山区,湘湖家园,2026-08-01 14:00,0.138,9.2,0.53,32.4,异常,1
HZ001551,杭州,钱塘区,河庄新苑,2026-08-05 19:00,0.108,8.0,0.33,27.9,正常,0
HZ001552,杭州,临平区,星桥社区,2026-08-01 17:00,0.095,6.4,0.29,30.6,正常,0
HZ001553,杭州,西湖区,翠苑小区,2026-08-04 22:00,0.051,4.3,0.33,29.4,正常,0
HZ001554,杭州,滨江区,白马湖社区,2026-08-04 12:00,0.036,3.0,0.38,31.2,正常,0
HZ001555,杭州,余杭区,良渚文化村,2026-08-01 16:00,0.008,0.8,0.31,31.5,正常,0
HZ001556,杭州,拱墅区,湖墅家园,2026-08-01 03:00,0.022,2.0,0.30,27.3,正常,0
HZ001557,杭州,上城区,丁兰社区,2026-08-02 13:00,0.106,7.2,0.33,30.0,正常,0
HZ001558,杭州,萧山区,湘湖家园,2026-08-06 06:00,0.012,0.9,0.30,29.0,正常,0
HZ001559,杭州,钱塘区,江东家园,2026-08-07 17:00,0.114,8.1,0.30,32.0,正常,0
HZ001560,杭州,临平区,南苑小区,2026-08-01 07:00,0.087,7.7,0.29,27.7,正常,0
HZ001561,杭州,西湖区,文新社区,2026-08-06 15:00,0.132,9.4,0.39,30.0,正常,0
HZ001562,杭州,滨江区,江南花园,2026-08-06 09:00,0.100,6.3,0.29,29.3,正常,0
HZ001563,杭州,余杭区,闲林山水,2026-08-01 12:00,0.026,1.9,0.32,33.8,正常,0
HZ001564,杭州,拱墅区,大关小区,2026-08-03 05:00,0.007,0.7,0.30,28.5,正常,0
HZ001565,杭州,上城区,近江家园,2026-08-03 22:00,0.061,4.5,0.28,29.8,正常,0
HZ001566,杭州,萧山区,湘湖家园,2026-08-03 12:00,0.030,2.9,0.36,32.7,正常,0
HZ001567,杭州,钱塘区,河庄新苑,2026-08-01 23:00,0.064,4.4,0.33,30.7,正常,0
HZ001568,杭州,临平区,乔司家园,2026-08-04 06:00,0.081,5.1,0.38,27.2,正常,0
HZ001569,杭州,西湖区,转塘家园,2026-08-01 03:00,0.002,0.2,0.31,28.4,正常,0
HZ001570,杭州,滨江区,钱塘春晓,2026-08-07 21:00,0.091,6.3,0.36,28.6,正常,0
HZ001571,杭州,余杭区,良渚文化村,2026-08-06 11:00,0.077,6.2,0.35,32.0,正常,0
HZ001572,杭州,拱墅区,湖墅家园,2026-08-07 14:00,0.018,1.6,0.36,31.4,正常,0
HZ001573,杭州,上城区,近江家园,2026-08-03 23:00,0.063,4.1,0.38,30.2,正常,0
HZ001574,杭州,萧山区,宁围佳境,2026-08-06 17:00,0.110,6.9,0.32,32.1,正常,0
HZ001575,杭州,钱塘区,江东家园,2026-08-01 07:00,0.059,5.5,0.38,30.6,正常,0
HZ001576,杭州,临平区,乔司家园,2026-08-03 13:00,0.100,6.8,0.32,33.1,正常,0
HZ001577,杭州,西湖区,翠苑小区,2026-08-06 22:00,0.096,8.4,0.30,28.1,正常,0
HZ001578,杭州,滨江区,滨康小区,2026-08-07 13:00,0.098,7.5,0.16,32.7,异常,1
HZ001579,杭州,余杭区,未来科技城社区,2026-08-04 08:00,0.098,7.9,0.38,30.8,正常,0
HZ001580,杭州,拱墅区,大关小区,2026-08-03 12:00,0.099,7.6,0.34,30.2,正常,0
HZ001581,杭州,上城区,丁兰社区,2026-08-06 05:00,0.002,0.1,0.36,29.0,正常,0
HZ001582,杭州,萧山区,北干社区,2026-08-07 23:00,0.036,3.1,0.35,30.8,正常,0
HZ001583,杭州,钱塘区,河庄新苑,2026-08-01 10:00,0.151,9.6,0.32,27.1,正常,0
HZ001584,杭州,临平区,乔司家园,2026-08-02 05:00,0.022,2.0,0.37,27.2,正常,0
HZ001585,杭州,西湖区,三墩新天地,2026-08-02 03:00,0.015,1.0,0.35,27.0,正常,0
HZ001586,杭州,滨江区,白马湖社区,2026-08-02 04:00,0.001,0.1,0.36,29.4,正常,0
HZ001587,杭州,余杭区,仓前家园,2026-08-03 05:00,0.021,1.9,0.30,29.2,正常,0
HZ001588,杭州,拱墅区,大关小区,2026-08-03 16:00,0.057,4.5,0.37,31.5,正常,0
HZ001589,杭州,上城区,望江新园,2026-08-04 21:00,0.045,3.0,0.33,29.8,正常,0
HZ001590,杭州,萧山区,宁围佳境,2026-08-01 10:00,0.091,5.9,0.28,30.4,正常,0
HZ001591,杭州,钱塘区,下沙社区,2026-08-05 12:00,0.130,8.3,0.29,33.0,正常,0
HZ001592,杭州,临平区,塘栖人家,2026-08-01 11:00,0.020,1.5,0.35,33.2,正常,0
HZ001593,杭州,西湖区,转塘家园,2026-08-05 02:00,0.015,1.3,0.37,30.4,正常,0
HZ001594,杭州,滨江区,钱塘春晓,2026-08-01 15:00,0.107,9.4,0.34,32.7,正常,0
HZ001595,杭州,余杭区,未来科技城社区,2026-08-04 04:00,0.007,0.5,0.34,30.1,正常,0
HZ001596,杭州,拱墅区,大关小区,2026-08-06 12:00,0.125,9.3,0.37,33.5,正常,0
HZ001597,杭州,上城区,采荷小区,2026-08-06 23:00,0.029,2.0,0.29,28.3,正常,0
HZ001598,杭州,萧山区,北干社区,2026-08-05 12:00,0.015,1.0,0.36,32.1,正常,0
HZ001599,杭州,钱塘区,江东家园,2026-08-03 04:00,0.010,0.9,0.29,28.8,正常,0
HZ001600,杭州,临平区,塘栖人家,2026-08-05 17:00,0.037,2.8,0.31,32.9,正常,0
HZ001601,杭州,西湖区,三墩新天地,2026-08-03 11:00,0.022,1.4,0.29,30.3,正常,0
HZ001602,杭州,滨江区,江南花园,2026-08-02 03:00,0.016,1.3,0.34,30.3,正常,0
HZ001603,杭州,余杭区,闲林山水,2026-08-02 03:00,0.012,0.8,0.36,27.4,正常,0
HZ001604,杭州,拱墅区,半山家园,2026-08-01 13:00,0.100,6.4,0.34,32.7,正常,0
HZ001605,杭州,上城区,采荷小区,2026-08-07 16:00,0.038,2.4,0.32,32.6,正常,0
HZ001606,杭州,萧山区,北干社区,2026-08-07 03:00,0.015,1.4,0.34,30.6,正常,0
HZ001607,杭州,钱塘区,河庄新苑,2026-08-05 02:00,0.010,0.6,0.34,28.6,正常,0
HZ001608,杭州,临平区,塘栖人家,2026-08-06 17:00,0.068,5.6,0.35,30.9,正常,0
HZ001609,杭州,西湖区,三墩新天地,2026-08-07 14:00,0.018,1.8,0.33,33.8,正常,0
HZ001610,杭州,滨江区,滨康小区,2026-08-01 05:00,0.014,0.9,0.39,30.0,正常,0
HZ001611,杭州,余杭区,闲林山水,2026-08-01 23:00,0.444,22.8,0.33,28.1,异常,1
HZ001612,杭州,拱墅区,大关小区,2026-08-05 17:00,0.020,1.4,0.33,32.6,正常,0
HZ001613,杭州,上城区,近江家园,2026-08-01 12:00,0.033,2.2,0.35,32.9,正常,0
HZ001614,杭州,萧山区,钱江世纪城社区,2026-08-02 16:00,0.070,6.8,0.29,33.0,正常,0
HZ001615,杭州,钱塘区,大学城北社区,2026-08-06 03:00,0.013,0.8,0.30,27.3,正常,0
HZ001616,杭州,临平区,南苑小区,2026-08-01 00:00,0.006,0.4,0.35,27.5,正常,0
HZ001617,杭州,西湖区,文新社区,2026-08-06 02:00,0.005,0.5,0.35,28.1,正常,0
HZ001618,杭州,滨江区,滨康小区,2026-08-01 16:00,0.030,1.9,0.38,30.9,正常,0
HZ001619,杭州,余杭区,良渚文化村,2026-08-01 03:00,0.011,0.7,0.37,28.5,正常,0
HZ001620,杭州,拱墅区,大关小区,2026-08-07 08:00,0.127,8.1,0.33,30.6,正常,0
HZ001621,杭州,上城区,望江新园,2026-08-02 00:00,0.260,14.4,0.38,27.7,异常,1
HZ001622,杭州,萧山区,钱江世纪城社区,2026-08-04 13:00,0.061,4.4,0.36,33.4,正常,0
HZ001623,杭州,钱塘区,大学城北社区,2026-08-01 20:00,0.093,5.9,0.31,29.5,正常,0
HZ001624,杭州,临平区,星桥社区,2026-08-02 02:00,0.022,1.5,0.35,30.0,正常,0
HZ001625,杭州,西湖区,三墩新天地,2026-08-01 10:00,0.078,5.7,0.29,27.6,正常,0
HZ001626,杭州,滨江区,钱塘春晓,2026-08-01 22:00,0.105,10.4,0.32,27.6,正常,0
HZ001627,杭州,余杭区,闲林山水,2026-08-02 02:00,0.012,1.2,0.29,28.2,正常,0
HZ001628,杭州,拱墅区,湖墅家园,2026-08-04 10:00,0.038,2.9,0.33,28.9,正常,0
HZ001629,杭州,上城区,采荷小区,2026-08-07 13:00,0.064,5.0,0.29,31.5,正常,0
HZ001630,杭州,萧山区,宁围佳境,2026-08-04 00:00,0.011,1.1,0.29,28.7,正常,0
HZ001631,杭州,钱塘区,大学城北社区,2026-08-03 22:00,0.040,3.6,0.32,28.3,正常,0
HZ001632,杭州,临平区,星桥社区,2026-08-05 16:00,0.069,6.1,0.35,32.0,正常,0
HZ001633,杭州,西湖区,转塘家园,2026-08-02 21:00,0.108,10.5,0.30,28.6,正常,0
HZ001634,杭州,滨江区,钱塘春晓,2026-08-07 13:00,0.077,5.6,0.33,32.2,正常,0
HZ001635,杭州,余杭区,良渚文化村,2026-08-04 08:00,0.084,7.7,0.33,30.2,正常,0
HZ001636,杭州,拱墅区,大关小区,2026-08-06 23:00,0.055,3.7,0.33,29.5,正常,0
HZ001637,杭州,上城区,望江新园,2026-08-03 20:00,0.101,8.9,0.34,29.7,正常,0
HZ001638,杭州,萧山区,钱江世纪城社区,2026-08-06 05:00,0.030,2.0,0.37,27.5,正常,0
HZ001639,杭州,钱塘区,江东家园,2026-08-03 20:00,0.118,7.9,0.34,30.4,正常,0
HZ001640,杭州,临平区,乔司家园,2026-08-02 13:00,0.120,9.4,0.38,30.8,正常,0
HZ001641,杭州,西湖区,文新社区,2026-08-03 22:00,0.100,9.3,0.32,30.5,正常,0
HZ001642,杭州,滨江区,白马湖社区,2026-08-04 21:00,0.080,6.4,0.39,29.1,正常,0
HZ001643,杭州,余杭区,良渚文化村,2026-08-02 16:00,0.100,9.8,0.29,31.2,正常,0
HZ001644,杭州,拱墅区,大关小区,2026-08-01 16:00,0.022,1.7,0.28,32.3,正常,0
HZ001645,杭州,上城区,丁兰社区,2026-08-03 07:00,0.143,10.3,0.32,29.8,正常,0
HZ001646,杭州,萧山区,宁围佳境,2026-08-03 16:00,0.067,6.1,0.37,31.1,正常,0
HZ001647,杭州,钱塘区,河庄新苑,2026-08-04 02:00,0.024,2.1,0.37,27.8,正常,0
HZ001648,杭州,临平区,星桥社区,2026-08-05 09:00,0.037,2.9,0.32,27.6,正常,0
HZ001649,杭州,西湖区,翠苑小区,2026-08-03 10:00,0.063,6.0,0.28,30.4,正常,0
HZ001650,杭州,滨江区,钱塘春晓,2026-08-06 03:00,0.015,1.2,0.29,27.8,正常,0
HZ001651,杭州,余杭区,未来科技城社区,2026-08-04 05:00,0.016,1.0,0.33,28.6,正常,0
HZ001652,杭州,拱墅区,湖墅家园,2026-08-01 07:00,0.049,3.3,0.38,30.9,正常,0
HZ001653,杭州,上城区,采荷小区,2026-08-02 12:00,0.122,8.4,0.37,33.0,正常,0
HZ001654,杭州,萧山区,湘湖家园,2026-08-04 01:00,0.006,0.4,0.29,30.9,正常,0
HZ001655,杭州,钱塘区,下沙社区,2026-08-03 12:00,0.081,5.5,0.37,31.5,正常,0
HZ001656,杭州,临平区,塘栖人家,2026-08-04 13:00,0.106,7.0,0.31,33.5,正常,0
HZ001657,杭州,西湖区,转塘家园,2026-08-05 10:00,0.158,10.0,0.32,29.9,正常,0
HZ001658,杭州,滨江区,江南花园,2026-08-07 18:00,0.129,9.5,0.34,28.8,正常,0
HZ001659,杭州,余杭区,未来科技城社区,2026-08-04 08:00,0.026,1.8,0.33,30.8,正常,0
HZ001660,杭州,拱墅区,半山家园,2026-08-04 03:00,0.004,0.3,0.30,28.1,正常,0
HZ001661,杭州,上城区,丁兰社区,2026-08-05 18:00,0.258,17.3,0.30,30.8,异常,1
HZ001662,杭州,萧山区,钱江世纪城社区,2026-08-04 19:00,0.099,8.3,0.32,27.7,正常,0
HZ001663,杭州,钱塘区,河庄新苑,2026-08-04 18:00,0.033,3.1,0.36,29.2,正常,0
HZ001664,杭州,临平区,星桥社区,2026-08-07 01:00,0.006,0.5,0.34,28.4,正常,0
HZ001665,杭州,西湖区,三墩新天地,2026-08-07 13:00,0.128,9.4,0.30,32.9,正常,0
HZ001666,杭州,滨江区,滨康小区,2026-08-06 01:00,0.027,2.2,0.31,29.5,正常,0
HZ001667,杭州,余杭区,闲林山水,2026-08-03 06:00,0.112,7.2,0.35,27.8,正常,0
HZ001668,杭州,拱墅区,湖墅家园,2026-08-05 13:00,0.032,2.0,0.30,30.6,正常,0
HZ001669,杭州,上城区,近江家园,2026-08-01 12:00,0.060,5.9,0.38,30.7,正常,0
HZ001670,杭州,萧山区,北干社区,2026-08-07 10:00,0.038,2.8,0.29,30.0,正常,0
HZ001671,杭州,钱塘区,下沙社区,2026-08-05 20:00,0.041,3.2,0.31,29.5,正常,0
HZ001672,杭州,临平区,塘栖人家,2026-08-06 05:00,0.001,0.1,0.32,29.8,正常,0
HZ001673,杭州,西湖区,文新社区,2026-08-03 21:00,0.139,8.7,0.33,29.4,正常,0
HZ001674,杭州,滨江区,钱塘春晓,2026-08-06 03:00,0.011,0.9,0.39,30.9,正常,0
HZ001675,杭州,余杭区,仓前家园,2026-08-05 07:00,0.018,1.1,0.38,28.9,正常,0
HZ001676,杭州,拱墅区,运河新城社区,2026-08-06 17:00,0.063,4.3,0.38,32.1,正常,0
HZ001677,杭州,上城区,望江新园,2026-08-07 04:00,0.340,17.1,0.35,29.5,异常,1
HZ001678,杭州,萧山区,宁围佳境,2026-08-04 22:00,0.030,2.4,0.35,29.9,正常,0
HZ001679,杭州,钱塘区,下沙社区,2026-08-04 21:00,0.056,5.5,0.32,29.4,正常,0
HZ001680,杭州,临平区,南苑小区,2026-08-04 17:00,0.056,3.9,0.34,30.9,正常,0
HZ001681,杭州,西湖区,三墩新天地,2026-08-04 16:00,0.079,6.0,0.31,30.7,正常,0
HZ001682,杭州,滨江区,白马湖社区,2026-08-02 04:00,0.020,1.3,0.36,28.1,正常,0
HZ001683,杭州,余杭区,未来科技城社区,2026-08-07 20:00,0.055,5.5,0.29,29.6,正常,0
HZ001684,杭州,拱墅区,大关小区,2026-08-06 00:00,0.007,0.5,0.33,30.9,正常,0
HZ001685,杭州,上城区,采荷小区,2026-08-05 23:00,0.040,3.3,0.33,30.8,正常,0
HZ001686,杭州,萧山区,宁围佳境,2026-08-03 13:00,0.033,2.1,0.14,32.2,异常,1
HZ001687,杭州,钱塘区,大学城北社区,2026-08-06 00:00,0.279,22.7,0.32,30.9,异常,1
HZ001688,杭州,临平区,塘栖人家,2026-08-07 01:00,0.014,1.0,0.19,30.7,异常,1
HZ001689,杭州,西湖区,三墩新天地,2026-08-02 17:00,0.058,3.7,0.29,30.0,正常,0
HZ001690,杭州,滨江区,白马湖社区,2026-08-02 12:00,0.074,6.8,0.34,32.0,正常,0
HZ001691,杭州,余杭区,良渚文化村,2026-08-04 12:00,0.028,2.3,0.37,30.2,正常,0
HZ001692,杭州,拱墅区,湖墅家园,2026-08-06 14:00,0.028,2.6,0.31,32.7,正常,0
HZ001693,杭州,上城区,采荷小区,2026-08-01 05:00,0.031,2.1,0.34,30.0,正常,0
HZ001694,杭州,萧山区,北干社区,2026-08-06 20:00,0.018,1.5,0.39,30.8,正常,0
HZ001695,杭州,钱塘区,下沙社区,2026-08-07 11:00,0.010,0.8,0.38,32.4,正常,0
HZ001696,杭州,临平区,乔司家园,2026-08-01 17:00,0.122,7.6,0.33,32.2,正常,0
HZ001697,杭州,西湖区,转塘家园,2026-08-07 12:00,0.017,1.4,0.31,33.1,正常,0
HZ001698,杭州,滨江区,钱塘春晓,2026-08-04 18:00,0.021,1.9,0.31,30.3,正常,0
HZ001699,杭州,余杭区,仓前家园,2026-08-04 18:00,0.068,6.1,0.28,30.0,正常,0
HZ001700,杭州,拱墅区,半山家园,2026-08-01 21:00,0.054,5.1,0.28,28.4,正常,0
HZ001701,杭州,上城区,采荷小区,2026-08-04 10:00,0.019,1.2,0.29,29.7,正常,0
HZ001702,杭州,萧山区,宁围佳境,2026-08-06 03:00,0.003,0.2,0.31,30.8,正常,0
HZ001703,杭州,钱塘区,江东家园,2026-08-03 00:00,0.007,0.6,0.29,29.8,正常,0
HZ001704,杭州,临平区,星桥社区,2026-08-01 15:00,0.024,1.7,0.35,33.2,正常,0
HZ001705,杭州,西湖区,文新社区,2026-08-04 21:00,0.093,6.2,0.28,30.7,正常,0
HZ001706,杭州,滨江区,江南花园,2026-08-03 02:00,0.010,0.8,0.39,30.0,正常,0
HZ001707,杭州,余杭区,良渚文化村,2026-08-02 11:00,0.115,9.5,0.28,33.3,正常,0
HZ001708,杭州,拱墅区,半山家园,2026-08-05 02:00,0.024,1.7,0.28,27.8,正常,0
HZ001709,杭州,上城区,丁兰社区,2026-08-06 12:00,0.037,3.5,0.36,33.0,正常,0
HZ001710,杭州,萧山区,北干社区,2026-08-02 04:00,0.034,2.2,0.32,28.4,正常,0
HZ001711,杭州,钱塘区,河庄新苑,2026-08-04 10:00,0.056,4.5,0.31,29.6,正常,0
HZ001712,杭州,临平区,乔司家园,2026-08-04 05:00,0.026,2.2,0.39,28.9,正常,0
HZ001713,杭州,西湖区,三墩新天地,2026-08-05 20:00,0.100,8.9,0.31,29.0,正常,0
HZ001714,杭州,滨江区,钱塘春晓,2026-08-07 23:00,0.011,0.9,0.30,30.4,正常,0
HZ001715,杭州,余杭区,仓前家园,2026-08-01 06:00,0.028,2.2,0.30,28.0,正常,0
HZ001716,杭州,拱墅区,大关小区,2026-08-06 07:00,0.027,2.4,0.34,27.6,正常,0
HZ001717,杭州,上城区,望江新园,2026-08-03 02:00,0.028,2.1,0.35,29.4,正常,0
HZ001718,杭州,萧山区,北干社区,2026-08-06 22:00,0.150,9.7,0.38,29.6,正常,0
HZ001719,杭州,钱塘区,大学城北社区,2026-08-05 19:00,0.092,5.7,0.39,28.1,正常,0
HZ001720,杭州,临平区,乔司家园,2026-08-05 16:00,0.039,3.8,0.14,31.9,异常,1
HZ001721,杭州,西湖区,转塘家园,2026-08-01 19:00,0.028,2.4,0.29,30.9,正常,0
HZ001722,杭州,滨江区,滨康小区,2026-08-02 13:00,0.082,5.6,0.37,33.5,正常,0
HZ001723,杭州,余杭区,未来科技城社区,2026-08-06 21:00,0.098,7.4,0.37,29.5,正常,0
HZ001724,杭州,拱墅区,大关小区,2026-08-06 15:00,0.095,7.2,0.34,33.6,正常,0
HZ001725,杭州,上城区,采荷小区,2026-08-03 08:00,0.036,3.2,0.37,29.7,正常,0
HZ001726,杭州,萧山区,北干社区,2026-08-01 13:00,0.123,10.2,0.32,33.9,正常,0
HZ001727,杭州,钱塘区,下沙社区,2026-08-05 01:00,0.007,0.7,0.33,28.5,正常,0
HZ001728,杭州,临平区,塘栖人家,2026-08-06 17:00,0.022,1.7,0.36,33.9,正常,0
HZ001729,杭州,西湖区,三墩新天地,2026-08-06 05:00,0.032,2.1,0.30,27.5,正常,0
HZ001730,杭州,滨江区,白马湖社区,2026-08-04 07:00,0.068,4.3,0.32,27.3,正常,0
HZ001731,杭州,余杭区,良渚文化村,2026-08-01 20:00,0.141,9.5,0.35,27.9,正常,0
HZ001732,杭州,拱墅区,半山家园,2026-08-04 15:00,0.095,6.5,0.37,30.5,正常,0
HZ001733,杭州,上城区,望江新园,2026-08-07 12:00,0.098,8.8,0.32,31.6,正常,0
HZ001734,杭州,萧山区,北干社区,2026-08-06 21:00,0.072,5.5,0.36,29.1,正常,0
HZ001735,杭州,钱塘区,大学城北社区,2026-08-03 12:00,0.053,5.1,0.29,30.7,正常,0
HZ001736,杭州,临平区,乔司家园,2026-08-01 20:00,0.129,9.7,0.29,27.1,正常,0
HZ001737,杭州,西湖区,转塘家园,2026-08-04 03:00,0.021,1.6,0.29,28.9,正常,0
HZ001738,杭州,滨江区,钱塘春晓,2026-08-05 08:00,0.028,2.2,0.33,30.0,正常,0
HZ001739,杭州,余杭区,仓前家园,2026-08-07 07:00,0.445,24.5,0.35,28.4,异常,1
HZ001740,杭州,拱墅区,湖墅家园,2026-08-01 06:00,0.051,4.1,0.37,30.2,正常,0
HZ001741,杭州,上城区,望江新园,2026-08-06 23:00,0.057,4.8,0.39,29.0,正常,0
HZ001742,杭州,萧山区,钱江世纪城社区,2026-08-05 11:00,0.133,8.8,0.37,33.3,正常,0
HZ001743,杭州,钱塘区,大学城北社区,2026-08-04 03:00,0.002,0.2,0.29,28.0,正常,0
HZ001744,杭州,临平区,南苑小区,2026-08-07 12:00,0.031,2.1,0.33,31.9,正常,0
HZ001745,杭州,西湖区,转塘家园,2026-08-02 10:00,0.055,5.3,0.38,27.4,正常,0
HZ001746,杭州,滨江区,钱塘春晓,2026-08-02 09:00,0.107,7.2,0.39,28.9,正常,0
HZ001747,杭州,余杭区,良渚文化村,2026-08-02 23:00,0.045,3.9,0.31,28.3,正常,0
HZ001748,杭州,拱墅区,半山家园,2026-08-01 00:00,0.009,0.8,0.36,27.5,正常,0
HZ001749,杭州,上城区,近江家园,2026-08-04 14:00,0.067,6.4,0.35,31.7,正常,0
HZ001750,杭州,萧山区,钱江世纪城社区,2026-08-01 20:00,0.066,4.2,0.32,28.9,正常,0
HZ001751,杭州,钱塘区,大学城北社区,2026-08-04 01:00,0.007,0.7,0.37,29.2,正常,0
HZ001752,杭州,临平区,塘栖人家,2026-08-05 09:00,0.100,7.0,0.38,29.6,正常,0
HZ001753,杭州,西湖区,三墩新天地,2026-08-07 21:00,0.108,8.7,0.35,29.4,正常,0
HZ001754,杭州,滨江区,江南花园,2026-08-02 15:00,0.038,3.2,0.29,32.1,正常,0
HZ001755,杭州,余杭区,闲林山水,2026-08-06 03:00,0.012,1.0,0.28,29.5,正常,0
HZ001756,杭州,拱墅区,湖墅家园,2026-08-04 05:00,0.011,0.8,0.33,29.1,正常,0
HZ001757,杭州,上城区,采荷小区,2026-08-05 08:00,0.085,8.1,0.38,28.4,正常,0
HZ001758,杭州,萧山区,湘湖家园,2026-08-01 18:00,0.095,7.5,0.29,29.2,正常,0
HZ001759,杭州,钱塘区,河庄新苑,2026-08-04 21:00,0.168,12.7,0.30,29.1,异常,1
HZ001760,杭州,临平区,星桥社区,2026-08-05 11:00,0.074,7.2,0.38,31.6,正常,0
HZ001761,杭州,西湖区,三墩新天地,2026-08-03 14:00,0.040,3.8,0.33,30.2,正常,0
HZ001762,杭州,滨江区,钱塘春晓,2026-08-05 07:00,0.045,3.1,0.28,27.2,正常,0
HZ001763,杭州,余杭区,闲林山水,2026-08-06 08:00,0.057,3.7,0.37,27.2,正常,0
HZ001764,杭州,拱墅区,运河新城社区,2026-08-02 04:00,0.029,2.0,0.28,30.8,正常,0
HZ001765,杭州,上城区,丁兰社区,2026-08-04 03:00,0.007,0.6,0.34,27.5,正常,0
HZ001766,杭州,萧山区,钱江世纪城社区,2026-08-07 01:00,0.021,1.5,0.31,30.4,正常,0
HZ001767,杭州,钱塘区,大学城北社区,2026-08-04 12:00,0.113,10.5,0.31,30.7,正常,0
HZ001768,杭州,临平区,星桥社区,2026-08-07 12:00,0.073,5.2,0.35,33.7,正常,0
HZ001769,杭州,西湖区,转塘家园,2026-08-06 06:00,0.113,10.3,0.38,28.3,正常,0
HZ001770,杭州,滨江区,白马湖社区,2026-08-04 00:00,0.002,0.2,0.33,28.9,正常,0
HZ001771,杭州,余杭区,闲林山水,2026-08-03 00:00,0.015,1.3,0.34,30.8,正常,0
HZ001772,杭州,拱墅区,半山家园,2026-08-02 05:00,0.015,1.4,0.36,30.1,正常,0
HZ001773,杭州,上城区,采荷小区,2026-08-05 10:00,0.066,5.4,0.29,29.9,正常,0
HZ001774,杭州,萧山区,湘湖家园,2026-08-06 08:00,0.078,5.9,0.33,27.3,正常,0
HZ001775,杭州,钱塘区,下沙社区,2026-08-05 20:00,0.067,4.4,0.37,28.2,正常,0
HZ001776,杭州,临平区,南苑小区,2026-08-05 11:00,0.115,10.3,0.33,30.8,正常,0
HZ001777,杭州,西湖区,文新社区,2026-08-01 00:00,0.019,1.7,0.36,29.9,正常,0
HZ001778,杭州,滨江区,滨康小区,2026-08-02 05:00,0.033,2.1,0.28,31.0,正常,0
HZ001779,杭州,余杭区,仓前家园,2026-08-06 14:00,0.017,1.6,0.30,32.1,正常,0
HZ001780,杭州,拱墅区,运河新城社区,2026-08-01 21:00,0.046,3.0,0.39,27.4,正常,0
HZ001781,杭州,上城区,丁兰社区,2026-08-01 04:00,0.032,2.1,0.31,28.3,正常,0
HZ001782,杭州,萧山区,钱江世纪城社区,2026-08-07 13:00,0.022,1.6,0.38,33.1,正常,0
HZ001783,杭州,钱塘区,河庄新苑,2026-08-02 11:00,0.056,3.6,0.31,32.4,正常,0
HZ001784,杭州,临平区,南苑小区,2026-08-06 05:00,0.007,0.5,0.34,27.6,正常,0
HZ001785,杭州,西湖区,三墩新天地,2026-08-07 08:00,0.065,5.3,0.39,28.9,正常,0
HZ001786,杭州,滨江区,白马湖社区,2026-08-01 13:00,0.077,5.1,0.36,32.6,正常,0
HZ001787,杭州,余杭区,良渚文化村,2026-08-01 15:00,0.042,3.8,0.29,30.2,正常,0
HZ001788,杭州,拱墅区,大关小区,2026-08-05 11:00,0.107,10.3,0.38,33.3,正常,0
HZ001789,杭州,上城区,采荷小区,2026-08-05 23:00,0.018,1.2,0.31,29.6,正常,0
HZ001790,杭州,萧山区,湘湖家园,2026-08-05 06:00,0.060,5.9,0.37,29.7,正常,0
HZ001791,杭州,钱塘区,下沙社区,2026-08-03 01:00,0.024,1.7,0.31,28.7,正常,0
HZ001792,杭州,临平区,星桥社区,2026-08-03 06:00,0.135,9.1,0.37,27.6,正常,0
HZ001793,杭州,西湖区,三墩新天地,2026-08-02 22:00,0.118,10.5,0.38,27.5,正常,0
HZ001794,杭州,滨江区,钱塘春晓,2026-08-03 19:00,0.017,1.7,0.36,29.1,正常,0
HZ001795,杭州,余杭区,仓前家园,2026-08-04 17:00,0.083,5.7,0.30,31.6,正常,0
HZ001796,杭州,拱墅区,大关小区,2026-08-04 19:00,0.134,9.8,0.32,30.5,正常,0
HZ001797,杭州,上城区,近江家园,2026-08-02 02:00,0.031,2.1,0.34,29.7,正常,0
HZ001798,杭州,萧山区,湘湖家园,2026-08-05 05:00,0.017,1.2,0.35,29.7,正常,0
HZ001799,杭州,钱塘区,大学城北社区,2026-08-05 05:00,0.014,1.1,0.34,27.5,正常,0
HZ001800,杭州,临平区,南苑小区,2026-08-06 03:00,0.025,1.8,0.37,28.2,正常,0
HZ001801,杭州,西湖区,三墩新天地,2026-08-05 12:00,0.104,8.7,0.31,30.6,正常,0
HZ001802,杭州,滨江区,江南花园,2026-08-05 04:00,0.015,0.9,0.53,27.7,异常,1
HZ001803,杭州,余杭区,仓前家园,2026-08-06 14:00,0.253,19.4,0.30,30.1,异常,1
HZ001804,杭州,拱墅区,大关小区,2026-08-04 17:00,0.136,8.9,0.33,31.3,正常,0
HZ001805,杭州,上城区,丁兰社区,2026-08-01 20:00,0.191,14.6,0.34,29.2,异常,1
HZ001806,杭州,萧山区,钱江世纪城社区,2026-08-07 07:00,0.051,3.5,0.38,29.2,正常,0
HZ001807,杭州,钱塘区,江东家园,2026-08-06 12:00,0.081,5.1,0.31,32.1,正常,0
HZ001808,杭州,临平区,塘栖人家,2026-08-07 11:00,0.032,2.0,0.37,32.8,正常,0
HZ001809,杭州,西湖区,翠苑小区,2026-08-04 13:00,0.053,5.2,0.36,32.3,正常,0
HZ001810,杭州,滨江区,滨康小区,2026-08-02 22:00,0.040,3.5,0.33,27.1,正常,0
HZ001811,杭州,余杭区,良渚文化村,2026-08-06 18:00,0.035,2.9,0.34,28.8,正常,0
HZ001812,杭州,拱墅区,半山家园,2026-08-01 17:00,0.027,2.3,0.36,31.1,正常,0
HZ001813,杭州,上城区,丁兰社区,2026-08-01 10:00,0.067,6.2,0.36,27.1,正常,0
HZ001814,杭州,萧山区,宁围佳境,2026-08-06 01:00,0.015,1.5,0.30,30.7,正常,0
HZ001815,杭州,钱塘区,大学城北社区,2026-08-07 21:00,0.049,4.6,0.36,30.2,正常,0
HZ001816,杭州,临平区,乔司家园,2026-08-01 22:00,0.085,8.3,0.36,28.4,正常,0
HZ001817,杭州,西湖区,文新社区,2026-08-04 22:00,0.071,5.3,0.31,29.0,正常,0
HZ001818,杭州,滨江区,滨康小区,2026-08-03 11:00,0.065,5.7,0.32,30.7,正常,0
HZ001819,杭州,余杭区,未来科技城社区,2026-08-04 06:00,0.086,5.5,0.29,30.8,正常,0
HZ001820,杭州,拱墅区,半山家园,2026-08-04 20:00,0.039,3.3,0.55,29.3,异常,1
HZ001821,杭州,上城区,采荷小区,2026-08-01 12:00,0.082,7.4,0.33,30.4,正常,0
HZ001822,杭州,萧山区,钱江世纪城社区,2026-08-01 23:00,0.124,9.7,0.34,29.5,正常,0
HZ001823,杭州,钱塘区,大学城北社区,2026-08-07 01:00,0.021,1.8,0.37,27.2,正常,0
HZ001824,杭州,临平区,星桥社区,2026-08-03 03:00,0.007,0.5,0.35,30.8,正常,0
HZ001825,杭州,西湖区,翠苑小区,2026-08-04 13:00,0.084,6.2,0.32,32.0,正常,0
HZ001826,杭州,滨江区,钱塘春晓,2026-08-07 20:00,0.031,2.8,0.30,28.6,正常,0
HZ001827,杭州,余杭区,闲林山水,2026-08-02 20:00,0.009,0.8,0.36,27.1,正常,0
HZ001828,杭州,拱墅区,湖墅家园,2026-08-01 15:00,0.010,0.8,0.28,31.1,正常,0
HZ001829,杭州,上城区,望江新园,2026-08-07 18:00,0.088,7.2,0.34,28.0,正常,0
HZ001830,杭州,萧山区,北干社区,2026-08-06 19:00,0.081,7.8,0.33,27.4,正常,0
HZ001831,杭州,钱塘区,下沙社区,2026-08-05 06:00,0.072,4.9,0.39,30.8,正常,0
HZ001832,杭州,临平区,星桥社区,2026-08-05 08:00,0.101,6.7,0.32,30.3,正常,0
HZ001833,杭州,西湖区,三墩新天地,2026-08-01 03:00,0.020,1.5,0.35,27.9,正常,0
HZ001834,杭州,滨江区,白马湖社区,2026-08-03 11:00,0.055,4.9,0.30,30.6,正常,0
HZ001835,杭州,余杭区,未来科技城社区,2026-08-06 15:00,0.119,9.6,0.34,30.4,正常,0
HZ001836,杭州,拱墅区,运河新城社区,2026-08-04 05:00,0.009,0.7,0.38,30.3,正常,0
HZ001837,杭州,上城区,近江家园,2026-08-07 18:00,0.069,5.2,0.35,27.8,正常,0
HZ001838,杭州,萧山区,钱江世纪城社区,2026-08-01 02:00,0.029,1.8,0.34,30.9,正常,0
HZ001839,杭州,钱塘区,下沙社区,2026-08-06 14:00,0.134,10.5,0.29,30.7,正常,0
HZ001840,杭州,临平区,星桥社区,2026-08-01 10:00,0.037,2.6,0.29,28.8,正常,0
HZ001841,杭州,西湖区,文新社区,2026-08-02 06:00,0.132,10.3,0.38,30.1,正常,0
HZ001842,杭州,滨江区,钱塘春晓,2026-08-06 22:00,0.096,9.5,0.34,29.7,正常,0
HZ001843,杭州,余杭区,仓前家园,2026-08-02 01:00,0.029,1.9,0.39,30.7,正常,0
HZ001844,杭州,拱墅区,湖墅家园,2026-08-04 23:00,0.023,2.0,0.37,30.9,正常,0
HZ001845,杭州,上城区,望江新园,2026-08-04 11:00,0.102,9.3,0.32,32.0,正常,0
HZ001846,杭州,萧山区,宁围佳境,2026-08-06 22:00,0.032,2.5,0.31,27.9,正常,0
HZ001847,杭州,钱塘区,江东家园,2026-08-06 05:00,0.025,2.1,0.28,27.0,正常,0
HZ001848,杭州,临平区,塘栖人家,2026-08-02 05:00,0.013,0.8,0.28,28.9,正常,0
HZ001849,杭州,西湖区,三墩新天地,2026-08-05 20:00,0.118,8.0,0.33,30.1,正常,0
HZ001850,杭州,滨江区,钱塘春晓,2026-08-06 18:00,0.029,1.9,0.32,28.2,正常,0
HZ001851,杭州,余杭区,仓前家园,2026-08-04 14:00,0.112,9.0,0.29,33.1,正常,0
HZ001852,杭州,拱墅区,大关小区,2026-08-01 17:00,0.132,9.2,0.35,30.5,正常,0
HZ001853,杭州,上城区,丁兰社区,2026-08-07 18:00,0.087,8.4,0.31,27.1,正常,0
HZ001854,杭州,萧山区,湘湖家园,2026-08-07 13:00,0.074,5.4,0.30,31.8,正常,0
HZ001855,杭州,钱塘区,河庄新苑,2026-08-02 17:00,0.093,7.4,0.30,30.7,正常,0
HZ001856,杭州,临平区,乔司家园,2026-08-01 17:00,0.017,1.5,0.32,30.1,正常,0
HZ001857,杭州,西湖区,三墩新天地,2026-08-04 23:00,0.077,5.4,0.33,30.5,正常,0
HZ001858,杭州,滨江区,江南花园,2026-08-05 19:00,0.085,8.1,0.30,27.4,正常,0
HZ001859,杭州,余杭区,闲林山水,2026-08-04 05:00,0.006,0.5,0.28,30.1,正常,0
HZ001860,杭州,拱墅区,大关小区,2026-08-04 10:00,0.092,6.8,0.15,29.7,异常,1
HZ001861,杭州,上城区,望江新园,2026-08-07 19:00,0.042,3.3,0.38,29.1,正常,0
HZ001862,杭州,萧山区,北干社区,2026-08-07 15:00,0.031,2.0,0.28,31.2,正常,0
HZ001863,杭州,钱塘区,河庄新苑,2026-08-07 19:00,0.094,6.7,0.28,30.3,正常,0
HZ001864,杭州,临平区,南苑小区,2026-08-05 02:00,0.028,1.8,0.32,30.2,正常,0
HZ001865,杭州,西湖区,翠苑小区,2026-08-02 14:00,0.092,6.9,0.33,30.3,正常,0
HZ001866,杭州,滨江区,江南花园,2026-08-05 22:00,0.047,4.5,0.35,29.4,正常,0
HZ001867,杭州,余杭区,未来科技城社区,2026-08-07 00:00,0.015,1.1,0.37,27.2,正常,0
HZ001868,杭州,拱墅区,半山家园,2026-08-07 17:00,0.044,3.5,0.33,30.9,正常,0
HZ001869,杭州,上城区,采荷小区,2026-08-04 10:00,0.092,8.5,0.33,29.9,正常,0
HZ001870,杭州,萧山区,湘湖家园,2026-08-01 03:00,0.022,2.0,0.29,30.3,正常,0
HZ001871,杭州,钱塘区,江东家园,2026-08-04 21:00,0.081,6.7,0.30,28.2,正常,0
HZ001872,杭州,临平区,乔司家园,2026-08-03 05:00,0.027,1.8,0.36,27.4,正常,0
HZ001873,杭州,西湖区,翠苑小区,2026-08-03 08:00,0.106,7.5,0.38,27.1,正常,0
HZ001874,杭州,滨江区,江南花园,2026-08-03 02:00,0.019,1.7,0.32,28.1,正常,0
HZ001875,杭州,余杭区,仓前家园,2026-08-07 13:00,0.110,9.0,0.35,30.8,正常,0
HZ001876,杭州,拱墅区,大关小区,2026-08-07 09:00,0.096,7.0,0.36,30.1,正常,0
HZ001877,杭州,上城区,近江家园,2026-08-03 13:00,0.084,5.9,0.34,32.3,正常,0
HZ001878,杭州,萧山区,北干社区,2026-08-02 18:00,0.020,1.5,0.36,27.9,正常,0
HZ001879,杭州,钱塘区,下沙社区,2026-08-02 22:00,0.017,1.2,0.33,29.8,正常,0
HZ001880,杭州,临平区,星桥社区,2026-08-04 10:00,0.054,3.7,0.39,28.9,正常,0
HZ001881,杭州,西湖区,转塘家园,2026-08-03 03:00,0.018,1.5,0.38,28.0,正常,0
HZ001882,杭州,滨江区,白马湖社区,2026-08-04 20:00,0.062,4.3,0.31,27.8,正常,0
HZ001883,杭州,余杭区,良渚文化村,2026-08-06 19:00,0.022,1.5,0.28,29.5,正常,0
HZ001884,杭州,拱墅区,大关小区,2026-08-02 13:00,0.013,1.2,0.36,30.9,正常,0
HZ001885,杭州,上城区,丁兰社区,2026-08-05 11:00,0.109,7.6,0.35,31.6,正常,0
HZ001886,杭州,萧山区,钱江世纪城社区,2026-08-04 19:00,0.085,5.6,0.33,28.0,正常,0
HZ001887,杭州,钱塘区,下沙社区,2026-08-07 23:00,0.112,9.1,0.36,29.2,正常,0
HZ001888,杭州,临平区,南苑小区,2026-08-06 01:00,0.031,2.3,0.29,27.3,正常,0
HZ001889,杭州,西湖区,三墩新天地,2026-08-06 13:00,0.037,3.3,0.39,30.9,正常,0
HZ001890,杭州,滨江区,钱塘春晓,2026-08-07 23:00,0.121,10.0,0.29,28.2,正常,0
HZ001891,杭州,余杭区,闲林山水,2026-08-01 10:00,0.107,8.4,0.32,29.0,正常,0
HZ001892,杭州,拱墅区,运河新城社区,2026-08-01 09:00,0.107,7.1,0.31,27.4,正常,0
HZ001893,杭州,上城区,采荷小区,2026-08-07 04:00,0.017,1.3,0.34,30.6,正常,0
HZ001894,杭州,萧山区,宁围佳境,2026-08-07 19:00,0.087,6.5,0.16,29.3,异常,1
HZ001895,杭州,钱塘区,江东家园,2026-08-01 22:00,0.090,5.7,0.38,30.5,正常,0
HZ001896,杭州,临平区,南苑小区,2026-08-07 17:00,0.090,6.3,0.37,30.2,正常,0
HZ001897,杭州,西湖区,三墩新天地,2026-08-06 12:00,0.102,8.4,0.29,32.8,正常,0
HZ001898,杭州,滨江区,滨康小区,2026-08-04 03:00,0.001,0.1,0.30,29.8,正常,0
HZ001899,杭州,余杭区,仓前家园,2026-08-01 18:00,0.080,5.8,0.39,29.5,正常,0
HZ001900,杭州,拱墅区,湖墅家园,2026-08-04 09:00,0.116,7.4,0.38,28.4,正常,0
HZ001901,杭州,上城区,望江新园,2026-08-05 03:00,0.003,0.3,0.32,29.0,正常,0
HZ001902,杭州,萧山区,钱江世纪城社区,2026-08-05 17:00,0.058,4.6,0.30,32.4,正常,0
HZ001903,杭州,钱塘区,江东家园,2026-08-03 03:00,0.019,1.3,0.37,30.0,正常,0
HZ001904,杭州,临平区,塘栖人家,2026-08-07 18:00,0.121,8.5,0.38,27.5,正常,0
HZ001905,杭州,西湖区,文新社区,2026-08-05 03:00,0.001,0.1,0.35,30.6,正常,0
HZ001906,杭州,滨江区,钱塘春晓,2026-08-01 22:00,0.071,4.6,0.35,28.9,正常,0
HZ001907,杭州,余杭区,闲林山水,2026-08-05 02:00,0.032,2.2,0.28,30.8,正常,0
HZ001908,杭州,拱墅区,湖墅家园,2026-08-02 00:00,0.014,1.3,0.38,27.5,正常,0
HZ001909,杭州,上城区,望江新园,2026-08-05 21:00,0.022,1.5,0.31,29.5,正常,0
HZ001910,杭州,萧山区,钱江世纪城社区,2026-08-02 13:00,0.086,6.5,0.38,32.2,正常,0
HZ001911,杭州,钱塘区,下沙社区,2026-08-04 21:00,0.051,3.5,0.31,29.7,正常,0
HZ001912,杭州,临平区,乔司家园,2026-08-05 12:00,0.056,4.5,0.39,34.0,正常,0
HZ001913,杭州,西湖区,文新社区,2026-08-01 09:00,0.049,4.7,0.30,30.1,正常,0
HZ001914,杭州,滨江区,滨康小区,2026-08-04 20:00,0.030,2.0,0.38,27.3,正常,0
HZ001915,杭州,余杭区,未来科技城社区,2026-08-03 13:00,0.040,3.0,0.38,31.8,正常,0
HZ001916,杭州,拱墅区,湖墅家园,2026-08-03 04:00,0.017,1.2,0.36,28.7,正常,0
HZ001917,杭州,上城区,采荷小区,2026-08-02 07:00,0.040,3.7,0.32,27.3,正常,0
HZ001918,杭州,萧山区,湘湖家园,2026-08-03 00:00,0.027,2.2,0.34,27.1,正常,0
HZ001919,杭州,钱塘区,江东家园,2026-08-05 05:00,0.005,0.3,0.29,28.4,正常,0
HZ001920,杭州,临平区,塘栖人家,2026-08-01 01:00,0.017,1.6,0.29,30.3,正常,0
HZ001921,杭州,西湖区,翠苑小区,2026-08-02 04:00,0.015,1.3,0.30,27.4,正常,0
HZ001922,杭州,滨江区,江南花园,2026-08-01 05:00,0.001,0.1,0.36,27.9,正常,0
HZ001923,杭州,余杭区,仓前家园,2026-08-03 00:00,0.016,1.0,0.31,29.7,正常,0
HZ001924,杭州,拱墅区,大关小区,2026-08-01 13:00,0.098,8.0,0.33,32.7,正常,0
HZ001925,杭州,上城区,丁兰社区,2026-08-07 00:00,0.015,1.1,0.32,29.3,正常,0
HZ001926,杭州,萧山区,北干社区,2026-08-02 16:00,0.065,5.0,0.37,31.2,正常,0
HZ001927,杭州,钱塘区,河庄新苑,2026-08-06 23:00,0.022,1.8,0.36,28.7,正常,0
HZ001928,杭州,临平区,塘栖人家,2026-08-02 22:00,0.033,2.7,0.31,27.6,正常,0
HZ001929,杭州,西湖区,三墩新天地,2026-08-02 11:00,0.153,9.9,0.39,33.5,正常,0
HZ001930,杭州,滨江区,钱塘春晓,2026-08-02 22:00,0.037,3.0,0.30,30.6,正常,0
HZ001931,杭州,余杭区,良渚文化村,2026-08-02 19:00,0.078,7.4,0.35,27.2,正常,0
HZ001932,杭州,拱墅区,湖墅家园,2026-08-03 08:00,0.032,3.0,0.34,30.0,正常,0
HZ001933,杭州,上城区,丁兰社区,2026-08-05 07:00,0.021,1.6,0.39,28.5,正常,0
HZ001934,杭州,萧山区,钱江世纪城社区,2026-08-07 11:00,0.111,9.0,0.39,32.6,正常,0
HZ001935,杭州,钱塘区,下沙社区,2026-08-01 20:00,0.020,1.3,0.35,27.7,正常,0
HZ001936,杭州,临平区,南苑小区,2026-08-01 10:00,0.009,0.8,0.32,31.0,正常,0
HZ001937,杭州,西湖区,转塘家园,2026-08-03 15:00,0.116,9.2,0.34,30.4,正常,0
HZ001938,杭州,滨江区,钱塘春晓,2026-08-04 22:00,0.115,8.8,0.19,29.3,异常,1
HZ001939,杭州,余杭区,良渚文化村,2026-08-02 02:00,0.028,2.2,0.32,30.9,正常,0
HZ001940,杭州,拱墅区,运河新城社区,2026-08-02 11:00,0.093,8.5,0.33,30.6,正常,0
HZ001941,杭州,上城区,近江家园,2026-08-02 02:00,0.025,2.3,0.28,30.3,正常,0
HZ001942,杭州,萧山区,宁围佳境,2026-08-07 09:00,0.085,7.3,0.38,28.2,正常,0
HZ001943,杭州,钱塘区,江东家园,2026-08-06 11:00,0.105,8.9,0.32,32.2,正常,0
HZ001944,杭州,临平区,星桥社区,2026-08-02 23:00,0.010,1.0,0.34,29.1,正常,0
HZ001945,杭州,西湖区,文新社区,2026-08-01 12:00,0.110,8.8,0.30,33.7,正常,0
HZ001946,杭州,滨江区,江南花园,2026-08-03 18:00,0.076,6.4,0.29,28.5,正常,0
HZ001947,杭州,余杭区,仓前家园,2026-08-06 06:00,0.089,5.6,0.31,27.1,正常,0
HZ001948,杭州,拱墅区,半山家园,2026-08-03 02:00,0.006,0.5,0.37,29.5,正常,0
HZ001949,杭州,上城区,丁兰社区,2026-08-07 10:00,0.114,9.3,0.30,28.3,正常,0
HZ001950,杭州,萧山区,钱江世纪城社区,2026-08-05 05:00,0.001,0.1,0.30,27.4,正常,0
HZ001951,杭州,钱塘区,下沙社区,2026-08-04 17:00,0.014,1.1,0.37,32.8,正常,0
HZ001952,杭州,临平区,乔司家园,2026-08-07 12:00,0.081,7.4,0.32,33.2,正常,0
HZ001953,杭州,西湖区,翠苑小区,2026-08-04 01:00,0.033,2.2,0.31,28.1,正常,0
HZ001954,杭州,滨江区,钱塘春晓,2026-08-04 01:00,0.023,2.2,0.32,30.1,正常,0
HZ001955,杭州,余杭区,仓前家园,2026-08-04 22:00,0.128,9.3,0.36,30.7,正常,0
HZ001956,杭州,拱墅区,运河新城社区,2026-08-06 15:00,0.112,10.1,0.36,31.4,正常,0
HZ001957,杭州,上城区,采荷小区,2026-08-04 05:00,0.008,0.6,0.30,29.9,正常,0
HZ001958,杭州,萧山区,湘湖家园,2026-08-04 02:00,0.011,0.8,0.30,29.4,正常,0
HZ001959,杭州,钱塘区,大学城北社区,2026-08-03 19:00,0.055,5.0,0.30,28.8,正常,0
HZ001960,杭州,临平区,星桥社区,2026-08-05 19:00,0.062,4.0,0.29,28.5,正常,0
HZ001961,杭州,西湖区,三墩新天地,2026-08-05 05:00,0.026,2.3,0.33,30.0,正常,0
HZ001962,杭州,滨江区,白马湖社区,2026-08-03 08:00,0.071,4.9,0.38,27.7,正常,0
HZ001963,杭州,余杭区,闲林山水,2026-08-03 21:00,0.039,2.5,0.32,29.4,正常,0
HZ001964,杭州,拱墅区,运河新城社区,2026-08-06 11:00,0.069,5.0,0.32,32.2,正常,0
HZ001965,杭州,上城区,采荷小区,2026-08-04 03:00,0.008,0.5,0.31,29.8,正常,0
HZ001966,杭州,萧山区,钱江世纪城社区,2026-08-04 19:00,0.034,2.1,0.34,27.6,正常,0
HZ001967,杭州,钱塘区,河庄新苑,2026-08-01 01:00,0.024,2.2,0.38,30.2,正常,0
HZ001968,杭州,临平区,星桥社区,2026-08-01 05:00,0.018,1.5,0.33,27.6,正常,0
HZ001969,杭州,西湖区,文新社区,2026-08-03 10:00,0.032,2.5,0.34,30.0,正常,0
HZ001970,杭州,滨江区,白马湖社区,2026-08-06 13:00,0.120,9.1,0.33,30.1,正常,0
HZ001971,杭州,余杭区,闲林山水,2026-08-04 09:00,0.077,5.4,0.36,30.1,正常,0
HZ001972,杭州,拱墅区,湖墅家园,2026-08-04 21:00,0.014,1.1,0.39,30.7,正常,0
HZ001973,杭州,上城区,望江新园,2026-08-06 11:00,0.119,8.8,0.28,30.8,正常,0
HZ001974,杭州,萧山区,钱江世纪城社区,2026-08-06 21:00,0.051,3.5,0.35,30.3,正常,0
HZ001975,杭州,钱塘区,下沙社区,2026-08-03 18:00,0.084,6.6,0.29,27.7,正常,0
HZ001976,杭州,临平区,星桥社区,2026-08-01 10:00,0.083,7.6,0.38,28.3,正常,0
HZ001977,杭州,西湖区,翠苑小区,2026-08-02 22:00,0.083,6.3,0.30,27.5,正常,0
HZ001978,杭州,滨江区,江南花园,2026-08-02 04:00,0.007,0.4,0.38,27.1,正常,0
HZ001979,杭州,余杭区,未来科技城社区,2026-08-04 10:00,0.048,3.3,0.32,27.2,正常,0
HZ001980,杭州,拱墅区,半山家园,2026-08-03 20:00,0.040,2.5,0.55,28.8,异常,1
HZ001981,杭州,上城区,丁兰社区,2026-08-06 17:00,0.033,2.2,0.35,33.2,正常,0
HZ001982,杭州,萧山区,钱江世纪城社区,2026-08-03 02:00,0.011,1.0,0.29,27.9,正常,0
HZ001983,杭州,钱塘区,下沙社区,2026-08-06 06:00,0.072,5.6,0.37,27.7,正常,0
HZ001984,杭州,临平区,星桥社区,2026-08-03 06:00,0.111,9.4,0.33,27.3,正常,0
HZ001985,杭州,西湖区,翠苑小区,2026-08-06 00:00,0.025,1.9,0.35,27.6,正常,0
HZ001986,杭州,滨江区,滨康小区,2026-08-01 07:00,0.079,5.6,0.38,30.4,正常,0
HZ001987,杭州,余杭区,仓前家园,2026-08-03 07:00,0.034,3.1,0.37,28.1,正常,0
HZ001988,杭州,拱墅区,湖墅家园,2026-08-04 06:00,0.126,7.9,0.30,29.7,正常,0
HZ001989,杭州,上城区,望江新园,2026-08-04 14:00,0.086,5.5,0.29,30.1,正常,0
HZ001990,杭州,萧山区,北干社区,2026-08-02 02:00,0.007,0.6,0.35,27.0,正常,0
HZ001991,杭州,钱塘区,大学城北社区,2026-08-03 01:00,0.025,2.1,0.35,30.0,正常,0
HZ001992,杭州,临平区,乔司家园,2026-08-07 13:00,0.047,4.5,0.34,32.6,正常,0
HZ001993,杭州,西湖区,转塘家园,2026-08-07 16:00,0.018,1.4,0.35,32.1,正常,0
HZ001994,杭州,滨江区,白马湖社区,2026-08-06 10:00,0.082,7.5,0.49,30.7,异常,1
HZ001995,杭州,余杭区,良渚文化村,2026-08-01 18:00,0.119,9.4,0.32,27.4,正常,0
HZ001996,杭州,拱墅区,大关小区,2026-08-07 20:00,0.067,6.5,0.29,29.7,正常,0
HZ001997,杭州,上城区,望江新园,2026-08-07 17:00,0.030,2.8,0.34,30.5,正常,0
HZ001998,杭州,萧山区,宁围佳境,2026-08-07 22:00,0.107,9.5,0.28,28.8,正常,0
HZ001999,杭州,钱塘区,江东家园,2026-08-01 14:00,0.057,3.7,0.31,30.1,正常,0
HZ002000,杭州,临平区,星桥社区,2026-08-02 17:00,0.105,8.9,0.38,32.8,正常,0
HZ002001,杭州,西湖区,文新社区,2026-08-02 08:00,0.071,5.0,0.37,30.8,正常,0
HZ002002,杭州,滨江区,江南花园,2026-08-06 07:00,0.072,6.7,0.39,28.1,正常,0
HZ002003,杭州,余杭区,仓前家园,2026-08-04 03:00,0.014,1.3,0.36,27.3,正常,0
HZ002004,杭州,拱墅区,半山家园,2026-08-02 11:00,0.063,4.1,0.36,30.3,正常,0
HZ002005,杭州,上城区,采荷小区,2026-08-03 08:00,0.092,8.9,0.37,29.3,正常,0
HZ002006,杭州,萧山区,钱江世纪城社区,2026-08-03 02:00,0.030,2.3,0.37,28.8,正常,0
HZ002007,杭州,钱塘区,下沙社区,2026-08-04 09:00,0.089,8.9,0.37,30.5,正常,0
HZ002008,杭州,临平区,南苑小区,2026-08-04 02:00,0.004,0.2,0.36,29.0,正常,0
HZ002009,杭州,西湖区,三墩新天地,2026-08-06 13:00,0.025,1.8,0.39,32.1,正常,0
HZ002010,杭州,滨江区,江南花园,2026-08-06 06:00,0.096,8.7,0.31,29.9,正常,0
HZ002011,杭州,余杭区,未来科技城社区,2026-08-03 08:00,0.075,5.6,0.29,31.0,正常,0
HZ002012,杭州,拱墅区,运河新城社区,2026-08-03 22:00,0.105,9.1,0.30,27.1,正常,0
HZ002013,杭州,上城区,望江新园,2026-08-07 10:00,0.096,8.1,0.36,29.6,正常,0
HZ002014,杭州,萧山区,北干社区,2026-08-07 22:00,0.037,2.3,0.35,27.2,正常,0
HZ002015,杭州,钱塘区,下沙社区,2026-08-03 03:00,0.010,0.7,0.37,27.6,正常,0
HZ002016,杭州,临平区,南苑小区,2026-08-02 03:00,0.005,0.4,0.29,30.2,正常,0
HZ002017,杭州,西湖区,转塘家园,2026-08-03 15:00,0.011,0.9,0.36,33.4,正常,0
HZ002018,杭州,滨江区,钱塘春晓,2026-08-01 06:00,0.023,2.0,0.30,28.8,正常,0
HZ002019,杭州,余杭区,良渚文化村,2026-08-06 17:00,0.209,17.4,0.28,33.6,异常,1
HZ002020,杭州,拱墅区,大关小区,2026-08-05 00:00,0.022,1.4,0.28,27.4,正常,0
HZ002021,杭州,上城区,采荷小区,2026-08-01 21:00,0.099,8.1,0.39,29.6,正常,0
HZ002022,杭州,萧山区,宁围佳境,2026-08-02 02:00,0.001,0.1,0.32,30.4,正常,0
HZ002023,杭州,钱塘区,下沙社区,2026-08-07 17:00,0.059,5.6,0.33,31.6,正常,0
HZ002024,杭州,临平区,塘栖人家,2026-08-03 22:00,0.052,3.9,0.34,30.2,正常,0
HZ002025,杭州,西湖区,翠苑小区,2026-08-04 17:00,0.097,6.8,0.28,33.2,正常,0
HZ002026,杭州,滨江区,白马湖社区,2026-08-02 08:00,0.111,9.2,0.34,31.0,正常,0
HZ002027,杭州,余杭区,良渚文化村,2026-08-06 03:00,0.017,1.2,0.28,29.9,正常,0
HZ002028,杭州,拱墅区,运河新城社区,2026-08-07 06:00,0.118,10.0,0.35,31.0,正常,0
HZ002029,杭州,上城区,采荷小区,2026-08-04 05:00,0.004,0.3,0.29,29.0,正常,0
HZ002030,杭州,萧山区,宁围佳境,2026-08-04 11:00,0.073,7.0,0.39,30.2,正常,0
HZ002031,杭州,钱塘区,大学城北社区,2026-08-05 21:00,0.142,9.6,0.39,28.3,正常,0
HZ002032,杭州,临平区,南苑小区,2026-08-06 09:00,0.082,5.3,0.33,29.8,正常,0
HZ002033,杭州,西湖区,三墩新天地,2026-08-04 11:00,0.132,9.6,0.37,31.1,正常,0
HZ002034,杭州,滨江区,白马湖社区,2026-08-05 20:00,0.156,9.9,0.38,27.7,正常,0
HZ002035,杭州,余杭区,未来科技城社区,2026-08-03 10:00,0.058,4.2,0.35,28.5,正常,0
HZ002036,杭州,拱墅区,半山家园,2026-08-01 03:00,0.030,2.0,0.38,29.3,正常,0
HZ002037,杭州,上城区,近江家园,2026-08-04 22:00,0.103,7.4,0.36,27.4,正常,0
HZ002038,杭州,萧山区,宁围佳境,2026-08-02 20:00,0.011,0.7,0.17,29.7,异常,1
HZ002039,杭州,钱塘区,江东家园,2026-08-02 19:00,0.033,3.3,0.29,30.0,正常,0
HZ002040,杭州,临平区,南苑小区,2026-08-07 08:00,0.095,6.6,0.36,29.7,正常,0
HZ002041,杭州,西湖区,文新社区,2026-08-01 03:00,0.001,0.1,0.36,28.9,正常,0
HZ002042,杭州,滨江区,江南花园,2026-08-03 23:00,0.113,10.5,0.33,28.9,正常,0
HZ002043,杭州,余杭区,闲林山水,2026-08-06 22:00,0.400,21.2,0.33,29.8,异常,1
HZ002044,杭州,拱墅区,大关小区,2026-08-07 22:00,0.068,4.8,0.29,29.4,正常,0
HZ002045,杭州,上城区,望江新园,2026-08-01 14:00,0.071,4.6,0.35,32.1,正常,0
HZ002046,杭州,萧山区,宁围佳境,2026-08-04 09:00,0.112,9.3,0.37,29.6,正常,0
HZ002047,杭州,钱塘区,河庄新苑,2026-08-01 23:00,0.054,4.8,0.37,27.8,正常,0
HZ002048,杭州,临平区,塘栖人家,2026-08-06 10:00,0.046,3.8,0.46,28.6,异常,1
HZ002049,杭州,西湖区,文新社区,2026-08-04 06:00,0.020,1.3,0.35,27.9,正常,0
HZ002050,杭州,滨江区,江南花园,2026-08-07 17:00,0.039,3.7,0.38,33.8,正常,0
HZ002051,杭州,余杭区,仓前家园,2026-08-06 20:00,0.050,4.3,0.28,29.4,正常,0
HZ002052,杭州,拱墅区,半山家园,2026-08-06 21:00,0.052,4.3,0.13,29.9,异常,1
HZ002053,杭州,上城区,望江新园,2026-08-06 22:00,0.036,2.8,0.31,30.7,正常,0
HZ002054,杭州,萧山区,钱江世纪城社区,2026-08-04 15:00,0.048,3.6,0.32,32.5,正常,0
HZ002055,杭州,钱塘区,河庄新苑,2026-08-06 03:00,0.016,1.6,0.29,28.1,正常,0
HZ002056,杭州,临平区,南苑小区,2026-08-04 18:00,0.096,6.2,0.52,27.1,异常,1
HZ002057,杭州,西湖区,转塘家园,2026-08-05 02:00,0.008,0.6,0.29,30.0,正常,0
HZ002058,杭州,滨江区,白马湖社区,2026-08-07 01:00,0.013,1.0,0.32,30.5,正常,0
HZ002059,杭州,余杭区,未来科技城社区,2026-08-02 19:00,0.088,7.4,0.29,28.3,正常,0
HZ002060,杭州,拱墅区,湖墅家园,2026-08-06 05:00,0.019,1.7,0.35,28.0,正常,0
HZ002061,杭州,上城区,近江家园,2026-08-01 10:00,0.117,8.3,0.35,30.6,正常,0
HZ002062,杭州,萧山区,钱江世纪城社区,2026-08-02 09:00,0.070,5.4,0.38,28.4,正常,0
HZ002063,杭州,钱塘区,河庄新苑,2026-08-02 22:00,0.127,9.5,0.33,29.5,正常,0
HZ002064,杭州,临平区,乔司家园,2026-08-07 08:00,0.078,7.6,0.31,30.2,正常,0
HZ002065,杭州,西湖区,三墩新天地,2026-08-03 16:00,0.120,9.2,0.33,33.5,正常,0
HZ002066,杭州,滨江区,江南花园,2026-08-01 07:00,0.031,2.0,0.34,29.4,正常,0
HZ002067,杭州,余杭区,未来科技城社区,2026-08-04 10:00,0.092,6.8,0.32,27.3,正常,0
HZ002068,杭州,拱墅区,运河新城社区,2026-08-07 11:00,0.093,8.9,0.37,32.2,正常,0
HZ002069,杭州,上城区,望江新园,2026-08-02 03:00,0.014,1.0,0.34,29.2,正常,0
HZ002070,杭州,萧山区,湘湖家园,2026-08-04 07:00,0.035,2.9,0.33,29.4,正常,0
HZ002071,杭州,钱塘区,大学城北社区,2026-08-01 10:00,0.075,6.8,0.32,29.1,正常,0
HZ002072,杭州,临平区,南苑小区,2026-08-04 09:00,0.067,5.6,0.39,28.5,正常,0
HZ002073,杭州,西湖区,文新社区,2026-08-07 12:00,0.054,4.8,0.38,31.2,正常,0
HZ002074,杭州,滨江区,滨康小区,2026-08-06 13:00,0.099,9.8,0.31,31.9,正常,0
HZ002075,杭州,余杭区,未来科技城社区,2026-08-05 13:00,0.034,2.3,0.33,31.3,正常,0
HZ002076,杭州,拱墅区,湖墅家园,2026-08-06 20:00,0.032,2.4,0.51,29.4,异常,1
HZ002077,杭州,上城区,丁兰社区,2026-08-05 14:00,0.097,8.7,0.28,30.8,正常,0
HZ002078,杭州,萧山区,钱江世纪城社区,2026-08-01 22:00,0.030,2.5,0.28,30.4,正常,0
HZ002079,杭州,钱塘区,下沙社区,2026-08-05 15:00,0.053,3.4,0.32,30.9,正常,0
HZ002080,杭州,临平区,乔司家园,2026-08-04 13:00,0.139,8.8,0.37,33.6,正常,0
HZ002081,杭州,西湖区,三墩新天地,2026-08-01 17:00,0.067,4.5,0.36,32.3,正常,0
HZ002082,杭州,滨江区,滨康小区,2026-08-03 07:00,0.023,2.1,0.39,27.5,正常,0
HZ002083,杭州,余杭区,闲林山水,2026-08-04 17:00,0.021,1.8,0.35,32.0,正常,0
HZ002084,杭州,拱墅区,半山家园,2026-08-04 01:00,0.014,0.9,0.33,30.1,正常,0
HZ002085,杭州,上城区,采荷小区,2026-08-04 20:00,0.088,6.6,0.31,27.9,正常,0
HZ002086,杭州,萧山区,北干社区,2026-08-02 00:00,0.017,1.4,0.35,28.1,正常,0
HZ002087,杭州,钱塘区,河庄新苑,2026-08-07 03:00,0.022,1.6,0.30,29.2,正常,0
HZ002088,杭州,临平区,星桥社区,2026-08-04 04:00,0.002,0.1,0.32,29.0,正常,0
HZ002089,杭州,西湖区,三墩新天地,2026-08-01 12:00,0.098,7.6,0.35,33.0,正常,0
HZ002090,杭州,滨江区,江南花园,2026-08-02 23:00,0.036,2.6,0.29,29.1,正常,0
HZ002091,杭州,余杭区,闲林山水,2026-08-05 07:00,0.035,2.5,0.32,27.4,正常,0
HZ002092,杭州,拱墅区,湖墅家园,2026-08-07 13:00,0.044,3.3,0.28,33.1,正常,0
HZ002093,杭州,上城区,近江家园,2026-08-02 12:00,0.093,6.4,0.29,30.1,正常,0
HZ002094,杭州,萧山区,湘湖家园,2026-08-03 22:00,0.055,4.1,0.53,27.8,异常,1
HZ002095,杭州,钱塘区,下沙社区,2026-08-03 03:00,0.015,1.2,0.38,28.4,正常,0
HZ002096,杭州,临平区,塘栖人家,2026-08-01 14:00,0.118,8.2,0.38,31.4,正常,0
HZ002097,杭州,西湖区,转塘家园,2026-08-05 17:00,0.023,2.1,0.31,32.2,正常,0
HZ002098,杭州,滨江区,滨康小区,2026-08-01 07:00,0.044,2.9,0.37,29.4,正常,0
HZ002099,杭州,余杭区,仓前家园,2026-08-02 05:00,0.033,2.3,0.30,29.3,正常,0
HZ002100,杭州,拱墅区,湖墅家园,2026-08-05 01:00,0.014,1.0,0.30,27.6,正常,0
HZ002101,杭州,上城区,采荷小区,2026-08-02 20:00,0.017,1.3,0.35,30.4,正常,0
HZ002102,杭州,萧山区,宁围佳境,2026-08-05 17:00,0.075,7.1,0.35,31.9,正常,0
HZ002103,杭州,钱塘区,大学城北社区,2026-08-04 04:00,0.011,0.8,0.29,30.7,正常,0
HZ002104,杭州,临平区,星桥社区,2026-08-04 09:00,0.109,8.6,0.32,27.4,正常,0
HZ002105,杭州,西湖区,转塘家园,2026-08-03 11:00,0.065,4.3,0.35,31.0,正常,0
HZ002106,杭州,滨江区,滨康小区,2026-08-02 14:00,0.021,1.5,0.37,32.3,正常,0
HZ002107,杭州,余杭区,未来科技城社区,2026-08-02 19:00,0.127,9.0,0.29,29.2,正常,0
HZ002108,杭州,拱墅区,大关小区,2026-08-06 23:00,0.043,4.0,0.29,27.5,正常,0
HZ002109,杭州,上城区,丁兰社区,2026-08-03 01:00,0.031,2.3,0.31,28.5,正常,0
HZ002110,杭州,萧山区,宁围佳境,2026-08-06 23:00,0.016,1.6,0.37,27.9,正常,0
HZ002111,杭州,钱塘区,河庄新苑,2026-08-07 08:00,0.088,7.3,0.38,29.5,正常,0
HZ002112,杭州,临平区,星桥社区,2026-08-07 12:00,0.139,10.1,0.36,30.7,正常,0
HZ002113,杭州,西湖区,三墩新天地,2026-08-02 13:00,0.083,5.4,0.34,30.8,正常,0
HZ002114,杭州,滨江区,江南花园,2026-08-04 01:00,0.019,1.4,0.38,30.2,正常,0
HZ002115,杭州,余杭区,良渚文化村,2026-08-05 21:00,0.148,9.3,0.32,30.5,正常,0
HZ002116,杭州,拱墅区,湖墅家园,2026-08-06 04:00,0.009,0.7,0.36,30.8,正常,0
HZ002117,杭州,上城区,丁兰社区,2026-08-07 02:00,0.022,2.1,0.34,27.7,正常,0
HZ002118,杭州,萧山区,湘湖家园,2026-08-07 19:00,0.144,9.1,0.38,30.0,正常,0
HZ002119,杭州,钱塘区,大学城北社区,2026-08-03 01:00,0.002,0.2,0.39,30.3,正常,0
HZ002120,杭州,临平区,星桥社区,2026-08-06 11:00,0.056,4.1,0.30,32.8,正常,0
HZ002121,杭州,西湖区,翠苑小区,2026-08-07 13:00,0.073,4.7,0.38,33.9,正常,0
HZ002122,杭州,滨江区,滨康小区,2026-08-01 08:00,0.103,7.0,0.36,29.0,正常,0
HZ002123,杭州,余杭区,仓前家园,2026-08-05 02:00,0.007,0.7,0.34,29.1,正常,0
HZ002124,杭州,拱墅区,半山家园,2026-08-06 07:00,0.037,3.6,0.34,27.2,正常,0
HZ002125,杭州,上城区,近江家园,2026-08-01 08:00,0.100,9.2,0.33,30.3,正常,0
HZ002126,杭州,萧山区,湘湖家园,2026-08-03 12:00,0.093,9.2,0.38,32.8,正常,0
HZ002127,杭州,钱塘区,下沙社区,2026-08-02 12:00,0.128,10.3,0.38,33.7,正常,0
HZ002128,杭州,临平区,乔司家园,2026-08-03 18:00,0.085,7.9,0.35,30.6,正常,0
HZ002129,杭州,西湖区,转塘家园,2026-08-02 20:00,0.041,2.8,0.36,27.9,正常,0
HZ002130,杭州,滨江区,白马湖社区,2026-08-02 20:00,0.038,2.6,0.30,28.4,正常,0
HZ002131,杭州,余杭区,仓前家园,2026-08-05 00:00,0.024,1.9,0.34,29.8,正常,0
HZ002132,杭州,拱墅区,运河新城社区,2026-08-03 00:00,0.002,0.2,0.34,28.2,正常,0
HZ002133,杭州,上城区,丁兰社区,2026-08-01 20:00,0.044,4.4,0.39,29.1,正常,0
HZ002134,杭州,萧山区,湘湖家园,2026-08-04 09:00,0.069,5.5,0.37,27.3,正常,0
HZ002135,杭州,钱塘区,大学城北社区,2026-08-03 23:00,0.022,2.1,0.36,29.8,正常,0
HZ002136,杭州,临平区,南苑小区,2026-08-06 19:00,0.070,5.1,0.33,29.5,正常,0
HZ002137,杭州,西湖区,翠苑小区,2026-08-03 02:00,0.016,1.3,0.30,30.1,正常,0
HZ002138,杭州,滨江区,白马湖社区,2026-08-06 08:00,0.012,0.9,0.33,28.6,正常,0
HZ002139,杭州,余杭区,良渚文化村,2026-08-01 07:00,0.265,19.1,0.29,30.9,异常,1
HZ002140,杭州,拱墅区,半山家园,2026-08-03 16:00,0.113,8.5,0.32,33.1,正常,0
HZ002141,杭州,上城区,丁兰社区,2026-08-06 21:00,0.031,2.7,0.30,29.7,正常,0
HZ002142,杭州,萧山区,湘湖家园,2026-08-07 11:00,0.071,6.9,0.28,33.9,正常,0
HZ002143,杭州,钱塘区,下沙社区,2026-08-03 19:00,0.021,1.8,0.30,29.1,正常,0
HZ002144,杭州,临平区,乔司家园,2026-08-04 08:00,0.065,5.7,0.30,29.5,正常,0
HZ002145,杭州,西湖区,翠苑小区,2026-08-02 17:00,0.125,8.4,0.28,31.6,正常,0
HZ002146,杭州,滨江区,钱塘春晓,2026-08-02 19:00,0.105,7.9,0.29,28.2,正常,0
HZ002147,杭州,余杭区,未来科技城社区,2026-08-04 05:00,0.005,0.4,0.31,29.9,正常,0
HZ002148,杭州,拱墅区,湖墅家园,2026-08-06 12:00,0.095,7.4,0.49,31.2,异常,1
HZ002149,杭州,上城区,丁兰社区,2026-08-01 18:00,0.018,1.2,0.38,30.6,正常,0
HZ002150,杭州,萧山区,宁围佳境,2026-08-04 16:00,0.078,6.1,0.35,33.7,正常,0
HZ002151,杭州,钱塘区,下沙社区,2026-08-05 14:00,0.119,7.4,0.33,33.9,正常,0
HZ002152,杭州,临平区,塘栖人家,2026-08-01 14:00,0.083,6.4,0.37,31.1,正常,0
HZ002153,杭州,西湖区,转塘家园,2026-08-02 07:00,0.097,6.2,0.39,28.1,正常,0
HZ002154,杭州,滨江区,滨康小区,2026-08-03 18:00,0.096,6.6,0.36,30.0,正常,0
HZ002155,杭州,余杭区,良渚文化村,2026-08-01 07:00,0.013,0.9,0.39,27.4,正常,0
HZ002156,杭州,拱墅区,运河新城社区,2026-08-01 19:00,0.073,5.1,0.35,27.6,正常,0
HZ002157,杭州,上城区,近江家园,2026-08-01 23:00,0.104,7.2,0.29,29.0,正常,0
HZ002158,杭州,萧山区,钱江世纪城社区,2026-08-07 07:00,0.035,3.1,0.29,27.9,正常,0
HZ002159,杭州,钱塘区,下沙社区,2026-08-03 20:00,0.122,9.3,0.34,30.0,正常,0
HZ002160,杭州,临平区,塘栖人家,2026-08-03 07:00,0.081,7.6,0.37,28.6,正常,0
HZ002161,杭州,西湖区,翠苑小区,2026-08-04 02:00,0.026,1.9,0.36,29.1,正常,0
HZ002162,杭州,滨江区,江南花园,2026-08-06 20:00,0.035,3.3,0.33,30.0,正常,0
HZ002163,杭州,余杭区,闲林山水,2026-08-04 22:00,0.011,0.9,0.38,30.3,正常,0
HZ002164,杭州,拱墅区,大关小区,2026-08-05 11:00,0.028,2.6,0.55,30.7,异常,1
HZ002165,杭州,上城区,丁兰社区,2026-08-05 08:00,0.079,5.2,0.37,30.0,正常,0
HZ002166,杭州,萧山区,宁围佳境,2026-08-03 05:00,0.001,0.1,0.39,28.3,正常,0
HZ002167,杭州,钱塘区,大学城北社区,2026-08-06 12:00,0.073,5.0,0.32,32.4,正常,0
HZ002168,杭州,临平区,乔司家园,2026-08-05 14:00,0.048,4.1,0.35,30.4,正常,0
HZ002169,杭州,西湖区,翠苑小区,2026-08-07 15:00,0.103,9.6,0.31,33.1,正常,0
HZ002170,杭州,滨江区,钱塘春晓,2026-08-05 05:00,0.034,2.2,0.31,30.8,正常,0
HZ002171,杭州,余杭区,闲林山水,2026-08-06 23:00,0.066,5.1,0.35,27.2,正常,0
HZ002172,杭州,拱墅区,运河新城社区,2026-08-05 20:00,0.037,2.7,0.34,28.9,正常,0
HZ002173,杭州,上城区,近江家园,2026-08-07 11:00,0.104,8.1,0.37,32.0,正常,0
HZ002174,杭州,萧山区,钱江世纪城社区,2026-08-01 19:00,0.069,5.0,0.38,28.3,正常,0
HZ002175,杭州,钱塘区,河庄新苑,2026-08-05 17:00,0.053,3.7,0.31,32.7,正常,0
HZ002176,杭州,临平区,南苑小区,2026-08-05 05:00,0.014,1.3,0.30,30.3,正常,0
HZ002177,杭州,西湖区,文新社区,2026-08-04 05:00,0.028,2.1,0.30,30.4,正常,0
HZ002178,杭州,滨江区,钱塘春晓,2026-08-01 11:00,0.119,9.3,0.35,31.8,正常,0
HZ002179,杭州,余杭区,闲林山水,2026-08-05 07:00,0.087,5.6,0.35,30.2,正常,0
HZ002180,杭州,拱墅区,运河新城社区,2026-08-07 14:00,0.070,6.8,0.33,32.5,正常,0
HZ002181,杭州,上城区,望江新园,2026-08-04 04:00,0.025,1.6,0.30,27.4,正常,0
HZ002182,杭州,萧山区,北干社区,2026-08-01 19:00,0.045,4.4,0.32,30.1,正常,0
HZ002183,杭州,钱塘区,河庄新苑,2026-08-06 22:00,0.080,5.0,0.34,27.6,正常,0
HZ002184,杭州,临平区,星桥社区,2026-08-06 23:00,0.109,7.3,0.35,29.5,正常,0
HZ002185,杭州,西湖区,翠苑小区,2026-08-02 11:00,0.098,7.6,0.38,34.0,正常,0
HZ002186,杭州,滨江区,滨康小区,2026-08-02 18:00,0.113,7.1,0.34,30.4,正常,0
HZ002187,杭州,余杭区,闲林山水,2026-08-01 18:00,0.014,1.2,0.36,29.3,正常,0
HZ002188,杭州,拱墅区,湖墅家园,2026-08-07 17:00,0.043,2.8,0.20,30.5,异常,1
HZ002189,杭州,上城区,望江新园,2026-08-05 11:00,0.060,4.1,0.29,31.2,正常,0
HZ002190,杭州,萧山区,北干社区,2026-08-02 15:00,0.094,6.7,0.34,32.0,正常,0
HZ002191,杭州,钱塘区,江东家园,2026-08-07 22:00,0.041,3.8,0.29,30.8,正常,0
HZ002192,杭州,临平区,南苑小区,2026-08-05 07:00,0.025,1.6,0.36,29.3,正常,0
HZ002193,杭州,西湖区,三墩新天地,2026-08-05 11:00,0.080,6.8,0.31,33.7,正常,0
HZ002194,杭州,滨江区,钱塘春晓,2026-08-02 05:00,0.020,1.5,0.34,28.2,正常,0
HZ002195,杭州,余杭区,未来科技城社区,2026-08-01 13:00,0.148,9.5,0.30,32.1,正常,0
HZ002196,杭州,拱墅区,半山家园,2026-08-03 23:00,0.080,5.4,0.30,30.7,正常,0
HZ002197,杭州,上城区,采荷小区,2026-08-05 04:00,0.002,0.2,0.37,28.1,正常,0
HZ002198,杭州,萧山区,北干社区,2026-08-01 13:00,0.070,4.9,0.38,33.9,正常,0
HZ002199,杭州,钱塘区,下沙社区,2026-08-03 05:00,0.015,1.4,0.32,27.8,正常,0
HZ002200,杭州,临平区,乔司家园,2026-08-06 21:00,0.024,2.3,0.29,30.7,正常,0
HZ002201,杭州,西湖区,转塘家园,2026-08-03 08:00,0.139,10.4,0.35,27.4,正常,0
HZ002202,杭州,滨江区,滨康小区,2026-08-04 06:00,0.016,1.0,0.31,27.5,正常,0
HZ002203,杭州,余杭区,仓前家园,2026-08-01 04:00,0.025,1.7,0.32,28.4,正常,0
HZ002204,杭州,拱墅区,运河新城社区,2026-08-07 14:00,0.103,7.1,0.37,30.2,正常,0
HZ002205,杭州,上城区,丁兰社区,2026-08-06 14:00,0.080,7.3,0.33,32.1,正常,0
HZ002206,杭州,萧山区,宁围佳境,2026-08-04 21:00,0.066,4.8,0.37,29.2,正常,0
HZ002207,杭州,钱塘区,河庄新苑,2026-08-07 07:00,0.058,5.6,0.32,27.0,正常,0
HZ002208,杭州,临平区,乔司家园,2026-08-01 22:00,0.024,2.2,0.32,28.3,正常,0
HZ002209,杭州,西湖区,文新社区,2026-08-07 19:00,0.061,5.8,0.31,28.0,正常,0
HZ002210,杭州,滨江区,滨康小区,2026-08-06 13:00,0.058,4.7,0.51,31.4,异常,1
HZ002211,杭州,余杭区,良渚文化村,2026-08-06 11:00,0.101,9.0,0.29,33.8,正常,0
HZ002212,杭州,拱墅区,湖墅家园,2026-08-05 14:00,0.024,2.3,0.31,31.5,正常,0
HZ002213,杭州,上城区,丁兰社区,2026-08-05 07:00,0.026,2.0,0.31,28.8,正常,0
HZ002214,杭州,萧山区,北干社区,2026-08-02 20:00,0.089,8.5,0.33,28.0,正常,0
HZ002215,杭州,钱塘区,河庄新苑,2026-08-01 05:00,0.025,1.6,0.31,30.8,正常,0
HZ002216,杭州,临平区,塘栖人家,2026-08-02 10:00,0.082,7.3,0.34,27.7,正常,0
HZ002217,杭州,西湖区,翠苑小区,2026-08-02 09:00,0.073,6.0,0.33,27.9,正常,0
HZ002218,杭州,滨江区,钱塘春晓,2026-08-04 17:00,0.022,2.1,0.37,30.3,正常,0
HZ002219,杭州,余杭区,未来科技城社区,2026-08-07 09:00,0.041,3.7,0.36,29.4,正常,0
HZ002220,杭州,拱墅区,湖墅家园,2026-08-06 08:00,0.052,3.7,0.37,30.0,正常,0
HZ002221,杭州,上城区,近江家园,2026-08-07 07:00,0.067,4.4,0.29,27.1,正常,0
HZ002222,杭州,萧山区,湘湖家园,2026-08-06 20:00,0.056,4.1,0.32,29.2,正常,0
HZ002223,杭州,钱塘区,江东家园,2026-08-01 11:00,0.128,9.0,0.36,31.2,正常,0
HZ002224,杭州,临平区,塘栖人家,2026-08-06 15:00,0.009,0.9,0.31,33.9,正常,0
HZ002225,杭州,西湖区,文新社区,2026-08-02 07:00,0.103,8.6,0.38,29.6,正常,0
HZ002226,杭州,滨江区,白马湖社区,2026-08-03 22:00,0.027,2.1,0.47,29.6,异常,1
HZ002227,杭州,余杭区,未来科技城社区,2026-08-06 18:00,0.123,9.8,0.39,28.0,正常,0
HZ002228,杭州,拱墅区,湖墅家园,2026-08-04 13:00,0.019,1.2,0.34,32.6,正常,0
HZ002229,杭州,上城区,望江新园,2026-08-05 19:00,0.034,2.3,0.29,27.4,正常,0
HZ002230,杭州,萧山区,湘湖家园,2026-08-02 15:00,0.099,6.2,0.31,30.9,正常,0
HZ002231,杭州,钱塘区,江东家园,2026-08-07 20:00,0.070,5.5,0.29,30.3,正常,0
HZ002232,杭州,临平区,塘栖人家,2026-08-01 07:00,0.072,4.5,0.32,30.0,正常,0
HZ002233,杭州,西湖区,三墩新天地,2026-08-07 19:00,0.066,5.0,0.39,30.1,正常,0
HZ002234,杭州,滨江区,滨康小区,2026-08-05 19:00,0.046,3.2,0.15,29.5,异常,1
HZ002235,杭州,余杭区,闲林山水,2026-08-01 08:00,0.015,1.3,0.37,29.8,正常,0
HZ002236,杭州,拱墅区,大关小区,2026-08-03 06:00,0.017,1.1,0.29,29.5,正常,0
HZ002237,杭州,上城区,近江家园,2026-08-07 10:00,0.113,8.7,0.34,29.3,正常,0
HZ002238,杭州,萧山区,宁围佳境,2026-08-06 17:00,0.012,1.1,0.38,33.7,正常,0
HZ002239,杭州,钱塘区,江东家园,2026-08-04 10:00,0.091,6.1,0.29,30.6,正常,0
HZ002240,杭州,临平区,塘栖人家,2026-08-05 13:00,0.085,5.7,0.34,31.2,正常,0
HZ002241,杭州,西湖区,文新社区,2026-08-04 06:00,0.060,5.7,0.33,27.5,正常,0
HZ002242,杭州,滨江区,滨康小区,2026-08-03 05:00,0.017,1.2,0.33,29.8,正常,0
HZ002243,杭州,余杭区,未来科技城社区,2026-08-06 15:00,0.023,1.9,0.35,33.8,正常,0
HZ002244,杭州,拱墅区,湖墅家园,2026-08-05 10:00,0.035,2.7,0.38,27.4,正常,0
HZ002245,杭州,上城区,丁兰社区,2026-08-04 04:00,0.008,0.7,0.29,29.6,正常,0
HZ002246,杭州,萧山区,宁围佳境,2026-08-05 01:00,0.005,0.5,0.37,29.8,正常,0
HZ002247,杭州,钱塘区,下沙社区,2026-08-02 11:00,0.108,9.9,0.35,31.5,正常,0
HZ002248,杭州,临平区,南苑小区,2026-08-03 07:00,0.073,6.5,0.30,29.6,正常,0
HZ002249,杭州,西湖区,三墩新天地,2026-08-01 05:00,0.023,1.5,0.35,28.8,正常,0
HZ002250,杭州,滨江区,白马湖社区,2026-08-04 19:00,0.066,4.5,0.36,27.4,正常,0
HZ002251,杭州,余杭区,闲林山水,2026-08-04 15:00,0.043,3.7,0.32,32.0,正常,0
HZ002252,杭州,拱墅区,运河新城社区,2026-08-03 10:00,0.107,8.9,0.39,28.8,正常,0
HZ002253,杭州,上城区,丁兰社区,2026-08-04 05:00,0.002,0.2,0.34,28.9,正常,0
HZ002254,杭州,萧山区,湘湖家园,2026-08-03 07:00,0.022,2.1,0.30,29.5,正常,0
HZ002255,杭州,钱塘区,大学城北社区,2026-08-05 12:00,0.021,1.9,0.33,30.1,正常,0
HZ002256,杭州,临平区,南苑小区,2026-08-04 20:00,0.101,8.7,0.39,30.8,正常,0
HZ002257,杭州,西湖区,翠苑小区,2026-08-03 10:00,0.108,6.8,0.38,27.8,正常,0
HZ002258,杭州,滨江区,白马湖社区,2026-08-04 10:00,0.019,1.4,0.36,30.0,正常,0
HZ002259,杭州,余杭区,仓前家园,2026-08-01 23:00,0.134,10.2,0.38,29.8,正常,0
HZ002260,杭州,拱墅区,运河新城社区,2026-08-03 00:00,0.016,1.1,0.37,27.8,正常,0
HZ002261,杭州,上城区,望江新园,2026-08-07 23:00,0.053,3.5,0.29,29.8,正常,0
HZ002262,杭州,萧山区,湘湖家园,2026-08-06 11:00,0.094,6.6,0.28,31.0,正常,0
HZ002263,杭州,钱塘区,河庄新苑,2026-08-06 16:00,0.033,2.4,0.39,33.8,正常,0
HZ002264,杭州,临平区,星桥社区,2026-08-02 11:00,0.065,4.6,0.32,33.5,正常,0
HZ002265,杭州,西湖区,文新社区,2026-08-06 15:00,0.121,10.3,0.30,31.7,正常,0
HZ002266,杭州,滨江区,滨康小区,2026-08-04 15:00,0.063,6.0,0.35,31.5,正常,0
HZ002267,杭州,余杭区,未来科技城社区,2026-08-03 22:00,0.083,6.7,0.30,30.1,正常,0
HZ002268,杭州,拱墅区,运河新城社区,2026-08-05 19:00,0.124,9.1,0.38,27.6,正常,0
HZ002269,杭州,上城区,采荷小区,2026-08-06 02:00,0.020,1.6,0.30,28.8,正常,0
HZ002270,杭州,萧山区,钱江世纪城社区,2026-08-04 12:00,0.116,9.6,0.29,32.8,正常,0
HZ002271,杭州,钱塘区,江东家园,2026-08-03 18:00,0.296,16.7,0.31,28.6,异常,1
HZ002272,杭州,临平区,塘栖人家,2026-08-07 22:00,0.078,5.0,0.29,30.1,正常,0
HZ002273,杭州,西湖区,翠苑小区,2026-08-04 17:00,0.068,5.5,0.32,31.9,正常,0
HZ002274,杭州,滨江区,江南花园,2026-08-04 08:00,0.077,6.5,0.30,29.6,正常,0
HZ002275,杭州,余杭区,仓前家园,2026-08-01 19:00,0.039,3.1,0.38,28.7,正常,0
HZ002276,杭州,拱墅区,运河新城社区,2026-08-03 03:00,0.013,0.9,0.33,29.5,正常,0
HZ002277,杭州,上城区,近江家园,2026-08-06 03:00,0.013,0.9,0.29,27.5,正常,0
HZ002278,杭州,萧山区,钱江世纪城社区,2026-08-02 08:00,0.093,6.4,0.38,28.7,正常,0
HZ002279,杭州,钱塘区,河庄新苑,2026-08-07 09:00,0.028,2.1,0.30,27.8,正常,0
HZ002280,杭州,临平区,星桥社区,2026-08-04 01:00,0.006,0.4,0.28,28.1,正常,0
HZ002281,杭州,西湖区,文新社区,2026-08-01 18:00,0.114,9.5,0.32,30.2,正常,0
HZ002282,杭州,滨江区,江南花园,2026-08-01 22:00,0.138,10.2,0.31,28.2,正常,0
HZ002283,杭州,余杭区,闲林山水,2026-08-01 20:00,0.027,2.0,0.38,27.8,正常,0
HZ002284,杭州,拱墅区,运河新城社区,2026-08-03 02:00,0.003,0.2,0.31,29.8,正常,0
HZ002285,杭州,上城区,望江新园,2026-08-05 04:00,0.028,1.9,0.33,29.0,正常,0
HZ002286,杭州,萧山区,钱江世纪城社区,2026-08-03 07:00,0.048,4.4,0.32,27.0,正常,0
HZ002287,杭州,钱塘区,下沙社区,2026-08-06 01:00,0.007,0.5,0.35,29.8,正常,0
HZ002288,杭州,临平区,乔司家园,2026-08-04 20:00,0.023,1.6,0.31,29.6,正常,0
HZ002289,杭州,西湖区,翠苑小区,2026-08-03 12:00,0.060,3.7,0.35,33.2,正常,0
HZ002290,杭州,滨江区,钱塘春晓,2026-08-05 11:00,0.021,1.8,0.39,32.8,正常,0
HZ002291,杭州,余杭区,未来科技城社区,2026-08-02 09:00,0.103,9.7,0.34,29.8,正常,0
HZ002292,杭州,拱墅区,湖墅家园,2026-08-02 23:00,0.083,5.9,0.38,29.2,正常,0
HZ002293,杭州,上城区,近江家园,2026-08-06 02:00,0.016,1.1,0.37,30.7,正常,0
HZ002294,杭州,萧山区,北干社区,2026-08-02 21:00,0.120,9.1,0.34,30.6,正常,0
HZ002295,杭州,钱塘区,江东家园,2026-08-01 04:00,0.023,1.7,0.37,28.4,正常,0
HZ002296,杭州,临平区,乔司家园,2026-08-07 03:00,0.015,1.1,0.36,28.1,正常,0
HZ002297,杭州,西湖区,翠苑小区,2026-08-06 02:00,0.022,1.7,0.36,30.1,正常,0
HZ002298,杭州,滨江区,钱塘春晓,2026-08-03 14:00,0.058,4.3,0.29,33.2,正常,0
HZ002299,杭州,余杭区,良渚文化村,2026-08-05 18:00,0.302,16.2,0.38,30.2,异常,1
HZ002300,杭州,拱墅区,半山家园,2026-08-01 06:00,0.057,5.0,0.37,27.4,正常,0
HZ002301,杭州,上城区,丁兰社区,2026-08-01 08:00,0.110,9.5,0.33,29.7,正常,0
HZ002302,杭州,萧山区,宁围佳境,2026-08-07 09:00,0.047,3.8,0.36,28.0,正常,0
HZ002303,杭州,钱塘区,江东家园,2026-08-02 21:00,0.030,2.2,0.28,29.7,正常,0
HZ002304,杭州,临平区,塘栖人家,2026-08-02 08:00,0.072,6.2,0.35,31.0,正常,0
HZ002305,杭州,西湖区,三墩新天地,2026-08-07 07:00,0.030,2.6,0.29,27.8,正常,0
HZ002306,杭州,滨江区,钱塘春晓,2026-08-01 21:00,0.096,6.5,0.36,29.6,正常,0
HZ002307,杭州,余杭区,未来科技城社区,2026-08-02 14:00,0.065,4.5,0.31,30.1,正常,0
HZ002308,杭州,拱墅区,大关小区,2026-08-03 06:00,0.118,8.0,0.35,27.4,正常,0
HZ002309,杭州,上城区,丁兰社区,2026-08-01 18:00,0.028,2.4,0.28,27.1,正常,0
HZ002310,杭州,萧山区,湘湖家园,2026-08-06 01:00,0.021,1.5,0.31,27.7,正常,0
HZ002311,杭州,钱塘区,河庄新苑,2026-08-04 22:00,0.087,7.4,0.32,29.2,正常,0
HZ002312,杭州,临平区,塘栖人家,2026-08-01 18:00,0.073,7.1,0.38,28.8,正常,0
HZ002313,杭州,西湖区,转塘家园,2026-08-07 14:00,0.109,9.9,0.36,30.7,正常,0
HZ002314,杭州,滨江区,江南花园,2026-08-07 05:00,0.031,2.1,0.33,27.2,正常,0
HZ002315,杭州,余杭区,闲林山水,2026-08-02 05:00,0.188,13.3,0.30,27.8,异常,1
HZ002316,杭州,拱墅区,湖墅家园,2026-08-01 15:00,0.084,6.0,0.37,32.9,正常,0
HZ002317,杭州,上城区,近江家园,2026-08-04 08:00,0.073,6.0,0.30,27.0,正常,0
HZ002318,杭州,萧山区,北干社区,2026-08-01 06:00,0.085,8.1,0.35,27.7,正常,0
HZ002319,杭州,钱塘区,河庄新苑,2026-08-07 19:00,0.096,8.5,0.36,29.0,正常,0
HZ002320,杭州,临平区,塘栖人家,2026-08-02 16:00,0.020,2.0,0.29,32.8,正常,0
HZ002321,杭州,西湖区,转塘家园,2026-08-07 22:00,0.082,7.3,0.33,29.9,正常,0
HZ002322,杭州,滨江区,江南花园,2026-08-04 19:00,0.067,6.5,0.28,29.3,正常,0
HZ002323,杭州,余杭区,闲林山水,2026-08-02 10:00,0.053,3.9,0.34,27.9,正常,0
HZ002324,杭州,拱墅区,半山家园,2026-08-03 10:00,0.029,2.1,0.29,30.7,正常,0
HZ002325,杭州,上城区,丁兰社区,2026-08-07 03:00,0.014,0.9,0.37,29.4,正常,0
HZ002326,杭州,萧山区,湘湖家园,2026-08-07 14:00,0.115,7.5,0.30,33.7,正常,0
HZ002327,杭州,钱塘区,河庄新苑,2026-08-01 09:00,0.020,1.9,0.37,29.6,正常,0
HZ002328,杭州,临平区,塘栖人家,2026-08-02 07:00,0.014,1.0,0.34,28.2,正常,0
HZ002329,杭州,西湖区,转塘家园,2026-08-07 17:00,0.070,4.8,0.38,31.3,正常,0
HZ002330,杭州,滨江区,江南花园,2026-08-02 05:00,0.019,1.8,0.54,27.4,异常,1
HZ002331,杭州,余杭区,仓前家园,2026-08-01 11:00,0.124,9.6,0.35,33.7,正常,0
HZ002332,杭州,拱墅区,湖墅家园,2026-08-05 04:00,0.023,1.7,0.30,29.5,正常,0
HZ002333,杭州,上城区,采荷小区,2026-08-06 22:00,0.052,4.1,0.37,27.7,正常,0
HZ002334,杭州,萧山区,北干社区,2026-08-04 14:00,0.095,8.5,0.36,33.8,正常,0
HZ002335,杭州,钱塘区,下沙社区,2026-08-02 14:00,0.276,22.8,0.31,32.7,异常,1
HZ002336,杭州,临平区,乔司家园,2026-08-05 00:00,0.024,2.0,0.31,29.3,正常,0
HZ002337,杭州,西湖区,三墩新天地,2026-08-04 17:00,0.098,6.7,0.32,33.3,正常,0
HZ002338,杭州,滨江区,白马湖社区,2026-08-03 14:00,0.120,8.2,0.30,33.0,正常,0
HZ002339,杭州,余杭区,未来科技城社区,2026-08-02 11:00,0.028,2.8,0.32,32.1,正常,0
HZ002340,杭州,拱墅区,运河新城社区,2026-08-02 09:00,0.020,1.6,0.38,30.4,正常,0
HZ002341,杭州,上城区,望江新园,2026-08-04 03:00,0.013,1.0,0.39,30.6,正常,0
HZ002342,杭州,萧山区,钱江世纪城社区,2026-08-06 19:00,0.012,1.0,0.37,29.0,正常,0
HZ002343,杭州,钱塘区,大学城北社区,2026-08-05 10:00,0.347,18.7,0.30,29.0,异常,1
HZ002344,杭州,临平区,南苑小区,2026-08-03 10:00,0.117,9.9,0.31,28.6,正常,0
HZ002345,杭州,西湖区,文新社区,2026-08-01 15:00,0.023,2.2,0.28,33.3,正常,0
HZ002346,杭州,滨江区,钱塘春晓,2026-08-01 11:00,0.133,9.2,0.36,33.5,正常,0
HZ002347,杭州,余杭区,未来科技城社区,2026-08-03 00:00,0.012,0.9,0.36,29.0,正常,0
HZ002348,杭州,拱墅区,半山家园,2026-08-07 11:00,0.034,2.2,0.32,30.6,正常,0
HZ002349,杭州,上城区,望江新园,2026-08-05 10:00,0.037,3.2,0.33,29.9,正常,0
HZ002350,杭州,萧山区,钱江世纪城社区,2026-08-02 04:00,0.004,0.3,0.37,30.6,正常,0
HZ002351,杭州,钱塘区,江东家园,2026-08-01 03:00,0.005,0.4,0.31,28.5,正常,0
HZ002352,杭州,临平区,塘栖人家,2026-08-06 14:00,0.103,9.2,0.33,32.1,正常,0
HZ002353,杭州,西湖区,文新社区,2026-08-03 10:00,0.065,6.1,0.30,27.8,正常,0
HZ002354,杭州,滨江区,钱塘春晓,2026-08-01 22:00,0.134,8.9,0.39,28.2,正常,0
HZ002355,杭州,余杭区,良渚文化村,2026-08-04 23:00,0.086,6.1,0.38,27.6,正常,0
HZ002356,杭州,拱墅区,湖墅家园,2026-08-03 17:00,0.093,5.8,0.30,32.1,正常,0
HZ002357,杭州,上城区,近江家园,2026-08-03 13:00,0.093,8.0,0.36,31.8,正常,0
HZ002358,杭州,萧山区,钱江世纪城社区,2026-08-02 05:00,0.006,0.4,0.34,27.5,正常,0
HZ002359,杭州,钱塘区,下沙社区,2026-08-07 20:00,0.019,1.4,0.33,28.8,正常,0
HZ002360,杭州,临平区,南苑小区,2026-08-06 20:00,0.121,8.1,0.54,27.3,异常,1
HZ002361,杭州,西湖区,文新社区,2026-08-04 09:00,0.100,8.0,0.33,27.4,正常,0
HZ002362,杭州,滨江区,滨康小区,2026-08-02 02:00,0.014,0.9,0.38,29.4,正常,0
HZ002363,杭州,余杭区,未来科技城社区,2026-08-01 21:00,0.117,9.1,0.34,28.6,正常,0
HZ002364,杭州,拱墅区,大关小区,2026-08-06 00:00,0.007,0.6,0.33,30.4,正常,0
HZ002365,杭州,上城区,丁兰社区,2026-08-02 14:00,0.305,21.5,0.36,33.0,异常,1
HZ002366,杭州,萧山区,宁围佳境,2026-08-05 07:00,0.110,10.4,0.34,28.5,正常,0
HZ002367,杭州,钱塘区,下沙社区,2026-08-05 07:00,0.070,5.7,0.38,30.1,正常,0
HZ002368,杭州,临平区,乔司家园,2026-08-02 01:00,0.023,1.9,0.34,30.4,正常,0
HZ002369,杭州,西湖区,三墩新天地,2026-08-01 11:00,0.076,4.7,0.35,33.5,正常,0
HZ002370,杭州,滨江区,白马湖社区,2026-08-07 03:00,0.002,0.2,0.31,28.4,正常,0
HZ002371,杭州,余杭区,仓前家园,2026-08-01 16:00,0.036,2.5,0.38,30.1,正常,0
HZ002372,杭州,拱墅区,大关小区,2026-08-01 17:00,0.138,8.7,0.28,31.1,正常,0
HZ002373,杭州,上城区,近江家园,2026-08-06 15:00,0.033,2.8,0.36,31.7,正常,0
HZ002374,杭州,萧山区,湘湖家园,2026-08-07 21:00,0.011,0.7,0.33,27.4,正常,0
HZ002375,杭州,钱塘区,江东家园,2026-08-06 00:00,0.024,2.2,0.37,28.0,正常,0
HZ002376,杭州,临平区,塘栖人家,2026-08-06 19:00,0.038,2.8,0.36,28.4,正常,0
HZ002377,杭州,西湖区,转塘家园,2026-08-03 00:00,0.026,1.7,0.28,30.6,正常,0
HZ002378,杭州,滨江区,钱塘春晓,2026-08-03 05:00,0.005,0.5,0.32,30.4,正常,0
HZ002379,杭州,余杭区,仓前家园,2026-08-05 16:00,0.078,5.4,0.37,33.5,正常,0
HZ002380,杭州,拱墅区,湖墅家园,2026-08-06 16:00,0.115,7.3,0.38,32.3,正常,0
HZ002381,杭州,上城区,近江家园,2026-08-04 20:00,0.030,2.5,0.34,27.1,正常,0
HZ002382,杭州,萧山区,湘湖家园,2026-08-03 20:00,0.100,9.2,0.36,30.9,正常,0
HZ002383,杭州,钱塘区,下沙社区,2026-08-03 18:00,0.035,3.2,0.32,30.6,正常,0
HZ002384,杭州,临平区,塘栖人家,2026-08-03 23:00,0.084,8.2,0.34,29.8,正常,0
HZ002385,杭州,西湖区,转塘家园,2026-08-03 08:00,0.101,9.7,0.38,29.1,正常,0
HZ002386,杭州,滨江区,钱塘春晓,2026-08-04 14:00,0.147,10.5,0.37,31.6,正常,0
HZ002387,杭州,余杭区,仓前家园,2026-08-04 16:00,0.051,4.0,0.36,33.9,正常,0
HZ002388,杭州,拱墅区,湖墅家园,2026-08-04 15:00,0.031,2.0,0.30,32.0,正常,0
HZ002389,杭州,上城区,采荷小区,2026-08-06 14:00,0.090,6.0,0.35,31.5,正常,0
HZ002390,杭州,萧山区,北干社区,2026-08-06 14:00,0.051,4.1,0.30,32.3,正常,0
HZ002391,杭州,钱塘区,大学城北社区,2026-08-06 22:00,0.054,4.3,0.33,28.6,正常,0
HZ002392,杭州,临平区,塘栖人家,2026-08-05 14:00,0.013,1.3,0.37,31.8,正常,0
HZ002393,杭州,西湖区,转塘家园,2026-08-03 01:00,0.026,2.2,0.35,27.7,正常,0
HZ002394,杭州,滨江区,钱塘春晓,2026-08-01 10:00,0.109,9.8,0.31,27.7,正常,0
HZ002395,杭州,余杭区,未来科技城社区,2026-08-03 16:00,0.041,3.0,0.33,31.5,正常,0
HZ002396,杭州,拱墅区,湖墅家园,2026-08-06 21:00,0.042,3.0,0.36,30.1,正常,0
HZ002397,杭州,上城区,采荷小区,2026-08-02 07:00,0.021,1.9,0.37,29.7,正常,0
HZ002398,杭州,萧山区,湘湖家园,2026-08-01 00:00,0.024,1.6,0.29,27.3,正常,0
HZ002399,杭州,钱塘区,大学城北社区,2026-08-04 10:00,0.084,6.3,0.33,27.5,正常,0
HZ002400,杭州,临平区,塘栖人家,2026-08-06 22:00,0.141,10.0,0.34,27.5,正常,0
HZ002401,杭州,西湖区,转塘家园,2026-08-06 11:00,0.107,10.1,0.32,30.3,正常,0
HZ002402,杭州,滨江区,白马湖社区,2026-08-01 14:00,0.074,6.9,0.29,30.5,正常,0
HZ002403,杭州,余杭区,仓前家园,2026-08-01 07:00,0.013,1.2,0.37,28.0,正常,0
HZ002404,杭州,拱墅区,半山家园,2026-08-01 15:00,0.069,5.6,0.36,33.0,正常,0
HZ002405,杭州,上城区,丁兰社区,2026-08-02 15:00,0.076,5.9,0.37,33.1,正常,0
HZ002406,杭州,萧山区,北干社区,2026-08-07 16:00,0.017,1.5,0.31,31.5,正常,0
HZ002407,杭州,钱塘区,下沙社区,2026-08-05 16:00,0.090,6.0,0.34,33.8,正常,0
HZ002408,杭州,临平区,塘栖人家,2026-08-01 14:00,0.157,10.1,0.36,31.6,正常,0
HZ002409,杭州,西湖区,转塘家园,2026-08-05 09:00,0.072,5.5,0.30,30.5,正常,0
HZ002410,杭州,滨江区,钱塘春晓,2026-08-03 19:00,0.074,4.9,0.36,30.8,正常,0
HZ002411,杭州,余杭区,闲林山水,2026-08-01 08:00,0.010,0.9,0.32,29.2,正常,0
HZ002412,杭州,拱墅区,半山家园,2026-08-04 02:00,0.009,0.7,0.33,29.1,正常,0
HZ002413,杭州,上城区,望江新园,2026-08-01 01:00,0.004,0.3,0.35,30.5,正常,0
HZ002414,杭州,萧山区,钱江世纪城社区,2026-08-07 08:00,0.015,1.5,0.34,28.3,正常,0
HZ002415,杭州,钱塘区,河庄新苑,2026-08-03 04:00,0.009,0.8,0.30,30.3,正常,0
HZ002416,杭州,临平区,乔司家园,2026-08-04 02:00,0.025,1.7,0.32,28.3,正常,0
HZ002417,杭州,西湖区,文新社区,2026-08-04 22:00,0.036,2.4,0.37,28.8,正常,0
HZ002418,杭州,滨江区,江南花园,2026-08-06 02:00,0.021,1.8,0.33,28.6,正常,0
HZ002419,杭州,余杭区,闲林山水,2026-08-03 20:00,0.087,7.6,0.34,29.6,正常,0
HZ002420,杭州,拱墅区,半山家园,2026-08-02 01:00,0.012,0.9,0.19,27.6,异常,1
HZ002421,杭州,上城区,望江新园,2026-08-03 19:00,0.105,9.5,0.29,29.3,正常,0
HZ002422,杭州,萧山区,北干社区,2026-08-03 14:00,0.104,6.7,0.29,32.6,正常,0
HZ002423,杭州,钱塘区,下沙社区,2026-08-07 18:00,0.325,17.1,0.39,27.6,异常,1
HZ002424,杭州,临平区,乔司家园,2026-08-04 17:00,0.153,9.9,0.37,31.8,正常,0
HZ002425,杭州,西湖区,转塘家园,2026-08-04 08:00,0.017,1.1,0.33,27.1,正常,0
HZ002426,杭州,滨江区,滨康小区,2026-08-04 14:00,0.060,5.2,0.38,32.1,正常,0
HZ002427,杭州,余杭区,良渚文化村,2026-08-02 01:00,0.011,0.8,0.30,27.3,正常,0
HZ002428,杭州,拱墅区,半山家园,2026-08-06 17:00,0.080,5.2,0.31,32.4,正常,0
HZ002429,杭州,上城区,丁兰社区,2026-08-04 16:00,0.106,8.6,0.35,31.1,正常,0
HZ002430,杭州,萧山区,宁围佳境,2026-08-03 23:00,0.056,3.6,0.36,27.8,正常,0
HZ002431,杭州,钱塘区,大学城北社区,2026-08-03 00:00,0.028,1.9,0.30,30.9,正常,0
HZ002432,杭州,临平区,南苑小区,2026-08-03 05:00,0.014,1.2,0.31,27.3,正常,0
HZ002433,杭州,西湖区,文新社区,2026-08-02 11:00,0.064,4.2,0.35,31.6,正常,0
HZ002434,杭州,滨江区,钱塘春晓,2026-08-05 10:00,0.059,4.5,0.50,30.9,异常,1
HZ002435,杭州,余杭区,未来科技城社区,2026-08-01 10:00,0.072,5.1,0.36,27.2,正常,0
HZ002436,杭州,拱墅区,半山家园,2026-08-01 21:00,0.069,5.8,0.29,27.9,正常,0
HZ002437,杭州,上城区,采荷小区,2026-08-05 03:00,0.002,0.2,0.32,29.6,正常,0
HZ002438,杭州,萧山区,宁围佳境,2026-08-07 12:00,0.078,5.5,0.36,32.3,正常,0
HZ002439,杭州,钱塘区,下沙社区,2026-08-03 13:00,0.310,24.0,0.36,33.8,异常,1
HZ002440,杭州,临平区,乔司家园,2026-08-01 17:00,0.028,2.6,0.38,30.8,正常,0
HZ002441,杭州,西湖区,文新社区,2026-08-05 16:00,0.141,9.7,0.28,32.8,正常,0
HZ002442,杭州,滨江区,白马湖社区,2026-08-04 17:00,0.065,5.3,0.29,33.0,正常,0
HZ002443,杭州,余杭区,良渚文化村,2026-08-04 12:00,0.204,15.3,0.29,32.6,异常,1
HZ002444,杭州,拱墅区,湖墅家园,2026-08-05 03:00,0.010,0.8,0.37,28.3,正常,0
HZ002445,杭州,上城区,望江新园,2026-08-01 08:00,0.062,3.9,0.31,29.3,正常,0
HZ002446,杭州,萧山区,钱江世纪城社区,2026-08-05 22:00,0.133,8.9,0.39,27.1,正常,0
HZ002447,杭州,钱塘区,河庄新苑,2026-08-06 17:00,0.126,8.7,0.29,32.3,正常,0
HZ002448,杭州,临平区,乔司家园,2026-08-05 04:00,0.023,2.1,0.38,28.9,正常,0
HZ002449,杭州,西湖区,翠苑小区,2026-08-05 18:00,0.086,6.9,0.34,28.2,正常,0
HZ002450,杭州,滨江区,白马湖社区,2026-08-01 15:00,0.101,9.1,0.35,31.2,正常,0
HZ002451,杭州,余杭区,仓前家园,2026-08-01 08:00,0.075,5.4,0.33,29.0,正常,0
HZ002452,杭州,拱墅区,运河新城社区,2026-08-06 04:00,0.017,1.2,0.38,27.7,正常,0
HZ002453,杭州,上城区,丁兰社区,2026-08-01 01:00,0.014,1.2,0.37,31.0,正常,0
HZ002454,杭州,萧山区,宁围佳境,2026-08-04 14:00,0.113,7.6,0.30,30.4,正常,0
HZ002455,杭州,钱塘区,江东家园,2026-08-04 22:00,0.044,3.2,0.39,29.2,正常,0
HZ002456,杭州,临平区,南苑小区,2026-08-05 06:00,0.021,1.6,0.36,29.2,正常,0
HZ002457,杭州,西湖区,翠苑小区,2026-08-01 18:00,0.071,6.2,0.30,30.0,正常,0
HZ002458,杭州,滨江区,滨康小区,2026-08-05 16:00,0.118,8.3,0.37,33.7,正常,0
HZ002459,杭州,余杭区,仓前家园,2026-08-02 11:00,0.078,5.0,0.33,33.1,正常,0
HZ002460,杭州,拱墅区,运河新城社区,2026-08-02 11:00,0.049,4.8,0.31,31.4,正常,0
HZ002461,杭州,上城区,近江家园,2026-08-07 12:00,0.046,3.1,0.38,33.5,正常,0
HZ002462,杭州,萧山区,湘湖家园,2026-08-01 22:00,0.011,1.0,0.35,30.3,正常,0
HZ002463,杭州,钱塘区,大学城北社区,2026-08-03 10:00,0.018,1.5,0.34,27.6,正常,0
HZ002464,杭州,临平区,星桥社区,2026-08-04 02:00,0.010,0.8,0.37,28.9,正常,0
HZ002465,杭州,西湖区,翠苑小区,2026-08-07 16:00,0.091,7.9,0.35,33.7,正常,0
HZ002466,杭州,滨江区,钱塘春晓,2026-08-05 18:00,0.092,5.9,0.38,27.7,正常,0
HZ002467,杭州,余杭区,闲林山水,2026-08-01 11:00,0.133,9.2,0.38,32.5,正常,0
HZ002468,杭州,拱墅区,大关小区,2026-08-05 18:00,0.114,10.2,0.31,29.8,正常,0
HZ002469,杭州,上城区,丁兰社区,2026-08-04 10:00,0.038,3.7,0.28,28.3,正常,0
HZ002470,杭州,萧山区,北干社区,2026-08-05 03:00,0.020,1.9,0.28,29.7,正常,0
HZ002471,杭州,钱塘区,河庄新苑,2026-08-07 22:00,0.054,4.6,0.29,30.3,正常,0
HZ002472,杭州,临平区,星桥社区,2026-08-03 11:00,0.084,8.1,0.35,31.3,正常,0
HZ002473,杭州,西湖区,文新社区,2026-08-04 04:00,0.001,0.1,0.38,29.2,正常,0
HZ002474,杭州,滨江区,滨康小区,2026-08-01 05:00,0.029,2.0,0.30,28.2,正常,0
HZ002475,杭州,余杭区,闲林山水,2026-08-05 06:00,0.086,7.3,0.36,27.6,正常,0
HZ002476,杭州,拱墅区,半山家园,2026-08-05 13:00,0.038,2.9,0.31,33.8,正常,0
HZ002477,杭州,上城区,望江新园,2026-08-06 12:00,0.082,6.5,0.36,33.2,正常,0
HZ002478,杭州,萧山区,湘湖家园,2026-08-04 19:00,0.051,5.0,0.33,28.7,正常,0
HZ002479,杭州,钱塘区,河庄新苑,2026-08-02 07:00,0.164,10.4,0.34,29.3,正常,0
HZ002480,杭州,临平区,乔司家园,2026-08-02 18:00,0.068,6.8,0.28,28.2,正常,0
HZ002481,杭州,西湖区,转塘家园,2026-08-03 15:00,0.098,7.8,0.35,31.3,正常,0
HZ002482,杭州,滨江区,江南花园,2026-08-04 21:00,0.077,5.5,0.35,30.3,正常,0
HZ002483,杭州,余杭区,仓前家园,2026-08-02 19:00,0.026,1.9,0.38,31.0,正常,0
HZ002484,杭州,拱墅区,湖墅家园,2026-08-01 22:00,0.054,4.3,0.37,28.0,正常,0
HZ002485,杭州,上城区,望江新园,2026-08-04 23:00,0.084,7.1,0.29,28.0,正常,0
HZ002486,杭州,萧山区,宁围佳境,2026-08-07 16:00,0.117,10.1,0.30,33.9,正常,0
HZ002487,杭州,钱塘区,江东家园,2026-08-05 14:00,0.092,8.2,0.33,30.2,正常,0
HZ002488,杭州,临平区,南苑小区,2026-08-03 22:00,0.044,3.4,0.37,29.2,正常,0
HZ002489,杭州,西湖区,文新社区,2026-08-02 13:00,0.014,1.0,0.30,30.1,正常,0
HZ002490,杭州,滨江区,钱塘春晓,2026-08-06 07:00,0.025,1.6,0.35,27.8,正常,0
HZ002491,杭州,余杭区,仓前家园,2026-08-01 17:00,0.048,4.2,0.34,32.4,正常,0
HZ002492,杭州,拱墅区,大关小区,2026-08-03 07:00,0.085,7.0,0.32,27.2,正常,0
HZ002493,杭州,上城区,望江新园,2026-08-03 14:00,0.024,1.9,0.31,31.5,正常,0
HZ002494,杭州,萧山区,宁围佳境,2026-08-06 11:00,0.116,7.6,0.29,30.0,正常,0
HZ002495,杭州,钱塘区,江东家园,2026-08-03 15:00,0.034,2.6,0.29,33.0,正常,0
HZ002496,杭州,临平区,塘栖人家,2026-08-02 03:00,0.003,0.3,0.33,29.8,正常,0
HZ002497,杭州,西湖区,文新社区,2026-08-03 17:00,0.050,4.3,0.37,33.1,正常,0
HZ002498,杭州,滨江区,江南花园,2026-08-04 06:00,0.040,2.7,0.31,28.8,正常,0
HZ002499,杭州,余杭区,闲林山水,2026-08-01 07:00,0.113,8.5,0.38,28.4,正常,0
HZ002500,杭州,拱墅区,湖墅家园,2026-08-03 08:00,0.040,3.5,0.31,29.7,正常,0
HZ002501,杭州,上城区,丁兰社区,2026-08-06 06:00,0.030,2.1,0.35,29.7,正常,0
HZ002502,杭州,萧山区,钱江世纪城社区,2026-08-05 15:00,0.073,4.6,0.37,32.3,正常,0
HZ002503,杭州,钱塘区,下沙社区,2026-08-06 03:00,0.027,1.7,0.28,28.1,正常,0
HZ002504,杭州,临平区,乔司家园,2026-08-04 14:00,0.059,4.5,0.31,32.7,正常,0
HZ002505,杭州,西湖区,文新社区,2026-08-03 14:00,0.110,9.9,0.31,30.4,正常,0
HZ002506,杭州,滨江区,钱塘春晓,2026-08-04 21:00,0.035,2.7,0.35,30.5,正常,0
HZ002507,杭州,余杭区,闲林山水,2026-08-01 00:00,0.013,1.3,0.39,30.5,正常,0
HZ002508,杭州,拱墅区,运河新城社区,2026-08-06 14:00,0.068,5.0,0.36,30.2,正常,0
HZ002509,杭州,上城区,采荷小区,2026-08-04 03:00,0.019,1.9,0.32,30.4,正常,0
HZ002510,杭州,萧山区,湘湖家园,2026-08-05 05:00,0.002,0.2,0.31,30.6,正常,0
HZ002511,杭州,钱塘区,下沙社区,2026-08-06 03:00,0.009,0.7,0.32,28.8,正常,0
HZ002512,杭州,临平区,星桥社区,2026-08-07 14:00,0.048,4.5,0.37,31.1,正常,0
HZ002513,杭州,西湖区,转塘家园,2026-08-07 14:00,0.021,1.6,0.37,31.2,正常,0
HZ002514,杭州,滨江区,钱塘春晓,2026-08-05 01:00,0.008,0.5,0.34,30.2,正常,0
HZ002515,杭州,余杭区,闲林山水,2026-08-01 18:00,0.124,9.7,0.38,27.1,正常,0
HZ002516,杭州,拱墅区,湖墅家园,2026-08-05 13:00,0.026,1.9,0.28,31.3,正常,0
HZ002517,杭州,上城区,近江家园,2026-08-04 22:00,0.089,6.3,0.30,30.1,正常,0
HZ002518,杭州,萧山区,湘湖家园,2026-08-05 13:00,0.108,9.2,0.33,30.2,正常,0
HZ002519,杭州,钱塘区,下沙社区,2026-08-02 04:00,0.018,1.4,0.35,29.4,正常,0
HZ002520,杭州,临平区,塘栖人家,2026-08-07 22:00,0.027,2.2,0.34,27.0,正常,0
HZ002521,杭州,西湖区,文新社区,2026-08-03 10:00,0.113,8.5,0.30,28.7,正常,0
HZ002522,杭州,滨江区,钱塘春晓,2026-08-04 15:00,0.015,1.0,0.36,30.7,正常,0
HZ002523,杭州,余杭区,良渚文化村,2026-08-07 04:00,0.028,1.8,0.34,28.0,正常,0
HZ002524,杭州,拱墅区,运河新城社区,2026-08-06 06:00,0.027,2.5,0.37,29.6,正常,0
HZ002525,杭州,上城区,丁兰社区,2026-08-06 11:00,0.092,8.3,0.30,33.1,正常,0
HZ002526,杭州,萧山区,钱江世纪城社区,2026-08-05 08:00,0.043,3.1,0.31,29.3,正常,0
HZ002527,杭州,钱塘区,河庄新苑,2026-08-06 19:00,0.084,8.3,0.34,29.4,正常,0
HZ002528,杭州,临平区,塘栖人家,2026-08-01 01:00,0.014,1.2,0.39,29.4,正常,0
HZ002529,杭州,西湖区,文新社区,2026-08-04 11:00,0.017,1.2,0.35,32.7,正常,0
HZ002530,杭州,滨江区,滨康小区,2026-08-04 00:00,0.004,0.3,0.32,28.4,正常,0
HZ002531,杭州,余杭区,未来科技城社区,2026-08-03 21:00,0.120,10.0,0.35,30.1,正常,0
HZ002532,杭州,拱墅区,半山家园,2026-08-05 05:00,0.006,0.4,0.36,30.4,正常,0
HZ002533,杭州,上城区,丁兰社区,2026-08-04 17:00,0.390,21.7,0.39,33.6,异常,1
HZ002534,杭州,萧山区,钱江世纪城社区,2026-08-07 05:00,0.014,1.2,0.31,29.7,正常,0
HZ002535,杭州,钱塘区,大学城北社区,2026-08-01 11:00,0.032,2.9,0.34,33.3,正常,0
HZ002536,杭州,临平区,塘栖人家,2026-08-03 22:00,0.078,5.2,0.37,27.6,正常,0
HZ002537,杭州,西湖区,文新社区,2026-08-03 20:00,0.102,8.2,0.39,27.6,正常,0
HZ002538,杭州,滨江区,白马湖社区,2026-08-05 22:00,0.085,6.1,0.33,29.3,正常,0
HZ002539,杭州,余杭区,仓前家园,2026-08-01 18:00,0.073,5.4,0.38,27.1,正常,0
HZ002540,杭州,拱墅区,运河新城社区,2026-08-05 05:00,0.020,2.0,0.34,27.7,正常,0
HZ002541,杭州,上城区,近江家园,2026-08-03 15:00,0.063,4.0,0.31,31.5,正常,0
HZ002542,杭州,萧山区,钱江世纪城社区,2026-08-02 18:00,0.010,0.7,0.38,27.0,正常,0
HZ002543,杭州,钱塘区,下沙社区,2026-08-02 04:00,0.022,2.1,0.36,28.7,正常,0
HZ002544,杭州,临平区,南苑小区,2026-08-02 13:00,0.044,4.2,0.34,30.2,正常,0
HZ002545,杭州,西湖区,翠苑小区,2026-08-01 07:00,0.059,4.6,0.37,30.8,正常,0
HZ002546,杭州,滨江区,白马湖社区,2026-08-02 12:00,0.088,8.1,0.35,30.7,正常,0
HZ002547,杭州,余杭区,仓前家园,2026-08-07 19:00,0.048,3.1,0.34,30.4,正常,0
HZ002548,杭州,拱墅区,运河新城社区,2026-08-07 14:00,0.114,9.4,0.38,30.8,正常,0
HZ002549,杭州,上城区,丁兰社区,2026-08-04 13:00,0.068,4.6,0.32,32.7,正常,0
HZ002550,杭州,萧山区,宁围佳境,2026-08-07 12:00,0.018,1.8,0.39,32.8,正常,0
HZ002551,杭州,钱塘区,下沙社区,2026-08-04 19:00,0.107,10.0,0.33,29.6,正常,0
HZ002552,杭州,临平区,南苑小区,2026-08-02 21:00,0.067,6.0,0.38,27.9,正常,0
HZ002553,杭州,西湖区,翠苑小区,2026-08-04 06:00,0.084,7.4,0.30,28.2,正常,0
HZ002554,杭州,滨江区,白马湖社区,2026-08-05 18:00,0.024,1.9,0.32,27.7,正常,0
HZ002555,杭州,余杭区,良渚文化村,2026-08-04 20:00,0.069,6.2,0.35,29.4,正常,0
HZ002556,杭州,拱墅区,半山家园,2026-08-03 12:00,0.146,10.3,0.35,31.7,正常,0
HZ002557,杭州,上城区,近江家园,2026-08-06 14:00,0.072,5.7,0.31,31.1,正常,0
HZ002558,杭州,萧山区,湘湖家园,2026-08-04 11:00,0.040,2.6,0.35,31.5,正常,0
HZ002559,杭州,钱塘区,河庄新苑,2026-08-05 17:00,0.121,8.6,0.34,33.5,正常,0
HZ002560,杭州,临平区,南苑小区,2026-08-03 15:00,0.094,9.3,0.34,30.3,正常,0
HZ002561,杭州,西湖区,转塘家园,2026-08-02 22:00,0.149,9.5,0.33,28.9,正常,0
HZ002562,杭州,滨江区,白马湖社区,2026-08-04 19:00,0.020,1.3,0.32,30.5,正常,0
HZ002563,杭州,余杭区,仓前家园,2026-08-01 15:00,0.350,23.2,0.28,30.7,异常,1
HZ002564,杭州,拱墅区,半山家园,2026-08-03 07:00,0.033,3.0,0.36,28.1,正常,0
HZ002565,杭州,上城区,采荷小区,2026-08-03 10:00,0.083,8.2,0.35,27.3,正常,0
HZ002566,杭州,萧山区,北干社区,2026-08-04 11:00,0.112,8.5,0.29,34.0,正常,0
HZ002567,杭州,钱塘区,河庄新苑,2026-08-04 23:00,0.075,5.2,0.38,30.3,正常,0
HZ002568,杭州,临平区,南苑小区,2026-08-02 02:00,0.006,0.5,0.29,29.3,正常,0
HZ002569,杭州,西湖区,文新社区,2026-08-06 21:00,0.015,1.3,0.33,30.6,正常,0
HZ002570,杭州,滨江区,白马湖社区,2026-08-02 10:00,0.110,10.5,0.19,27.6,异常,1
HZ002571,杭州,余杭区,良渚文化村,2026-08-04 22:00,0.057,4.2,0.33,29.4,正常,0
HZ002572,杭州,拱墅区,湖墅家园,2026-08-03 15:00,0.027,2.3,0.38,32.2,正常,0
HZ002573,杭州,上城区,望江新园,2026-08-05 09:00,0.095,7.3,0.31,27.2,正常,0
HZ002574,杭州,萧山区,北干社区,2026-08-06 11:00,0.086,6.3,0.35,31.6,正常,0
HZ002575,杭州,钱塘区,下沙社区,2026-08-05 23:00,0.051,3.8,0.38,29.5,正常,0
HZ002576,杭州,临平区,南苑小区,2026-08-05 09:00,0.058,4.1,0.37,28.1,正常,0
HZ002577,杭州,西湖区,文新社区,2026-08-05 22:00,0.125,9.1,0.37,27.3,正常,0
HZ002578,杭州,滨江区,滨康小区,2026-08-02 22:00,0.010,0.8,0.30,28.4,正常,0
HZ002579,杭州,余杭区,未来科技城社区,2026-08-04 13:00,0.035,2.4,0.29,32.4,正常,0
HZ002580,杭州,拱墅区,湖墅家园,2026-08-07 17:00,0.014,1.2,0.32,33.3,正常,0
HZ002581,杭州,上城区,丁兰社区,2026-08-03 06:00,0.045,3.4,0.36,30.5,正常,0
HZ002582,杭州,萧山区,宁围佳境,2026-08-01 18:00,0.142,9.1,0.32,29.9,正常,0
HZ002583,杭州,钱塘区,河庄新苑,2026-08-07 18:00,0.058,4.9,0.28,29.4,正常,0
HZ002584,杭州,临平区,塘栖人家,2026-08-06 23:00,0.042,2.9,0.33,30.9,正常,0
HZ002585,杭州,西湖区,转塘家园,2026-08-05 21:00,0.019,1.4,0.31,29.2,正常,0
HZ002586,杭州,滨江区,滨康小区,2026-08-07 04:00,0.007,0.5,0.29,27.4,正常,0
HZ002587,杭州,余杭区,仓前家园,2026-08-02 09:00,0.040,3.5,0.31,30.9,正常,0
HZ002588,杭州,拱墅区,半山家园,2026-08-06 22:00,0.010,0.8,0.28,30.6,正常,0
HZ002589,杭州,上城区,望江新园,2026-08-05 08:00,0.141,9.0,0.30,28.3,正常,0
HZ002590,杭州,萧山区,湘湖家园,2026-08-07 07:00,0.043,3.5,0.28,27.7,正常,0
HZ002591,杭州,钱塘区,大学城北社区,2026-08-07 08:00,0.151,10.1,0.29,27.1,正常,0
HZ002592,杭州,临平区,塘栖人家,2026-08-02 11:00,0.109,8.4,0.35,30.9,正常,0
HZ002593,杭州,西湖区,转塘家园,2026-08-06 06:00,0.054,3.5,0.35,29.2,正常,0
HZ002594,杭州,滨江区,滨康小区,2026-08-03 16:00,0.054,5.2,0.37,33.3,正常,0
HZ002595,杭州,余杭区,仓前家园,2026-08-07 15:00,0.140,9.7,0.38,31.8,正常,0
HZ002596,杭州,拱墅区,半山家园,2026-08-02 12:00,0.080,5.2,0.32,32.7,正常,0
HZ002597,杭州,上城区,丁兰社区,2026-08-07 15:00,0.074,4.7,0.33,32.0,正常,0
HZ002598,杭州,萧山区,钱江世纪城社区,2026-08-02 19:00,0.053,4.6,0.34,30.0,正常,0
HZ002599,杭州,钱塘区,下沙社区,2026-08-07 11:00,0.096,9.1,0.33,31.3,正常,0
HZ002600,杭州,临平区,星桥社区,2026-08-07 16:00,0.031,1.9,0.36,30.3,正常,0
HZ002601,杭州,西湖区,翠苑小区,2026-08-05 13:00,0.091,8.6,0.37,32.0,正常,0
HZ002602,杭州,滨江区,滨康小区,2026-08-04 14:00,0.110,6.9,0.55,32.5,异常,1
HZ002603,杭州,余杭区,良渚文化村,2026-08-07 15:00,0.090,6.6,0.31,32.8,正常,0
HZ002604,杭州,拱墅区,湖墅家园,2026-08-06 16:00,0.087,7.3,0.32,31.4,正常,0
HZ002605,杭州,上城区,丁兰社区,2026-08-01 10:00,0.150,9.9,0.28,27.5,正常,0
HZ002606,杭州,萧山区,湘湖家园,2026-08-07 18:00,0.076,4.9,0.29,27.3,正常,0
HZ002607,杭州,钱塘区,下沙社区,2026-08-04 06:00,0.102,9.4,0.32,30.5,正常,0
HZ002608,杭州,临平区,南苑小区,2026-08-02 10:00,0.106,8.3,0.36,27.5,正常,0
HZ002609,杭州,西湖区,转塘家园,2026-08-01 10:00,0.057,5.6,0.31,28.9,正常,0
HZ002610,杭州,滨江区,钱塘春晓,2026-08-06 16:00,0.011,1.0,0.32,32.8,正常,0
HZ002611,杭州,余杭区,良渚文化村,2026-08-04 14:00,0.077,5.9,0.37,32.2,正常,0
HZ002612,杭州,拱墅区,半山家园,2026-08-04 02:00,0.031,2.2,0.38,27.7,正常,0
HZ002613,杭州,上城区,采荷小区,2026-08-05 01:00,0.004,0.3,0.37,29.0,正常,0
HZ002614,杭州,萧山区,宁围佳境,2026-08-02 15:00,0.138,9.2,0.38,33.2,正常,0
HZ002615,杭州,钱塘区,下沙社区,2026-08-07 08:00,0.047,3.0,0.39,28.9,正常,0
HZ002616,杭州,临平区,星桥社区,2026-08-05 22:00,0.067,5.3,0.29,29.2,正常,0
HZ002617,杭州,西湖区,转塘家园,2026-08-05 09:00,0.128,8.9,0.31,27.5,正常,0
HZ002618,杭州,滨江区,白马湖社区,2026-08-04 01:00,0.035,2.3,0.38,27.8,正常,0
HZ002619,杭州,余杭区,闲林山水,2026-08-02 13:00,0.065,5.0,0.30,33.2,正常,0
HZ002620,杭州,拱墅区,大关小区,2026-08-05 23:00,0.162,10.2,0.32,30.2,正常,0
HZ002621,杭州,上城区,望江新园,2026-08-04 23:00,0.145,9.5,0.37,29.5,正常,0
HZ002622,杭州,萧山区,湘湖家园,2026-08-04 09:00,0.084,6.2,0.31,29.0,正常,0
HZ002623,杭州,钱塘区,下沙社区,2026-08-01 18:00,0.138,9.0,0.29,27.7,正常,0
HZ002624,杭州,临平区,南苑小区,2026-08-03 19:00,0.044,3.6,0.29,29.8,正常,0
HZ002625,杭州,西湖区,转塘家园,2026-08-04 11:00,0.085,5.8,0.31,30.5,正常,0
HZ002626,杭州,滨江区,白马湖社区,2026-08-06 11:00,0.015,1.3,0.14,30.5,异常,1
HZ002627,杭州,余杭区,良渚文化村,2026-08-06 18:00,0.058,4.4,0.36,29.8,正常,0
HZ002628,杭州,拱墅区,湖墅家园,2026-08-06 02:00,0.002,0.2,0.34,27.7,正常,0
HZ002629,杭州,上城区,采荷小区,2026-08-05 04:00,0.005,0.5,0.39,29.4,正常,0
HZ002630,杭州,萧山区,宁围佳境,2026-08-02 13:00,0.012,1.0,0.37,33.0,正常,0
HZ002631,杭州,钱塘区,河庄新苑,2026-08-02 05:00,0.017,1.3,0.38,27.9,正常,0
HZ002632,杭州,临平区,乔司家园,2026-08-01 09:00,0.095,8.2,0.37,29.0,正常,0
HZ002633,杭州,西湖区,文新社区,2026-08-05 10:00,0.075,6.8,0.35,29.4,正常,0
HZ002634,杭州,滨江区,白马湖社区,2026-08-06 10:00,0.039,2.6,0.36,28.1,正常,0
HZ002635,杭州,余杭区,闲林山水,2026-08-02 14:00,0.052,5.0,0.30,31.3,正常,0
HZ002636,杭州,拱墅区,运河新城社区,2026-08-02 19:00,0.134,9.0,0.28,29.8,正常,0
HZ002637,杭州,上城区,近江家园,2026-08-07 07:00,0.028,2.4,0.29,29.4,正常,0
HZ002638,杭州,萧山区,北干社区,2026-08-01 23:00,0.091,8.8,0.35,29.4,正常,0
HZ002639,杭州,钱塘区,下沙社区,2026-08-01 07:00,0.080,7.1,0.32,30.2,正常,0
HZ002640,杭州,临平区,星桥社区,2026-08-01 07:00,0.150,10.4,0.32,30.3,正常,0
HZ002641,杭州,西湖区,转塘家园,2026-08-06 03:00,0.023,2.2,0.32,27.6,正常,0
HZ002642,杭州,滨江区,白马湖社区,2026-08-04 04:00,0.023,1.6,0.37,30.1,正常,0
HZ002643,杭州,余杭区,良渚文化村,2026-08-06 16:00,0.095,6.2,0.30,30.3,正常,0
HZ002644,杭州,拱墅区,运河新城社区,2026-08-02 15:00,0.066,6.4,0.36,33.8,正常,0
HZ002645,杭州,上城区,采荷小区,2026-08-04 07:00,0.045,4.0,0.38,28.6,正常,0
HZ002646,杭州,萧山区,宁围佳境,2026-08-01 20:00,0.065,5.8,0.32,30.3,正常,0
HZ002647,杭州,钱塘区,河庄新苑,2026-08-03 10:00,0.059,4.3,0.32,27.5,正常,0
HZ002648,杭州,临平区,星桥社区,2026-08-05 21:00,0.094,5.9,0.38,27.2,正常,0
HZ002649,杭州,西湖区,三墩新天地,2026-08-02 07:00,0.106,9.0,0.38,30.4,正常,0
HZ002650,杭州,滨江区,江南花园,2026-08-06 02:00,0.008,0.6,0.17,27.3,异常,1
HZ002651,杭州,余杭区,仓前家园,2026-08-03 08:00,0.106,7.6,0.36,30.2,正常,0
HZ002652,杭州,拱墅区,运河新城社区,2026-08-02 01:00,0.004,0.3,0.28,29.0,正常,0
HZ002653,杭州,上城区,近江家园,2026-08-07 08:00,0.124,10.3,0.29,29.4,正常,0
HZ002654,杭州,萧山区,钱江世纪城社区,2026-08-03 01:00,0.016,1.6,0.33,27.9,正常,0
HZ002655,杭州,钱塘区,下沙社区,2026-08-04 21:00,0.114,9.9,0.32,28.8,正常,0
HZ002656,杭州,临平区,星桥社区,2026-08-07 12:00,0.083,6.1,0.33,31.8,正常,0
HZ002657,杭州,西湖区,翠苑小区,2026-08-04 22:00,0.017,1.1,0.37,30.1,正常,0
HZ002658,杭州,滨江区,钱塘春晓,2026-08-01 17:00,0.074,5.2,0.39,31.1,正常,0
HZ002659,杭州,余杭区,闲林山水,2026-08-02 19:00,0.013,0.9,0.29,29.8,正常,0
HZ002660,杭州,拱墅区,大关小区,2026-08-06 00:00,0.026,1.8,0.38,28.6,正常,0
HZ002661,杭州,上城区,丁兰社区,2026-08-05 05:00,0.014,1.3,0.34,30.1,正常,0
HZ002662,杭州,萧山区,钱江世纪城社区,2026-08-03 05:00,0.029,2.1,0.31,30.4,正常,0
HZ002663,杭州,钱塘区,大学城北社区,2026-08-07 01:00,0.021,2.0,0.29,30.7,正常,0
HZ002664,杭州,临平区,乔司家园,2026-08-03 06:00,0.119,8.7,0.29,27.1,正常,0
HZ002665,杭州,西湖区,三墩新天地,2026-08-04 16:00,0.016,1.3,0.31,32.7,正常,0
HZ002666,杭州,滨江区,滨康小区,2026-08-02 04:00,0.015,1.2,0.33,30.6,正常,0
HZ002667,杭州,余杭区,闲林山水,2026-08-05 00:00,0.004,0.3,0.29,29.1,正常,0
HZ002668,杭州,拱墅区,运河新城社区,2026-08-04 09:00,0.039,3.1,0.36,28.7,正常,0
HZ002669,杭州,上城区,近江家园,2026-08-07 04:00,0.003,0.2,0.30,30.7,正常,0
HZ002670,杭州,萧山区,钱江世纪城社区,2026-08-03 18:00,0.018,1.2,0.36,27.1,正常,0
HZ002671,杭州,钱塘区,下沙社区,2026-08-03 06:00,0.109,7.4,0.32,27.9,正常,0
HZ002672,杭州,临平区,南苑小区,2026-08-03 08:00,0.108,8.7,0.35,27.6,正常,0
HZ002673,杭州,西湖区,文新社区,2026-08-06 10:00,0.032,2.9,0.35,29.5,正常,0
HZ002674,杭州,滨江区,滨康小区,2026-08-01 15:00,0.104,8.1,0.30,31.9,正常,0
HZ002675,杭州,余杭区,闲林山水,2026-08-02 23:00,0.017,1.5,0.36,30.6,正常,0
HZ002676,杭州,拱墅区,大关小区,2026-08-01 02:00,0.006,0.4,0.30,28.7,正常,0
HZ002677,杭州,上城区,丁兰社区,2026-08-07 03:00,0.021,1.6,0.36,28.8,正常,0
HZ002678,杭州,萧山区,宁围佳境,2026-08-04 14:00,0.124,7.9,0.34,33.8,正常,0
HZ002679,杭州,钱塘区,河庄新苑,2026-08-07 13:00,0.074,4.8,0.36,30.1,正常,0
HZ002680,杭州,临平区,南苑小区,2026-08-03 03:00,0.003,0.3,0.28,28.7,正常,0
HZ002681,杭州,西湖区,文新社区,2026-08-01 07:00,0.017,1.4,0.35,27.3,正常,0
HZ002682,杭州,滨江区,江南花园,2026-08-01 08:00,0.143,9.7,0.34,30.0,正常,0
HZ002683,杭州,余杭区,良渚文化村,2026-08-05 22:00,0.097,6.6,0.28,29.5,正常,0
HZ002684,杭州,拱墅区,半山家园,2026-08-03 09:00,0.105,10.1,0.16,29.1,异常,1
HZ002685,杭州,上城区,近江家园,2026-08-06 01:00,0.010,0.9,0.34,27.8,正常,0
HZ002686,杭州,萧山区,北干社区,2026-08-05 05:00,0.019,1.3,0.52,27.6,异常,1
HZ002687,杭州,钱塘区,大学城北社区,2026-08-06 18:00,0.034,2.7,0.34,30.5,正常,0
HZ002688,杭州,临平区,乔司家园,2026-08-05 12:00,0.098,8.0,0.38,32.6,正常,0
HZ002689,杭州,西湖区,文新社区,2026-08-07 20:00,0.018,1.3,0.31,27.7,正常,0
HZ002690,杭州,滨江区,钱塘春晓,2026-08-07 13:00,0.015,1.1,0.32,30.6,正常,0
HZ002691,杭州,余杭区,良渚文化村,2026-08-07 11:00,0.104,7.3,0.28,32.8,正常,0
HZ002692,杭州,拱墅区,运河新城社区,2026-08-06 07:00,0.014,1.1,0.29,31.0,正常,0
HZ002693,杭州,上城区,采荷小区,2026-08-04 02:00,0.023,2.1,0.34,30.3,正常,0
HZ002694,杭州,萧山区,宁围佳境,2026-08-06 04:00,0.029,1.8,0.38,29.2,正常,0
HZ002695,杭州,钱塘区,下沙社区,2026-08-01 15:00,0.036,3.0,0.33,30.4,正常,0
HZ002696,杭州,临平区,乔司家园,2026-08-03 05:00,0.013,1.1,0.33,30.5,正常,0
HZ002697,杭州,西湖区,翠苑小区,2026-08-07 08:00,0.094,7.8,0.32,28.9,正常,0
HZ002698,杭州,滨江区,白马湖社区,2026-08-02 16:00,0.084,6.0,0.34,33.3,正常,0
HZ002699,杭州,余杭区,未来科技城社区,2026-08-04 23:00,0.011,1.0,0.33,28.8,正常,0
HZ002700,杭州,拱墅区,半山家园,2026-08-06 18:00,0.069,5.0,0.30,28.4,正常,0
HZ002701,杭州,上城区,望江新园,2026-08-03 13:00,0.056,5.2,0.31,31.2,正常,0
HZ002702,杭州,萧山区,宁围佳境,2026-08-01 05:00,0.011,1.0,0.30,30.3,正常,0
HZ002703,杭州,钱塘区,大学城北社区,2026-08-04 06:00,0.096,6.1,0.31,29.4,正常,0
HZ002704,杭州,临平区,塘栖人家,2026-08-04 04:00,0.014,1.2,0.35,27.2,正常,0
HZ002705,杭州,西湖区,文新社区,2026-08-03 02:00,0.021,1.5,0.31,30.1,正常,0
HZ002706,杭州,滨江区,滨康小区,2026-08-05 20:00,0.039,3.7,0.30,28.5,正常,0
HZ002707,杭州,余杭区,仓前家园,2026-08-01 19:00,0.031,2.5,0.29,27.3,正常,0
HZ002708,杭州,拱墅区,大关小区,2026-08-06 02:00,0.027,2.2,0.35,27.4,正常,0
HZ002709,杭州,上城区,近江家园,2026-08-01 02:00,0.014,1.2,0.32,29.1,正常,0
HZ002710,杭州,萧山区,湘湖家园,2026-08-02 21:00,0.118,9.0,0.35,27.7,正常,0
HZ002711,杭州,钱塘区,江东家园,2026-08-07 17:00,0.017,1.6,0.35,33.2,正常,0
HZ002712,杭州,临平区,星桥社区,2026-08-02 16:00,0.068,6.0,0.28,33.1,正常,0
HZ002713,杭州,西湖区,翠苑小区,2026-08-05 09:00,0.027,2.2,0.31,29.2,正常,0
HZ002714,杭州,滨江区,滨康小区,2026-08-06 10:00,0.044,3.5,0.34,27.2,正常,0
HZ002715,杭州,余杭区,仓前家园,2026-08-01 10:00,0.047,4.1,0.32,28.7,正常,0
HZ002716,杭州,拱墅区,湖墅家园,2026-08-04 09:00,0.104,9.4,0.31,29.3,正常,0
HZ002717,杭州,上城区,丁兰社区,2026-08-04 20:00,0.042,3.6,0.34,27.3,正常,0
HZ002718,杭州,萧山区,北干社区,2026-08-06 13:00,0.164,10.3,0.13,30.1,异常,1
HZ002719,杭州,钱塘区,江东家园,2026-08-02 16:00,0.064,5.5,0.34,32.8,正常,0
HZ002720,杭州,临平区,塘栖人家,2026-08-04 18:00,0.037,3.6,0.38,29.3,正常,0
HZ002721,杭州,西湖区,转塘家园,2026-08-04 08:00,0.156,10.0,0.33,27.5,正常,0
HZ002722,杭州,滨江区,钱塘春晓,2026-08-03 14:00,0.129,9.6,0.30,30.3,正常,0
HZ002723,杭州,余杭区,未来科技城社区,2026-08-04 23:00,0.083,6.1,0.36,30.2,正常,0
HZ002724,杭州,拱墅区,湖墅家园,2026-08-04 18:00,0.152,10.0,0.37,28.9,正常,0
HZ002725,杭州,上城区,望江新园,2026-08-05 12:00,0.385,20.6,0.34,31.8,异常,1
HZ002726,杭州,萧山区,宁围佳境,2026-08-01 01:00,0.025,2.2,0.30,30.8,正常,0
HZ002727,杭州,钱塘区,大学城北社区,2026-08-07 16:00,0.084,6.8,0.38,32.7,正常,0
HZ002728,杭州,临平区,乔司家园,2026-08-07 08:00,0.113,9.8,0.19,29.9,异常,1
HZ002729,杭州,西湖区,文新社区,2026-08-02 07:00,0.091,9.1,0.33,29.9,正常,0
HZ002730,杭州,滨江区,江南花园,2026-08-01 16:00,0.105,7.1,0.30,31.2,正常,0
HZ002731,杭州,余杭区,仓前家园,2026-08-06 12:00,0.125,9.1,0.34,31.6,正常,0
HZ002732,杭州,拱墅区,湖墅家园,2026-08-06 13:00,0.126,9.7,0.30,31.5,正常,0
HZ002733,杭州,上城区,望江新园,2026-08-02 18:00,0.098,6.5,0.38,29.9,正常,0
HZ002734,杭州,萧山区,宁围佳境,2026-08-04 16:00,0.094,6.1,0.38,31.8,正常,0
HZ002735,杭州,钱塘区,河庄新苑,2026-08-01 22:00,0.017,1.2,0.30,27.5,正常,0
HZ002736,杭州,临平区,乔司家园,2026-08-03 06:00,0.089,7.1,0.32,27.5,正常,0
HZ002737,杭州,西湖区,翠苑小区,2026-08-07 20:00,0.042,3.8,0.31,27.3,正常,0
HZ002738,杭州,滨江区,白马湖社区,2026-08-05 14:00,0.100,7.1,0.32,32.8,正常,0
HZ002739,杭州,余杭区,良渚文化村,2026-08-05 05:00,0.033,2.3,0.36,29.9,正常,0
HZ002740,杭州,拱墅区,湖墅家园,2026-08-02 05:00,0.002,0.2,0.34,31.0,正常,0
HZ002741,杭州,上城区,采荷小区,2026-08-01 14:00,0.042,3.1,0.36,31.7,正常,0
HZ002742,杭州,萧山区,钱江世纪城社区,2026-08-03 02:00,0.015,1.2,0.30,27.0,正常,0
HZ002743,杭州,钱塘区,河庄新苑,2026-08-05 08:00,0.094,9.3,0.28,30.8,正常,0
HZ002744,杭州,临平区,乔司家园,2026-08-02 23:00,0.075,7.3,0.38,30.5,正常,0
HZ002745,杭州,西湖区,文新社区,2026-08-05 20:00,0.082,6.8,0.31,29.7,正常,0
HZ002746,杭州,滨江区,江南花园,2026-08-07 12:00,0.051,3.3,0.34,33.7,正常,0
HZ002747,杭州,余杭区,未来科技城社区,2026-08-02 06:00,0.073,6.4,0.38,27.6,正常,0
HZ002748,杭州,拱墅区,运河新城社区,2026-08-02 06:00,0.055,5.2,0.36,30.8,正常,0
HZ002749,杭州,上城区,采荷小区,2026-08-03 18:00,0.110,8.8,0.33,29.6,正常,0
HZ002750,杭州,萧山区,宁围佳境,2026-08-02 07:00,0.089,5.9,0.30,30.5,正常,0
HZ002751,杭州,钱塘区,江东家园,2026-08-02 06:00,0.037,3.3,0.30,29.8,正常,0
HZ002752,杭州,临平区,星桥社区,2026-08-04 23:00,0.027,1.7,0.32,29.1,正常,0
HZ002753,杭州,西湖区,翠苑小区,2026-08-04 01:00,0.008,0.7,0.28,30.1,正常,0
HZ002754,杭州,滨江区,钱塘春晓,2026-08-01 01:00,0.018,1.8,0.37,27.6,正常,0
HZ002755,杭州,余杭区,良渚文化村,2026-08-07 04:00,0.002,0.2,0.33,28.9,正常,0
HZ002756,杭州,拱墅区,运河新城社区,2026-08-04 00:00,0.025,1.8,0.34,29.7,正常,0
HZ002757,杭州,上城区,采荷小区,2026-08-07 02:00,0.008,0.5,0.34,30.9,正常,0
HZ002758,杭州,萧山区,北干社区,2026-08-02 23:00,0.099,8.9,0.32,28.5,正常,0
HZ002759,杭州,钱塘区,河庄新苑,2026-08-03 19:00,0.063,4.4,0.34,29.1,正常,0
HZ002760,杭州,临平区,乔司家园,2026-08-06 09:00,0.112,10.4,0.36,27.2,正常,0
HZ002761,杭州,西湖区,转塘家园,2026-08-07 06:00,0.011,0.9,0.29,28.7,正常,0
HZ002762,杭州,滨江区,钱塘春晓,2026-08-01 10:00,0.145,10.2,0.30,29.8,正常,0
HZ002763,杭州,余杭区,闲林山水,2026-08-02 15:00,0.018,1.6,0.31,32.5,正常,0
HZ002764,杭州,拱墅区,半山家园,2026-08-06 15:00,0.033,3.1,0.29,32.9,正常,0
HZ002765,杭州,上城区,望江新园,2026-08-01 21:00,0.136,8.8,0.37,29.5,正常,0
HZ002766,杭州,萧山区,北干社区,2026-08-03 14:00,0.136,9.9,0.30,30.8,正常,0
HZ002767,杭州,钱塘区,江东家园,2026-08-07 03:00,0.016,1.4,0.33,27.2,正常,0
HZ002768,杭州,临平区,塘栖人家,2026-08-06 20:00,0.060,4.2,0.35,27.7,正常,0
HZ002769,杭州,西湖区,文新社区,2026-08-01 06:00,0.069,5.8,0.31,28.0,正常,0
HZ002770,杭州,滨江区,江南花园,2026-08-04 17:00,0.106,7.2,0.28,31.4,正常,0
HZ002771,杭州,余杭区,未来科技城社区,2026-08-04 19:00,0.069,5.9,0.38,28.3,正常,0
HZ002772,杭州,拱墅区,半山家园,2026-08-05 05:00,0.021,1.3,0.38,27.1,正常,0
HZ002773,杭州,上城区,丁兰社区,2026-08-03 18:00,0.105,7.7,0.35,28.2,正常,0
HZ002774,杭州,萧山区,湘湖家园,2026-08-01 14:00,0.012,0.8,0.32,32.0,正常,0
HZ002775,杭州,钱塘区,下沙社区,2026-08-06 23:00,0.075,5.2,0.35,27.3,正常,0
HZ002776,杭州,临平区,星桥社区,2026-08-02 17:00,0.110,7.1,0.33,31.9,正常,0
HZ002777,杭州,西湖区,三墩新天地,2026-08-06 12:00,0.077,6.2,0.32,30.4,正常,0
HZ002778,杭州,滨江区,白马湖社区,2026-08-03 01:00,0.001,0.1,0.39,28.8,正常,0
HZ002779,杭州,余杭区,未来科技城社区,2026-08-05 15:00,0.038,3.7,0.32,33.6,正常,0
HZ002780,杭州,拱墅区,半山家园,2026-08-06 10:00,0.092,8.6,0.33,30.9,正常,0
HZ002781,杭州,上城区,望江新园,2026-08-02 12:00,0.062,3.9,0.33,32.7,正常,0
HZ002782,杭州,萧山区,钱江世纪城社区,2026-08-01 20:00,0.062,3.9,0.35,27.6,正常,0
HZ002783,杭州,钱塘区,大学城北社区,2026-08-07 11:00,0.253,18.7,0.37,31.4,异常,1
HZ002784,杭州,临平区,星桥社区,2026-08-04 06:00,0.090,6.2,0.36,29.9,正常,0
HZ002785,杭州,西湖区,转塘家园,2026-08-02 18:00,0.059,4.1,0.32,30.5,正常,0
HZ002786,杭州,滨江区,江南花园,2026-08-01 06:00,0.070,6.3,0.29,29.5,正常,0
HZ002787,杭州,余杭区,良渚文化村,2026-08-07 07:00,0.082,5.4,0.38,27.3,正常,0
HZ002788,杭州,拱墅区,运河新城社区,2026-08-04 22:00,0.019,1.3,0.54,27.5,异常,1
HZ002789,杭州,上城区,采荷小区,2026-08-02 13:00,0.061,5.0,0.37,31.1,正常,0
HZ002790,杭州,萧山区,北干社区,2026-08-06 22:00,0.113,7.8,0.34,27.3,正常,0
HZ002791,杭州,钱塘区,江东家园,2026-08-01 05:00,0.030,2.0,0.34,29.0,正常,0
HZ002792,杭州,临平区,塘栖人家,2026-08-01 04:00,0.031,2.1,0.37,27.9,正常,0
HZ002793,杭州,西湖区,转塘家园,2026-08-04 13:00,0.030,2.2,0.29,31.3,正常,0
HZ002794,杭州,滨江区,白马湖社区,2026-08-05 10:00,0.112,9.3,0.38,29.7,正常,0
HZ002795,杭州,余杭区,未来科技城社区,2026-08-05 02:00,0.009,0.8,0.37,29.3,正常,0
HZ002796,杭州,拱墅区,运河新城社区,2026-08-02 13:00,0.099,8.2,0.19,33.7,异常,1
HZ002797,杭州,上城区,采荷小区,2026-08-02 15:00,0.025,2.5,0.36,31.6,正常,0
HZ002798,杭州,萧山区,宁围佳境,2026-08-05 13:00,0.018,1.3,0.33,32.6,正常,0
HZ002799,杭州,钱塘区,江东家园,2026-08-02 09:00,0.014,1.3,0.34,30.3,正常,0
HZ002800,杭州,临平区,塘栖人家,2026-08-06 21:00,0.017,1.2,0.35,27.3,正常,0
HZ002801,杭州,西湖区,三墩新天地,2026-08-07 23:00,0.024,1.7,0.34,27.3,正常,0
HZ002802,杭州,滨江区,滨康小区,2026-08-03 00:00,0.023,1.6,0.35,27.3,正常,0
HZ002803,杭州,余杭区,闲林山水,2026-08-02 09:00,0.027,2.3,0.29,29.4,正常,0
HZ002804,杭州,拱墅区,运河新城社区,2026-08-04 02:00,0.002,0.2,0.34,29.8,正常,0
HZ002805,杭州,上城区,丁兰社区,2026-08-05 07:00,0.111,9.2,0.30,30.5,正常,0
HZ002806,杭州,萧山区,宁围佳境,2026-08-04 03:00,0.013,1.2,0.34,29.5,正常,0
HZ002807,杭州,钱塘区,河庄新苑,2026-08-07 13:00,0.031,2.9,0.28,31.4,正常,0
HZ002808,杭州,临平区,乔司家园,2026-08-05 04:00,0.021,1.3,0.30,27.2,正常,0
HZ002809,杭州,西湖区,三墩新天地,2026-08-04 08:00,0.051,3.6,0.30,27.5,正常,0
HZ002810,杭州,滨江区,白马湖社区,2026-08-02 16:00,0.063,5.3,0.38,32.3,正常,0
HZ002811,杭州,余杭区,良渚文化村,2026-08-03 02:00,0.010,0.9,0.38,27.9,正常,0
HZ002812,杭州,拱墅区,运河新城社区,2026-08-01 11:00,0.083,6.4,0.49,32.3,异常,1
HZ002813,杭州,上城区,望江新园,2026-08-03 15:00,0.050,3.5,0.33,30.1,正常,0
HZ002814,杭州,萧山区,北干社区,2026-08-02 16:00,0.159,10.0,0.33,33.8,正常,0
HZ002815,杭州,钱塘区,下沙社区,2026-08-05 15:00,0.112,8.1,0.31,30.4,正常,0
HZ002816,杭州,临平区,星桥社区,2026-08-07 01:00,0.028,1.9,0.35,27.3,正常,0
HZ002817,杭州,西湖区,文新社区,2026-08-06 07:00,0.128,8.2,0.33,30.5,正常,0
HZ002818,杭州,滨江区,钱塘春晓,2026-08-03 10:00,0.113,9.6,0.33,28.6,正常,0
HZ002819,杭州,余杭区,良渚文化村,2026-08-05 14:00,0.059,3.9,0.31,32.4,正常,0
HZ002820,杭州,拱墅区,湖墅家园,2026-08-03 18:00,0.068,4.5,0.30,30.9,正常,0
HZ002821,杭州,上城区,望江新园,2026-08-05 16:00,0.078,7.5,0.39,30.2,正常,0
HZ002822,杭州,萧山区,湘湖家园,2026-08-03 22:00,0.025,2.4,0.32,30.3,正常,0
HZ002823,杭州,钱塘区,河庄新苑,2026-08-01 12:00,0.109,7.2,0.32,31.9,正常,0
HZ002824,杭州,临平区,乔司家园,2026-08-05 12:00,0.075,5.1,0.34,31.3,正常,0
HZ002825,杭州,西湖区,文新社区,2026-08-04 06:00,0.076,6.2,0.29,29.1,正常,0
HZ002826,杭州,滨江区,滨康小区,2026-08-01 11:00,0.078,7.1,0.29,30.6,正常,0
HZ002827,杭州,余杭区,良渚文化村,2026-08-01 05:00,0.004,0.2,0.35,30.4,正常,0
HZ002828,杭州,拱墅区,大关小区,2026-08-07 07:00,0.027,2.5,0.36,29.4,正常,0
HZ002829,杭州,上城区,采荷小区,2026-08-01 05:00,0.019,1.3,0.28,29.6,正常,0
HZ002830,杭州,萧山区,钱江世纪城社区,2026-08-05 17:00,0.048,4.5,0.34,30.1,正常,0
HZ002831,杭州,钱塘区,江东家园,2026-08-03 09:00,0.022,1.9,0.37,29.4,正常,0
HZ002832,杭州,临平区,乔司家园,2026-08-02 06:00,0.128,8.4,0.37,29.3,正常,0
HZ002833,杭州,西湖区,翠苑小区,2026-08-06 21:00,0.062,5.5,0.36,30.3,正常,0
HZ002834,杭州,滨江区,白马湖社区,2026-08-07 11:00,0.076,6.3,0.37,30.4,正常,0
HZ002835,杭州,余杭区,良渚文化村,2026-08-07 01:00,0.012,0.8,0.29,30.0,正常,0
HZ002836,杭州,拱墅区,运河新城社区,2026-08-06 11:00,0.129,8.6,0.30,31.7,正常,0
HZ002837,杭州,上城区,丁兰社区,2026-08-02 01:00,0.002,0.1,0.35,27.7,正常,0
HZ002838,杭州,萧山区,钱江世纪城社区,2026-08-07 13:00,0.103,8.9,0.37,30.2,正常,0
HZ002839,杭州,钱塘区,河庄新苑,2026-08-07 14:00,0.117,8.2,0.30,33.6,正常,0
HZ002840,杭州,临平区,乔司家园,2026-08-04 01:00,0.027,2.1,0.33,27.3,正常,0
HZ002841,杭州,西湖区,翠苑小区,2026-08-02 03:00,0.004,0.3,0.34,28.8,正常,0
HZ002842,杭州,滨江区,白马湖社区,2026-08-07 02:00,0.022,2.0,0.38,30.9,正常,0
HZ002843,杭州,余杭区,良渚文化村,2026-08-07 01:00,0.017,1.1,0.33,27.1,正常,0
HZ002844,杭州,拱墅区,半山家园,2026-08-07 20:00,0.086,8.2,0.34,28.1,正常,0
HZ002845,杭州,上城区,望江新园,2026-08-03 06:00,0.086,6.7,0.36,30.2,正常,0
HZ002846,杭州,萧山区,北干社区,2026-08-02 12:00,0.056,3.7,0.37,32.3,正常,0
HZ002847,杭州,钱塘区,下沙社区,2026-08-04 06:00,0.071,5.4,0.29,30.5,正常,0
HZ002848,杭州,临平区,乔司家园,2026-08-05 09:00,0.076,6.5,0.37,27.9,正常,0
HZ002849,杭州,西湖区,三墩新天地,2026-08-05 11:00,0.104,6.9,0.37,33.0,正常,0
HZ002850,杭州,滨江区,滨康小区,2026-08-04 15:00,0.127,10.5,0.32,33.0,正常,0
HZ002851,杭州,余杭区,仓前家园,2026-08-05 22:00,0.017,1.3,0.38,30.7,正常,0
HZ002852,杭州,拱墅区,大关小区,2026-08-06 10:00,0.067,6.2,0.37,29.8,正常,0
HZ002853,杭州,上城区,丁兰社区,2026-08-01 16:00,0.123,7.7,0.35,30.8,正常,0
HZ002854,杭州,萧山区,宁围佳境,2026-08-06 12:00,0.070,6.0,0.38,32.9,正常,0
HZ002855,杭州,钱塘区,江东家园,2026-08-03 10:00,0.058,3.8,0.30,30.6,正常,0
HZ002856,杭州,临平区,星桥社区,2026-08-03 20:00,0.117,9.6,0.34,30.1,正常,0
HZ002857,杭州,西湖区,翠苑小区,2026-08-01 16:00,0.100,8.1,0.30,31.8,正常,0
HZ002858,杭州,滨江区,白马湖社区,2026-08-03 12:00,0.023,1.8,0.38,33.7,正常,0
HZ002859,杭州,余杭区,仓前家园,2026-08-06 01:00,0.027,2.1,0.30,30.3,正常,0
HZ002860,杭州,拱墅区,半山家园,2026-08-01 00:00,0.004,0.3,0.35,27.7,正常,0
HZ002861,杭州,上城区,近江家园,2026-08-07 23:00,0.111,8.6,0.34,28.4,正常,0
HZ002862,杭州,萧山区,钱江世纪城社区,2026-08-03 18:00,0.110,7.4,0.29,27.8,正常,0
HZ002863,杭州,钱塘区,河庄新苑,2026-08-04 13:00,0.081,5.2,0.34,33.3,正常,0
HZ002864,杭州,临平区,塘栖人家,2026-08-01 10:00,0.071,5.8,0.34,27.1,正常,0
HZ002865,杭州,西湖区,翠苑小区,2026-08-05 17:00,0.085,7.2,0.36,31.5,正常,0
HZ002866,杭州,滨江区,滨康小区,2026-08-07 10:00,0.081,5.4,0.36,30.0,正常,0
HZ002867,杭州,余杭区,仓前家园,2026-08-05 06:00,0.107,8.7,0.30,27.2,正常,0
HZ002868,杭州,拱墅区,大关小区,2026-08-02 07:00,0.028,2.6,0.32,28.2,正常,0
HZ002869,杭州,上城区,采荷小区,2026-08-02 08:00,0.052,3.5,0.39,27.3,正常,0
HZ002870,杭州,萧山区,湘湖家园,2026-08-03 19:00,0.125,8.0,0.38,29.0,正常,0
HZ002871,杭州,钱塘区,河庄新苑,2026-08-01 13:00,0.019,1.9,0.36,33.0,正常,0
HZ002872,杭州,临平区,南苑小区,2026-08-05 19:00,0.029,2.2,0.51,30.5,异常,1
HZ002873,杭州,西湖区,转塘家园,2026-08-05 09:00,0.079,7.4,0.39,30.8,正常,0
HZ002874,杭州,滨江区,钱塘春晓,2026-08-06 01:00,0.022,1.9,0.33,27.4,正常,0
HZ002875,杭州,余杭区,闲林山水,2026-08-04 11:00,0.127,10.3,0.28,33.1,正常,0
HZ002876,杭州,拱墅区,半山家园,2026-08-02 10:00,0.040,2.6,0.32,27.8,正常,0
HZ002877,杭州,上城区,近江家园,2026-08-05 07:00,0.014,0.9,0.29,27.1,正常,0
HZ002878,杭州,萧山区,宁围佳境,2026-08-04 09:00,0.077,7.3,0.36,27.3,正常,0
HZ002879,杭州,钱塘区,大学城北社区,2026-08-06 23:00,0.171,12.7,0.37,28.5,异常,1
HZ002880,杭州,临平区,乔司家园,2026-08-02 10:00,0.103,8.4,0.35,29.3,正常,0
HZ002881,杭州,西湖区,文新社区,2026-08-05 07:00,0.051,3.6,0.31,30.1,正常,0
HZ002882,杭州,滨江区,白马湖社区,2026-08-05 01:00,0.017,1.2,0.30,30.9,正常,0
HZ002883,杭州,余杭区,仓前家园,2026-08-07 15:00,0.109,9.1,0.38,32.3,正常,0
HZ002884,杭州,拱墅区,半山家园,2026-08-04 09:00,0.126,9.6,0.32,30.4,正常,0
HZ002885,杭州,上城区,望江新园,2026-08-03 14:00,0.047,3.7,0.32,33.7,正常,0
HZ002886,杭州,萧山区,宁围佳境,2026-08-04 18:00,0.075,7.3,0.37,29.7,正常,0
HZ002887,杭州,钱塘区,河庄新苑,2026-08-02 13:00,0.046,3.7,0.33,32.2,正常,0
HZ002888,杭州,临平区,塘栖人家,2026-08-07 17:00,0.083,6.4,0.38,31.9,正常,0
HZ002889,杭州,西湖区,文新社区,2026-08-01 13:00,0.061,4.1,0.36,33.2,正常,0
HZ002890,杭州,滨江区,白马湖社区,2026-08-01 23:00,0.031,2.8,0.30,27.7,正常,0
HZ002891,杭州,余杭区,未来科技城社区,2026-08-06 01:00,0.025,1.8,0.31,27.7,正常,0
HZ002892,杭州,拱墅区,大关小区,2026-08-07 18:00,0.094,7.5,0.39,29.7,正常,0
HZ002893,杭州,上城区,丁兰社区,2026-08-03 23:00,0.012,1.1,0.29,28.3,正常,0
HZ002894,杭州,萧山区,钱江世纪城社区,2026-08-06 21:00,0.016,1.1,0.39,28.7,正常,0
HZ002895,杭州,钱塘区,下沙社区,2026-08-02 07:00,0.084,6.6,0.38,28.6,正常,0
HZ002896,杭州,临平区,塘栖人家,2026-08-03 07:00,0.074,7.2,0.30,27.6,正常,0
HZ002897,杭州,西湖区,文新社区,2026-08-04 05:00,0.007,0.6,0.33,28.8,正常,0
HZ002898,杭州,滨江区,白马湖社区,2026-08-06 04:00,0.027,2.0,0.15,29.9,异常,1
HZ002899,杭州,余杭区,仓前家园,2026-08-01 07:00,0.078,6.8,0.31,28.2,正常,0
HZ002900,杭州,拱墅区,运河新城社区,2026-08-04 23:00,0.118,8.1,0.38,28.5,正常,0
HZ002901,杭州,上城区,丁兰社区,2026-08-07 04:00,0.028,1.9,0.29,29.0,正常,0
HZ002902,杭州,萧山区,湘湖家园,2026-08-03 12:00,0.088,8.6,0.28,31.7,正常,0
HZ002903,杭州,钱塘区,下沙社区,2026-08-06 00:00,0.027,1.9,0.29,30.9,正常,0
HZ002904,杭州,临平区,星桥社区,2026-08-01 09:00,0.038,2.4,0.36,28.0,正常,0
HZ002905,杭州,西湖区,文新社区,2026-08-07 17:00,0.160,10.3,0.36,33.4,正常,0
HZ002906,杭州,滨江区,滨康小区,2026-08-05 19:00,0.067,4.5,0.34,29.9,正常,0
HZ002907,杭州,余杭区,闲林山水,2026-08-04 04:00,0.013,1.2,0.38,28.6,正常,0
HZ002908,杭州,拱墅区,大关小区,2026-08-05 13:00,0.122,9.4,0.30,33.8,正常,0
HZ002909,杭州,上城区,丁兰社区,2026-08-01 15:00,0.049,3.6,0.31,32.8,正常,0
HZ002910,杭州,萧山区,湘湖家园,2026-08-07 04:00,0.027,2.1,0.38,28.5,正常,0
HZ002911,杭州,钱塘区,河庄新苑,2026-08-02 09:00,0.115,9.3,0.31,27.7,正常,0
HZ002912,杭州,临平区,星桥社区,2026-08-07 07:00,0.062,6.0,0.38,27.3,正常,0
HZ002913,杭州,西湖区,转塘家园,2026-08-02 17:00,0.059,4.4,0.37,32.9,正常,0
HZ002914,杭州,滨江区,白马湖社区,2026-08-06 03:00,0.026,2.2,0.30,30.3,正常,0
HZ002915,杭州,余杭区,未来科技城社区,2026-08-05 17:00,0.106,10.2,0.31,32.0,正常,0
HZ002916,杭州,拱墅区,半山家园,2026-08-02 06:00,0.022,2.1,0.34,30.8,正常,0
HZ002917,杭州,上城区,近江家园,2026-08-07 09:00,0.099,8.7,0.36,29.2,正常,0
HZ002918,杭州,萧山区,钱江世纪城社区,2026-08-02 08:00,0.053,4.9,0.29,30.4,正常,0
HZ002919,杭州,钱塘区,下沙社区,2026-08-06 13:00,0.085,5.4,0.37,30.2,正常,0
HZ002920,杭州,临平区,南苑小区,2026-08-01 19:00,0.016,1.2,0.32,29.2,正常,0
HZ002921,杭州,西湖区,翠苑小区,2026-08-01 06:00,0.016,1.1,0.37,29.5,正常,0
HZ002922,杭州,滨江区,江南花园,2026-08-01 20:00,0.050,4.7,0.33,27.9,正常,0
HZ002923,杭州,余杭区,闲林山水,2026-08-04 19:00,0.023,1.8,0.28,27.8,正常,0
HZ002924,杭州,拱墅区,湖墅家园,2026-08-01 22:00,0.125,8.1,0.34,30.4,正常,0
HZ002925,杭州,上城区,近江家园,2026-08-04 07:00,0.071,5.3,0.37,28.3,正常,0
HZ002926,杭州,萧山区,宁围佳境,2026-08-01 09:00,0.048,3.3,0.36,29.8,正常,0
HZ002927,杭州,钱塘区,大学城北社区,2026-08-04 19:00,0.022,2.0,0.33,30.1,正常,0
HZ002928,杭州,临平区,南苑小区,2026-08-01 05:00,0.016,1.1,0.39,30.2,正常,0
HZ002929,杭州,西湖区,三墩新天地,2026-08-01 02:00,0.028,2.3,0.28,27.0,正常,0
HZ002930,杭州,滨江区,江南花园,2026-08-01 19:00,0.027,1.8,0.28,30.6,正常,0
HZ002931,杭州,余杭区,闲林山水,2026-08-01 16:00,0.036,3.4,0.32,32.7,正常,0
HZ002932,杭州,拱墅区,大关小区,2026-08-05 08:00,0.063,4.9,0.34,29.5,正常,0
HZ002933,杭州,上城区,采荷小区,2026-08-01 02:00,0.022,1.7,0.33,28.8,正常,0
HZ002934,杭州,萧山区,钱江世纪城社区,2026-08-07 08:00,0.121,8.4,0.31,28.7,正常,0
HZ002935,杭州,钱塘区,大学城北社区,2026-08-06 15:00,0.315,20.1,0.38,32.7,异常,1
HZ002936,杭州,临平区,乔司家园,2026-08-03 17:00,0.098,8.9,0.30,32.2,正常,0
HZ002937,杭州,西湖区,翠苑小区,2026-08-03 19:00,0.074,5.1,0.39,29.1,正常,0
HZ002938,杭州,滨江区,钱塘春晓,2026-08-07 05:00,0.024,1.6,0.38,30.2,正常,0
HZ002939,杭州,余杭区,闲林山水,2026-08-04 06:00,0.069,6.9,0.35,29.4,正常,0
HZ002940,杭州,拱墅区,湖墅家园,2026-08-06 10:00,0.011,1.0,0.31,27.6,正常,0
HZ002941,杭州,上城区,望江新园,2026-08-02 19:00,0.023,1.5,0.30,29.3,正常,0
HZ002942,杭州,萧山区,宁围佳境,2026-08-04 10:00,0.083,8.3,0.29,28.7,正常,0
HZ002943,杭州,钱塘区,河庄新苑,2026-08-02 17:00,0.040,3.1,0.39,31.7,正常,0
HZ002944,杭州,临平区,乔司家园,2026-08-04 07:00,0.032,3.2,0.38,31.0,正常,0
HZ002945,杭州,西湖区,文新社区,2026-08-01 20:00,0.044,4.0,0.38,28.5,正常,0
HZ002946,杭州,滨江区,白马湖社区,2026-08-05 10:00,0.083,5.3,0.36,29.7,正常,0
HZ002947,杭州,余杭区,闲林山水,2026-08-05 03:00,0.003,0.3,0.29,29.1,正常,0
HZ002948,杭州,拱墅区,大关小区,2026-08-04 06:00,0.021,1.5,0.30,30.8,正常,0
HZ002949,杭州,上城区,近江家园,2026-08-06 08:00,0.337,22.5,0.29,31.0,异常,1
HZ002950,杭州,萧山区,钱江世纪城社区,2026-08-04 02:00,0.009,0.6,0.36,28.5,正常,0
HZ002951,杭州,钱塘区,江东家园,2026-08-04 17:00,0.081,5.5,0.33,33.8,正常,0
HZ002952,杭州,临平区,乔司家园,2026-08-03 05:00,0.010,0.7,0.37,28.0,正常,0
HZ002953,杭州,西湖区,转塘家园,2026-08-04 05:00,0.029,2.1,0.31,28.4,正常,0
HZ002954,杭州,滨江区,滨康小区,2026-08-02 21:00,0.132,9.7,0.30,29.8,正常,0
HZ002955,杭州,余杭区,良渚文化村,2026-08-03 07:00,0.455,24.3,0.29,30.9,异常,1
HZ002956,杭州,拱墅区,运河新城社区,2026-08-02 12:00,0.025,1.8,0.30,30.9,正常,0
HZ002957,杭州,上城区,望江新园,2026-08-06 11:00,0.056,3.5,0.31,32.2,正常,0
HZ002958,杭州,萧山区,钱江世纪城社区,2026-08-06 18:00,0.138,8.8,0.34,30.5,正常,0
HZ002959,杭州,钱塘区,江东家园,2026-08-07 12:00,0.366,22.0,0.29,31.4,异常,1
HZ002960,杭州,临平区,南苑小区,2026-08-07 04:00,0.027,1.9,0.35,30.2,正常,0
HZ002961,杭州,西湖区,转塘家园,2026-08-01 16:00,0.086,7.6,0.36,31.4,正常,0
HZ002962,杭州,滨江区,白马湖社区,2026-08-07 04:00,0.014,1.4,0.34,30.8,正常,0
HZ002963,杭州,余杭区,闲林山水,2026-08-06 02:00,0.010,0.8,0.37,29.7,正常,0
HZ002964,杭州,拱墅区,大关小区,2026-08-03 15:00,0.075,7.3,0.36,30.3,正常,0
HZ002965,杭州,上城区,近江家园,2026-08-03 09:00,0.131,9.8,0.31,28.9,正常,0
HZ002966,杭州,萧山区,宁围佳境,2026-08-05 03:00,0.022,1.6,0.38,29.4,正常,0
HZ002967,杭州,钱塘区,江东家园,2026-08-03 06:00,0.040,3.1,0.31,29.6,正常,0
HZ002968,杭州,临平区,星桥社区,2026-08-02 00:00,0.006,0.6,0.36,30.0,正常,0
HZ002969,杭州,西湖区,翠苑小区,2026-08-07 12:00,0.059,3.9,0.30,33.5,正常,0
HZ002970,杭州,滨江区,白马湖社区,2026-08-06 20:00,0.054,4.5,0.36,27.8,正常,0
HZ002971,杭州,余杭区,未来科技城社区,2026-08-03 13:00,0.095,9.3,0.37,30.4,正常,0
HZ002972,杭州,拱墅区,运河新城社区,2026-08-05 14:00,0.135,10.4,0.32,30.4,正常,0
HZ002973,杭州,上城区,望江新园,2026-08-01 18:00,0.100,6.4,0.38,29.7,正常,0
HZ002974,杭州,萧山区,湘湖家园,2026-08-02 12:00,0.110,7.4,0.31,31.4,正常,0
HZ002975,杭州,钱塘区,下沙社区,2026-08-02 22:00,0.072,5.5,0.31,30.6,正常,0
HZ002976,杭州,临平区,乔司家园,2026-08-07 03:00,0.017,1.5,0.35,28.1,正常,0
HZ002977,杭州,西湖区,翠苑小区,2026-08-01 19:00,0.067,4.4,0.32,28.9,正常,0
HZ002978,杭州,滨江区,钱塘春晓,2026-08-04 08:00,0.102,9.4,0.28,28.2,正常,0
HZ002979,杭州,余杭区,闲林山水,2026-08-07 06:00,0.079,7.5,0.34,29.1,正常,0
HZ002980,杭州,拱墅区,运河新城社区,2026-08-03 09:00,0.051,3.5,0.37,30.7,正常,0
HZ002981,杭州,上城区,望江新园,2026-08-06 00:00,0.299,15.5,0.31,29.3,异常,1
HZ002982,杭州,萧山区,湘湖家园,2026-08-01 12:00,0.119,9.5,0.46,30.4,异常,1
HZ002983,杭州,钱塘区,河庄新苑,2026-08-01 06:00,0.033,2.8,0.31,27.0,正常,0
HZ002984,杭州,临平区,南苑小区,2026-08-07 08:00,0.113,9.5,0.34,27.2,正常,0
HZ002985,杭州,西湖区,转塘家园,2026-08-01 01:00,0.012,0.9,0.29,27.4,正常,0
HZ002986,杭州,滨江区,滨康小区,2026-08-05 19:00,0.028,1.8,0.35,30.4,正常,0
HZ002987,杭州,余杭区,仓前家园,2026-08-04 04:00,0.017,1.0,0.38,28.9,正常,0
HZ002988,杭州,拱墅区,湖墅家园,2026-08-01 22:00,0.031,2.3,0.36,27.9,正常,0
HZ002989,杭州,上城区,望江新园,2026-08-07 22:00,0.102,7.8,0.30,28.6,正常,0
HZ002990,杭州,萧山区,北干社区,2026-08-03 06:00,0.079,7.6,0.31,28.6,正常,0
HZ002991,杭州,钱塘区,江东家园,2026-08-07 02:00,0.003,0.2,0.29,27.9,正常,0
HZ002992,杭州,临平区,南苑小区,2026-08-04 00:00,0.014,1.0,0.34,27.1,正常,0
HZ002993,杭州,西湖区,转塘家园,2026-08-01 03:00,0.007,0.7,0.37,27.5,正常,0
HZ002994,杭州,滨江区,钱塘春晓,2026-08-03 19:00,0.104,7.6,0.37,28.0,正常,0
HZ002995,杭州,余杭区,仓前家园,2026-08-01 03:00,0.020,1.5,0.32,27.9,正常,0
HZ002996,杭州,拱墅区,运河新城社区,2026-08-04 07:00,0.093,7.7,0.37,30.6,正常,0
HZ002997,杭州,上城区,望江新园,2026-08-04 14:00,0.037,3.0,0.33,32.0,正常,0
HZ002998,杭州,萧山区,北干社区,2026-08-05 01:00,0.017,1.4,0.34,30.3,正常,0
HZ002999,杭州,钱塘区,江东家园,2026-08-04 01:00,0.008,0.7,0.33,28.8,正常,0
HZ003000,杭州,临平区,星桥社区,2026-08-06 04:00,0.008,0.6,0.35,27.2,正常,0
HZ003001,杭州,西湖区,翠苑小区,2026-08-07 19:00,0.096,8.3,0.34,28.3,正常,0
HZ003002,杭州,滨江区,白马湖社区,2026-08-06 23:00,0.032,2.5,0.30,30.7,正常,0
HZ003003,杭州,余杭区,未来科技城社区,2026-08-02 08:00,0.027,2.2,0.39,28.8,正常,0
HZ003004,杭州,拱墅区,湖墅家园,2026-08-05 06:00,0.156,10.2,0.38,30.2,正常,0
HZ003005,杭州,上城区,近江家园,2026-08-06 08:00,0.194,12.8,0.29,27.1,异常,1
HZ003006,杭州,萧山区,湘湖家园,2026-08-01 21:00,0.013,0.8,0.32,27.7,正常,0
HZ003007,杭州,钱塘区,下沙社区,2026-08-05 13:00,0.055,4.5,0.31,31.7,正常,0
HZ003008,杭州,临平区,星桥社区,2026-08-03 16:00,0.121,9.0,0.38,31.7,正常,0
HZ003009,杭州,西湖区,转塘家园,2026-08-02 21:00,0.031,2.6,0.38,28.8,正常,0
HZ003010,杭州,滨江区,滨康小区,2026-08-05 06:00,0.095,6.6,0.37,30.8,正常,0
HZ003011,杭州,余杭区,仓前家园,2026-08-01 06:00,0.060,4.1,0.30,30.0,正常,0
HZ003012,杭州,拱墅区,运河新城社区,2026-08-06 12:00,0.128,10.3,0.36,32.2,正常,0
HZ003013,杭州,上城区,采荷小区,2026-08-07 04:00,0.013,0.9,0.35,28.3,正常,0
HZ003014,杭州,萧山区,钱江世纪城社区,2026-08-06 07:00,0.083,6.0,0.32,27.7,正常,0
HZ003015,杭州,钱塘区,江东家园,2026-08-03 06:00,0.060,4.0,0.35,29.1,正常,0
HZ003016,杭州,临平区,乔司家园,2026-08-05 07:00,0.069,6.9,0.38,27.8,正常,0
HZ003017,杭州,西湖区,转塘家园,2026-08-05 04:00,0.015,1.1,0.30,28.4,正常,0
HZ003018,杭州,滨江区,滨康小区,2026-08-07 09:00,0.101,7.6,0.36,29.0,正常,0
HZ003019,杭州,余杭区,未来科技城社区,2026-08-02 06:00,0.090,8.2,0.35,28.6,正常,0
HZ003020,杭州,拱墅区,运河新城社区,2026-08-02 17:00,0.023,1.8,0.31,30.1,正常,0
HZ003021,杭州,上城区,望江新园,2026-08-05 23:00,0.064,5.4,0.34,27.1,正常,0
HZ003022,杭州,萧山区,钱江世纪城社区,2026-08-01 08:00,0.102,8.2,0.39,28.0,正常,0
HZ003023,杭州,钱塘区,大学城北社区,2026-08-07 12:00,0.014,1.3,0.32,30.5,正常,0
HZ003024,杭州,临平区,南苑小区,2026-08-05 03:00,0.006,0.5,0.30,29.5,正常,0
HZ003025,杭州,西湖区,翠苑小区,2026-08-02 04:00,0.017,1.0,0.33,27.3,正常,0
HZ003026,杭州,滨江区,白马湖社区,2026-08-04 15:00,0.016,1.0,0.39,31.7,正常,0
HZ003027,杭州,余杭区,良渚文化村,2026-08-03 10:00,0.056,5.1,0.34,30.9,正常,0
HZ003028,杭州,拱墅区,半山家园,2026-08-04 02:00,0.026,1.9,0.35,30.7,正常,0
HZ003029,杭州,上城区,望江新园,2026-08-05 20:00,0.106,8.1,0.37,30.2,正常,0
HZ003030,杭州,萧山区,北干社区,2026-08-03 18:00,0.077,6.2,0.52,28.2,异常,1
HZ003031,杭州,钱塘区,大学城北社区,2026-08-04 08:00,0.008,0.7,0.37,28.0,正常,0
HZ003032,杭州,临平区,塘栖人家,2026-08-07 19:00,0.069,4.9,0.28,30.9,正常,0
HZ003033,杭州,西湖区,三墩新天地,2026-08-07 20:00,0.119,10.4,0.35,28.3,正常,0
HZ003034,杭州,滨江区,白马湖社区,2026-08-05 22:00,0.146,9.7,0.32,27.0,正常,0
HZ003035,杭州,余杭区,良渚文化村,2026-08-07 19:00,0.273,18.0,0.38,29.6,异常,1
HZ003036,杭州,拱墅区,半山家园,2026-08-06 10:00,0.092,6.0,0.29,27.9,正常,0
HZ003037,杭州,上城区,丁兰社区,2026-08-04 12:00,0.029,1.8,0.33,33.9,正常,0
HZ003038,杭州,萧山区,湘湖家园,2026-08-03 06:00,0.030,2.3,0.34,28.6,正常,0
HZ003039,杭州,钱塘区,下沙社区,2026-08-01 03:00,0.024,2.1,0.29,27.5,正常,0
HZ003040,杭州,临平区,南苑小区,2026-08-01 22:00,0.079,5.4,0.38,30.8,正常,0
HZ003041,杭州,西湖区,文新社区,2026-08-02 15:00,0.010,1.0,0.32,33.3,正常,0
HZ003042,杭州,滨江区,钱塘春晓,2026-08-06 02:00,0.007,0.6,0.32,29.9,正常,0
HZ003043,杭州,余杭区,闲林山水,2026-08-04 04:00,0.029,2.3,0.39,28.3,正常,0
HZ003044,杭州,拱墅区,运河新城社区,2026-08-07 21:00,0.015,1.0,0.34,28.6,正常,0
HZ003045,杭州,上城区,望江新园,2026-08-01 03:00,0.007,0.5,0.29,28.2,正常,0
HZ003046,杭州,萧山区,钱江世纪城社区,2026-08-05 20:00,0.157,10.4,0.30,30.2,正常,0
HZ003047,杭州,钱塘区,下沙社区,2026-08-02 15:00,0.041,3.7,0.35,33.4,正常,0
HZ003048,杭州,临平区,星桥社区,2026-08-07 01:00,0.028,2.0,0.34,30.1,正常,0
HZ003049,杭州,西湖区,三墩新天地,2026-08-07 11:00,0.066,4.9,0.34,33.8,正常,0
HZ003050,杭州,滨江区,钱塘春晓,2026-08-07 13:00,0.026,2.5,0.35,32.7,正常,0
HZ003051,杭州,余杭区,闲林山水,2026-08-02 00:00,0.012,0.8,0.38,27.8,正常,0
HZ003052,杭州,拱墅区,湖墅家园,2026-08-01 18:00,0.081,5.8,0.36,30.7,正常,0
HZ003053,杭州,上城区,近江家园,2026-08-01 12:00,0.040,3.0,0.35,30.5,正常,0
HZ003054,杭州,萧山区,宁围佳境,2026-08-03 09:00,0.080,6.2,0.32,29.3,正常,0
HZ003055,杭州,钱塘区,下沙社区,2026-08-02 12:00,0.029,2.2,0.33,31.9,正常,0
HZ003056,杭州,临平区,塘栖人家,2026-08-07 10:00,0.081,6.9,0.38,30.7,正常,0
HZ003057,杭州,西湖区,转塘家园,2026-08-03 04:00,0.006,0.4,0.29,27.4,正常,0
HZ003058,杭州,滨江区,白马湖社区,2026-08-04 12:00,0.061,6.1,0.31,31.2,正常,0
HZ003059,杭州,余杭区,良渚文化村,2026-08-05 18:00,0.090,6.5,0.30,28.7,正常,0
HZ003060,杭州,拱墅区,湖墅家园,2026-08-01 01:00,0.021,1.9,0.30,30.7,正常,0
HZ003061,杭州,上城区,丁兰社区,2026-08-07 05:00,0.031,2.3,0.32,29.0,正常,0
HZ003062,杭州,萧山区,钱江世纪城社区,2026-08-07 12:00,0.056,4.5,0.37,30.6,正常,0
HZ003063,杭州,钱塘区,江东家园,2026-08-07 10:00,0.009,0.8,0.28,28.8,正常,0
HZ003064,杭州,临平区,乔司家园,2026-08-06 10:00,0.044,3.4,0.34,29.8,正常,0
HZ003065,杭州,西湖区,翠苑小区,2026-08-02 17:00,0.131,9.1,0.30,32.0,正常,0
HZ003066,杭州,滨江区,滨康小区,2026-08-06 08:00,0.086,6.1,0.36,29.4,正常,0
HZ003067,杭州,余杭区,未来科技城社区,2026-08-04 18:00,0.009,0.7,0.32,30.4,正常,0
HZ003068,杭州,拱墅区,运河新城社区,2026-08-01 11:00,0.115,7.6,0.36,33.4,正常,0
HZ003069,杭州,上城区,采荷小区,2026-08-06 22:00,0.013,0.8,0.35,28.6,正常,0
HZ003070,杭州,萧山区,湘湖家园,2026-08-01 09:00,0.073,5.3,0.16,28.5,异常,1
HZ003071,杭州,钱塘区,河庄新苑,2026-08-06 19:00,0.096,6.1,0.38,29.0,正常,0
HZ003072,杭州,临平区,乔司家园,2026-08-01 02:00,0.008,0.6,0.56,27.3,异常,1
HZ003073,杭州,西湖区,转塘家园,2026-08-01 08:00,0.052,3.8,0.35,28.1,正常,0
HZ003074,杭州,滨江区,江南花园,2026-08-02 10:00,0.119,10.3,0.30,30.0,正常,0
HZ003075,杭州,余杭区,未来科技城社区,2026-08-03 13:00,0.289,15.4,0.33,33.0,异常,1
HZ003076,杭州,拱墅区,大关小区,2026-08-02 13:00,0.109,7.2,0.30,31.7,正常,0
HZ003077,杭州,上城区,丁兰社区,2026-08-03 19:00,0.118,8.0,0.33,30.8,正常,0
HZ003078,杭州,萧山区,宁围佳境,2026-08-01 09:00,0.044,4.3,0.38,29.0,正常,0
HZ003079,杭州,钱塘区,大学城北社区,2026-08-07 11:00,0.027,1.9,0.37,31.4,正常,0
HZ003080,杭州,临平区,塘栖人家,2026-08-03 22:00,0.057,4.0,0.35,27.8,正常,0
HZ003081,杭州,西湖区,转塘家园,2026-08-05 01:00,0.028,1.8,0.35,29.4,正常,0
HZ003082,杭州,滨江区,白马湖社区,2026-08-02 01:00,0.005,0.4,0.37,29.7,正常,0
HZ003083,杭州,余杭区,闲林山水,2026-08-06 03:00,0.009,0.6,0.35,29.9,正常,0
HZ003084,杭州,拱墅区,湖墅家园,2026-08-06 18:00,0.014,0.9,0.33,29.1,正常,0
HZ003085,杭州,上城区,丁兰社区,2026-08-07 18:00,0.089,5.9,0.38,28.9,正常,0
HZ003086,杭州,萧山区,宁围佳境,2026-08-02 21:00,0.025,1.7,0.31,30.4,正常,0
HZ003087,杭州,钱塘区,大学城北社区,2026-08-07 03:00,0.030,2.3,0.38,28.9,正常,0
HZ003088,杭州,临平区,南苑小区,2026-08-05 23:00,0.122,8.0,0.31,29.3,正常,0
HZ003089,杭州,西湖区,转塘家园,2026-08-02 03:00,0.006,0.5,0.30,28.2,正常,0
HZ003090,杭州,滨江区,钱塘春晓,2026-08-07 17:00,0.028,2.5,0.33,33.8,正常,0
HZ003091,杭州,余杭区,闲林山水,2026-08-02 22:00,0.074,5.3,0.36,28.2,正常,0
HZ003092,杭州,拱墅区,大关小区,2026-08-05 23:00,0.094,8.7,0.30,29.4,正常,0
HZ003093,杭州,上城区,望江新园,2026-08-02 15:00,0.152,9.8,0.28,32.7,正常,0
HZ003094,杭州,萧山区,湘湖家园,2026-08-01 21:00,0.039,2.5,0.35,29.2,正常,0
HZ003095,杭州,钱塘区,下沙社区,2026-08-03 08:00,0.112,8.7,0.32,27.4,正常,0
HZ003096,杭州,临平区,乔司家园,2026-08-01 07:00,0.048,3.6,0.29,29.4,正常,0
HZ003097,杭州,西湖区,文新社区,2026-08-07 07:00,0.095,6.8,0.36,27.2,正常,0
HZ003098,杭州,滨江区,滨康小区,2026-08-04 22:00,0.113,8.9,0.38,28.9,正常,0
HZ003099,杭州,余杭区,闲林山水,2026-08-02 11:00,0.062,4.7,0.32,32.1,正常,0
HZ003100,杭州,拱墅区,半山家园,2026-08-07 04:00,0.013,0.9,0.37,28.3,正常,0
HZ003101,杭州,上城区,望江新园,2026-08-03 11:00,0.052,3.8,0.28,32.2,正常,0
HZ003102,杭州,萧山区,宁围佳境,2026-08-05 01:00,0.025,2.1,0.38,29.3,正常,0
HZ003103,杭州,钱塘区,江东家园,2026-08-05 07:00,0.074,6.2,0.34,28.1,正常,0
HZ003104,杭州,临平区,南苑小区,2026-08-06 05:00,0.017,1.4,0.37,28.1,正常,0
HZ003105,杭州,西湖区,文新社区,2026-08-05 03:00,0.017,1.5,0.35,30.9,正常,0
HZ003106,杭州,滨江区,江南花园,2026-08-05 16:00,0.091,8.6,0.36,31.6,正常,0
HZ003107,杭州,余杭区,未来科技城社区,2026-08-02 12:00,0.073,5.5,0.39,32.6,正常,0
HZ003108,杭州,拱墅区,半山家园,2026-08-07 15:00,0.070,6.8,0.35,32.9,正常,0
HZ003109,杭州,上城区,望江新园,2026-08-03 08:00,0.087,7.9,0.36,29.8,正常,0
HZ003110,杭州,萧山区,钱江世纪城社区,2026-08-02 18:00,0.089,6.3,0.38,27.5,正常,0
HZ003111,杭州,钱塘区,河庄新苑,2026-08-04 23:00,0.078,5.9,0.39,27.0,正常,0
HZ003112,杭州,临平区,星桥社区,2026-08-01 20:00,0.037,3.2,0.39,30.3,正常,0
HZ003113,杭州,西湖区,三墩新天地,2026-08-04 12:00,0.063,4.1,0.30,33.4,正常,0
HZ003114,杭州,滨江区,滨康小区,2026-08-04 09:00,0.147,9.8,0.35,28.5,正常,0
HZ003115,杭州,余杭区,闲林山水,2026-08-05 06:00,0.119,8.3,0.28,28.9,正常,0
HZ003116,杭州,拱墅区,半山家园,2026-08-06 17:00,0.131,9.1,0.28,33.3,正常,0
HZ003117,杭州,上城区,近江家园,2026-08-02 17:00,0.062,4.3,0.34,31.2,正常,0
HZ003118,杭州,萧山区,北干社区,2026-08-01 19:00,0.122,8.2,0.30,28.0,正常,0
HZ003119,杭州,钱塘区,河庄新苑,2026-08-06 07:00,0.110,9.5,0.35,28.8,正常,0
HZ003120,杭州,临平区,乔司家园,2026-08-01 20:00,0.103,9.0,0.33,28.4,正常,0
HZ003121,杭州,西湖区,翠苑小区,2026-08-04 19:00,0.073,6.7,0.28,27.5,正常,0
HZ003122,杭州,滨江区,江南花园,2026-08-03 23:00,0.021,1.6,0.32,28.2,正常,0
HZ003123,杭州,余杭区,闲林山水,2026-08-04 14:00,0.063,4.7,0.34,32.0,正常,0
HZ003124,杭州,拱墅区,半山家园,2026-08-03 19:00,0.136,9.1,0.35,29.2,正常,0
HZ003125,杭州,上城区,近江家园,2026-08-03 15:00,0.116,9.9,0.35,32.0,正常,0
HZ003126,杭州,萧山区,钱江世纪城社区,2026-08-02 08:00,0.134,10.2,0.38,29.4,正常,0
HZ003127,杭州,钱塘区,江东家园,2026-08-05 16:00,0.162,13.2,0.32,34.0,异常,1
HZ003128,杭州,临平区,塘栖人家,2026-08-07 17:00,0.121,8.8,0.29,31.8,正常,0
HZ003129,杭州,西湖区,三墩新天地,2026-08-03 20:00,0.076,6.3,0.36,30.1,正常,0
HZ003130,杭州,滨江区,江南花园,2026-08-03 08:00,0.109,7.1,0.30,27.2,正常,0
HZ003131,杭州,余杭区,未来科技城社区,2026-08-05 18:00,0.036,3.4,0.34,28.2,正常,0
HZ003132,杭州,拱墅区,大关小区,2026-08-04 16:00,0.033,3.0,0.35,31.8,正常,0
HZ003133,杭州,上城区,采荷小区,2026-08-03 04:00,0.015,1.2,0.38,27.9,正常,0
HZ003134,杭州,萧山区,钱江世纪城社区,2026-08-04 21:00,0.045,2.8,0.14,30.5,异常,1
HZ003135,杭州,钱塘区,江东家园,2026-08-04 21:00,0.379,21.9,0.32,28.4,异常,1
HZ003136,杭州,临平区,乔司家园,2026-08-07 16:00,0.035,3.5,0.33,30.6,正常,0
HZ003137,杭州,西湖区,文新社区,2026-08-03 20:00,0.103,9.7,0.38,29.5,正常,0
HZ003138,杭州,滨江区,钱塘春晓,2026-08-04 20:00,0.051,3.7,0.33,30.1,正常,0
HZ003139,杭州,余杭区,未来科技城社区,2026-08-04 02:00,0.023,2.0,0.37,27.3,正常,0
HZ003140,杭州,拱墅区,大关小区,2026-08-06 13:00,0.039,3.1,0.49,32.3,异常,1
HZ003141,杭州,上城区,采荷小区,2026-08-06 05:00,0.011,1.0,0.36,27.9,正常,0
HZ003142,杭州,萧山区,北干社区,2026-08-01 19:00,0.148,10.4,0.32,29.3,正常,0
HZ003143,杭州,钱塘区,大学城北社区,2026-08-05 05:00,0.016,1.3,0.28,27.1,正常,0
HZ003144,杭州,临平区,南苑小区,2026-08-06 15:00,0.014,1.1,0.30,31.7,正常,0
HZ003145,杭州,西湖区,翠苑小区,2026-08-03 02:00,0.016,1.6,0.38,29.8,正常,0
HZ003146,杭州,滨江区,江南花园,2026-08-03 11:00,0.116,10.4,0.30,33.5,正常,0
HZ003147,杭州,余杭区,仓前家园,2026-08-06 04:00,0.008,0.6,0.29,29.1,正常,0
HZ003148,杭州,拱墅区,湖墅家园,2026-08-07 19:00,0.123,8.6,0.29,30.4,正常,0
HZ003149,杭州,上城区,丁兰社区,2026-08-03 04:00,0.022,1.5,0.30,27.2,正常,0
HZ003150,杭州,萧山区,湘湖家园,2026-08-02 18:00,0.052,3.4,0.32,29.6,正常,0
HZ003151,杭州,钱塘区,下沙社区,2026-08-04 05:00,0.013,1.0,0.36,27.1,正常,0
HZ003152,杭州,临平区,乔司家园,2026-08-06 04:00,0.025,1.6,0.38,30.7,正常,0
HZ003153,杭州,西湖区,翠苑小区,2026-08-03 14:00,0.127,8.9,0.38,33.0,正常,0
HZ003154,杭州,滨江区,滨康小区,2026-08-02 10:00,0.017,1.2,0.28,28.4,正常,0
HZ003155,杭州,余杭区,闲林山水,2026-08-04 10:00,0.079,6.4,0.29,30.1,正常,0
HZ003156,杭州,拱墅区,运河新城社区,2026-08-01 01:00,0.010,0.8,0.38,30.0,正常,0
HZ003157,杭州,上城区,采荷小区,2026-08-07 17:00,0.045,4.2,0.30,31.3,正常,0
HZ003158,杭州,萧山区,宁围佳境,2026-08-02 19:00,0.034,2.6,0.33,30.6,正常,0
HZ003159,杭州,钱塘区,江东家园,2026-08-03 04:00,0.003,0.2,0.36,30.4,正常,0
HZ003160,杭州,临平区,塘栖人家,2026-08-05 17:00,0.068,4.7,0.34,32.4,正常,0
HZ003161,杭州,西湖区,转塘家园,2026-08-06 23:00,0.064,4.0,0.32,29.7,正常,0
HZ003162,杭州,滨江区,滨康小区,2026-08-03 07:00,0.061,4.2,0.33,27.1,正常,0
HZ003163,杭州,余杭区,闲林山水,2026-08-05 13:00,0.081,6.2,0.35,33.3,正常,0
HZ003164,杭州,拱墅区,半山家园,2026-08-05 16:00,0.104,6.9,0.31,32.5,正常,0
HZ003165,杭州,上城区,近江家园,2026-08-01 18:00,0.071,6.2,0.35,30.5,正常,0
HZ003166,杭州,萧山区,钱江世纪城社区,2026-08-04 17:00,0.126,10.1,0.37,32.5,正常,0
HZ003167,杭州,钱塘区,江东家园,2026-08-04 01:00,0.007,0.5,0.29,27.8,正常,0
HZ003168,杭州,临平区,南苑小区,2026-08-01 04:00,0.002,0.1,0.32,28.9,正常,0
HZ003169,杭州,西湖区,转塘家园,2026-08-05 02:00,0.014,1.1,0.34,28.9,正常,0
HZ003170,杭州,滨江区,滨康小区,2026-08-04 14:00,0.116,9.4,0.15,30.9,异常,1
HZ003171,杭州,余杭区,未来科技城社区,2026-08-05 22:00,0.080,6.8,0.37,27.1,正常,0
HZ003172,杭州,拱墅区,半山家园,2026-08-03 23:00,0.027,2.5,0.15,27.2,异常,1
HZ003173,杭州,上城区,采荷小区,2026-08-05 00:00,0.017,1.1,0.29,29.7,正常,0
HZ003174,杭州,萧山区,钱江世纪城社区,2026-08-04 21:00,0.024,2.1,0.36,27.4,正常,0
HZ003175,杭州,钱塘区,河庄新苑,2026-08-06 04:00,0.016,1.3,0.28,30.8,正常,0
HZ003176,杭州,临平区,星桥社区,2026-08-04 21:00,0.035,2.3,0.31,29.2,正常,0
HZ003177,杭州,西湖区,三墩新天地,2026-08-02 10:00,0.117,7.8,0.38,27.5,正常,0
HZ003178,杭州,滨江区,江南花园,2026-08-01 10:00,0.044,4.3,0.32,28.8,正常,0
HZ003179,杭州,余杭区,仓前家园,2026-08-03 23:00,0.059,4.0,0.30,29.4,正常,0
HZ003180,杭州,拱墅区,运河新城社区,2026-08-06 10:00,0.082,7.3,0.33,28.6,正常,0
HZ003181,杭州,上城区,近江家园,2026-08-04 10:00,0.073,5.9,0.32,27.1,正常,0
HZ003182,杭州,萧山区,钱江世纪城社区,2026-08-05 06:00,0.094,8.8,0.31,27.5,正常,0
HZ003183,杭州,钱塘区,江东家园,2026-08-02 15:00,0.248,14.7,0.33,30.7,异常,1
HZ003184,杭州,临平区,塘栖人家,2026-08-06 06:00,0.030,2.0,0.30,27.9,正常,0
HZ003185,杭州,西湖区,转塘家园,2026-08-03 08:00,0.150,9.9,0.34,27.6,正常,0
HZ003186,杭州,滨江区,滨康小区,2026-08-02 15:00,0.011,0.9,0.34,30.4,正常,0
HZ003187,杭州,余杭区,良渚文化村,2026-08-06 11:00,0.119,10.4,0.31,32.9,正常,0
HZ003188,杭州,拱墅区,湖墅家园,2026-08-02 09:00,0.090,5.7,0.32,27.4,正常,0
HZ003189,杭州,上城区,近江家园,2026-08-06 05:00,0.016,1.6,0.32,29.0,正常,0
HZ003190,杭州,萧山区,钱江世纪城社区,2026-08-03 00:00,0.031,2.0,0.38,30.2,正常,0
HZ003191,杭州,钱塘区,下沙社区,2026-08-04 07:00,0.124,8.9,0.29,29.9,正常,0
HZ003192,杭州,临平区,南苑小区,2026-08-01 08:00,0.017,1.1,0.29,28.8,正常,0
HZ003193,杭州,西湖区,翠苑小区,2026-08-06 03:00,0.020,1.3,0.29,28.0,正常,0
HZ003194,杭州,滨江区,滨康小区,2026-08-02 06:00,0.081,7.4,0.37,27.8,正常,0
HZ003195,杭州,余杭区,未来科技城社区,2026-08-07 23:00,0.102,7.0,0.36,27.9,正常,0
HZ003196,杭州,拱墅区,大关小区,2026-08-01 23:00,0.073,5.0,0.30,29.0,正常,0
HZ003197,杭州,上城区,丁兰社区,2026-08-03 00:00,0.003,0.3,0.34,29.1,正常,0
HZ003198,杭州,萧山区,宁围佳境,2026-08-03 10:00,0.135,9.4,0.31,27.4,正常,0
HZ003199,杭州,钱塘区,下沙社区,2026-08-06 11:00,0.038,3.8,0.35,30.3,正常,0
HZ003200,杭州,临平区,乔司家园,2026-08-05 16:00,0.027,2.2,0.32,31.7,正常,0
HZ003201,杭州,西湖区,文新社区,2026-08-01 17:00,0.086,5.4,0.34,30.1,正常,0
HZ003202,杭州,滨江区,白马湖社区,2026-08-06 14:00,0.010,1.0,0.29,32.7,正常,0
HZ003203,杭州,余杭区,良渚文化村,2026-08-07 14:00,0.056,4.7,0.29,32.2,正常,0
HZ003204,杭州,拱墅区,大关小区,2026-08-06 11:00,0.033,2.3,0.29,32.2,正常,0
HZ003205,杭州,上城区,望江新园,2026-08-04 17:00,0.095,7.7,0.38,30.4,正常,0
HZ003206,杭州,萧山区,宁围佳境,2026-08-06 10:00,0.023,1.5,0.36,28.8,正常,0
HZ003207,杭州,钱塘区,江东家园,2026-08-07 18:00,0.255,14.1,0.28,29.6,异常,1
HZ003208,杭州,临平区,星桥社区,2026-08-02 12:00,0.136,10.0,0.38,32.2,正常,0
HZ003209,杭州,西湖区,文新社区,2026-08-06 15:00,0.011,0.8,0.39,33.7,正常,0
HZ003210,杭州,滨江区,江南花园,2026-08-04 08:00,0.063,4.3,0.33,29.0,正常,0
HZ003211,杭州,余杭区,良渚文化村,2026-08-01 20:00,0.072,5.5,0.37,29.8,正常,0
HZ003212,杭州,拱墅区,半山家园,2026-08-07 02:00,0.009,0.9,0.38,30.4,正常,0
HZ003213,杭州,上城区,丁兰社区,2026-08-04 06:00,0.142,10.3,0.39,27.1,正常,0
HZ003214,杭州,萧山区,钱江世纪城社区,2026-08-03 20:00,0.033,3.1,0.35,27.8,正常,0
HZ003215,杭州,钱塘区,大学城北社区,2026-08-04 16:00,0.074,5.0,0.39,33.5,正常,0
HZ003216,杭州,临平区,南苑小区,2026-08-02 17:00,0.133,10.2,0.35,33.6,正常,0
HZ003217,杭州,西湖区,翠苑小区,2026-08-07 11:00,0.077,5.4,0.35,31.7,正常,0
HZ003218,杭州,滨江区,滨康小区,2026-08-02 04:00,0.009,0.7,0.31,29.4,正常,0
HZ003219,杭州,余杭区,闲林山水,2026-08-03 05:00,0.026,2.3,0.37,29.0,正常,0
HZ003220,杭州,拱墅区,运河新城社区,2026-08-02 14:00,0.037,3.5,0.33,30.8,正常,0
HZ003221,杭州,上城区,望江新园,2026-08-01 23:00,0.040,3.9,0.36,30.1,正常,0
HZ003222,杭州,萧山区,湘湖家园,2026-08-05 19:00,0.043,3.7,0.37,27.2,正常,0
HZ003223,杭州,钱塘区,大学城北社区,2026-08-07 09:00,0.048,4.7,0.34,27.8,正常,0
HZ003224,杭州,临平区,星桥社区,2026-08-05 19:00,0.036,2.4,0.33,28.7,正常,0
HZ003225,杭州,西湖区,翠苑小区,2026-08-01 08:00,0.049,3.9,0.38,29.2,正常,0
HZ003226,杭州,滨江区,白马湖社区,2026-08-03 09:00,0.011,0.8,0.33,30.3,正常,0
HZ003227,杭州,余杭区,仓前家园,2026-08-04 09:00,0.058,4.0,0.39,30.9,正常,0
HZ003228,杭州,拱墅区,大关小区,2026-08-02 01:00,0.035,2.3,0.38,30.2,正常,0
HZ003229,杭州,上城区,近江家园,2026-08-06 05:00,0.011,0.8,0.31,27.2,正常,0
HZ003230,杭州,萧山区,宁围佳境,2026-08-07 10:00,0.139,9.9,0.32,27.5,正常,0
HZ003231,杭州,钱塘区,江东家园,2026-08-02 00:00,0.008,0.6,0.38,29.8,正常,0
HZ003232,杭州,临平区,星桥社区,2026-08-05 02:00,0.015,1.5,0.33,28.8,正常,0
HZ003233,杭州,西湖区,转塘家园,2026-08-02 11:00,0.114,7.5,0.36,33.8,正常,0
HZ003234,杭州,滨江区,白马湖社区,2026-08-05 16:00,0.033,2.1,0.35,30.9,正常,0
HZ003235,杭州,余杭区,闲林山水,2026-08-05 20:00,0.053,3.4,0.32,28.2,正常,0
HZ003236,杭州,拱墅区,湖墅家园,2026-08-02 13:00,0.063,5.2,0.35,33.3,正常,0
HZ003237,杭州,上城区,丁兰社区,2026-08-04 23:00,0.130,10.0,0.35,28.8,正常,0
HZ003238,杭州,萧山区,湘湖家园,2026-08-04 04:00,0.017,1.5,0.32,30.0,正常,0
HZ003239,杭州,钱塘区,江东家园,2026-08-07 17:00,0.073,5.0,0.30,31.3,正常,0
HZ003240,杭州,临平区,星桥社区,2026-08-04 09:00,0.116,8.5,0.35,27.6,正常,0
HZ003241,杭州,西湖区,文新社区,2026-08-07 18:00,0.118,9.7,0.34,30.7,正常,0
HZ003242,杭州,滨江区,钱塘春晓,2026-08-07 03:00,0.026,1.8,0.32,30.5,正常,0
HZ003243,杭州,余杭区,闲林山水,2026-08-05 18:00,0.158,10.5,0.32,28.1,正常,0
HZ003244,杭州,拱墅区,半山家园,2026-08-07 06:00,0.060,5.7,0.28,27.2,正常,0
HZ003245,杭州,上城区,采荷小区,2026-08-07 21:00,0.015,1.1,0.30,28.2,正常,0
HZ003246,杭州,萧山区,宁围佳境,2026-08-05 00:00,0.010,0.7,0.35,29.8,正常,0
HZ003247,杭州,钱塘区,江东家园,2026-08-07 08:00,0.033,3.1,0.36,27.9,正常,0
HZ003248,杭州,临平区,乔司家园,2026-08-02 01:00,0.009,0.7,0.35,27.5,正常,0
HZ003249,杭州,西湖区,转塘家园,2026-08-05 01:00,0.001,0.1,0.30,29.8,正常,0
HZ003250,杭州,滨江区,钱塘春晓,2026-08-04 05:00,0.010,0.8,0.37,29.7,正常,0
HZ003251,杭州,余杭区,仓前家园,2026-08-01 11:00,0.090,6.5,0.30,31.6,正常,0
HZ003252,杭州,拱墅区,半山家园,2026-08-02 04:00,0.021,1.6,0.38,29.4,正常,0
HZ003253,杭州,上城区,采荷小区,2026-08-05 17:00,0.142,9.1,0.36,33.7,正常,0
HZ003254,杭州,萧山区,宁围佳境,2026-08-02 01:00,0.004,0.3,0.32,30.7,正常,0
HZ003255,杭州,钱塘区,河庄新苑,2026-08-04 09:00,0.147,10.1,0.34,30.5,正常,0
HZ003256,杭州,临平区,塘栖人家,2026-08-02 19:00,0.160,10.2,0.38,27.6,正常,0
HZ003257,杭州,西湖区,三墩新天地,2026-08-02 09:00,0.019,1.7,0.37,28.7,正常,0
HZ003258,杭州,滨江区,钱塘春晓,2026-08-03 10:00,0.066,6.0,0.31,30.8,正常,0
HZ003259,杭州,余杭区,良渚文化村,2026-08-04 18:00,0.059,5.3,0.32,27.7,正常,0
HZ003260,杭州,拱墅区,半山家园,2026-08-03 02:00,0.003,0.2,0.33,29.5,正常,0
HZ003261,杭州,上城区,采荷小区,2026-08-06 15:00,0.079,5.2,0.31,32.9,正常,0
HZ003262,杭州,萧山区,湘湖家园,2026-08-03 11:00,0.069,6.4,0.31,30.3,正常,0
HZ003263,杭州,钱塘区,江东家园,2026-08-03 11:00,0.057,5.1,0.37,31.2,正常,0
HZ003264,杭州,临平区,南苑小区,2026-08-01 09:00,0.097,8.9,0.36,30.6,正常,0
HZ003265,杭州,西湖区,三墩新天地,2026-08-01 08:00,0.082,8.2,0.38,29.2,正常,0
HZ003266,杭州,滨江区,滨康小区,2026-08-05 06:00,0.057,4.6,0.30,27.8,正常,0
HZ003267,杭州,余杭区,良渚文化村,2026-08-01 05:00,0.262,16.7,0.38,28.0,异常,1
HZ003268,杭州,拱墅区,大关小区,2026-08-03 18:00,0.081,5.2,0.35,27.9,正常,0
HZ003269,杭州,上城区,采荷小区,2026-08-02 21:00,0.046,3.6,0.29,28.3,正常,0
HZ003270,杭州,萧山区,湘湖家园,2026-08-03 20:00,0.062,5.0,0.37,29.1,正常,0
HZ003271,杭州,钱塘区,大学城北社区,2026-08-02 06:00,0.085,7.3,0.35,27.3,正常,0
HZ003272,杭州,临平区,塘栖人家,2026-08-02 05:00,0.024,1.8,0.38,29.6,正常,0
HZ003273,杭州,西湖区,三墩新天地,2026-08-06 17:00,0.046,3.0,0.36,30.6,正常,0
HZ003274,杭州,滨江区,江南花园,2026-08-05 00:00,0.006,0.4,0.31,30.7,正常,0
HZ003275,杭州,余杭区,仓前家园,2026-08-07 06:00,0.119,8.9,0.33,28.8,正常,0
HZ003276,杭州,拱墅区,运河新城社区,2026-08-07 18:00,0.146,10.4,0.30,29.5,正常,0
HZ003277,杭州,上城区,望江新园,2026-08-04 03:00,0.004,0.3,0.38,30.5,正常,0
HZ003278,杭州,萧山区,湘湖家园,2026-08-03 18:00,0.059,5.2,0.30,29.1,正常,0
HZ003279,杭州,钱塘区,江东家园,2026-08-04 00:00,0.023,1.8,0.29,30.1,正常,0
HZ003280,杭州,临平区,乔司家园,2026-08-06 18:00,0.086,6.8,0.32,30.6,正常,0
HZ003281,杭州,西湖区,三墩新天地,2026-08-06 21:00,0.092,6.0,0.36,28.4,正常,0
HZ003282,杭州,滨江区,白马湖社区,2026-08-01 12:00,0.133,10.4,0.30,30.8,正常,0
HZ003283,杭州,余杭区,仓前家园,2026-08-05 10:00,0.013,0.9,0.34,28.5,正常,0
HZ003284,杭州,拱墅区,运河新城社区,2026-08-01 14:00,0.040,3.5,0.29,33.0,正常,0
HZ003285,杭州,上城区,望江新园,2026-08-06 15:00,0.081,7.4,0.33,30.7,正常,0
HZ003286,杭州,萧山区,钱江世纪城社区,2026-08-06 11:00,0.147,9.8,0.36,32.4,正常,0
HZ003287,杭州,钱塘区,江东家园,2026-08-02 23:00,0.103,6.9,0.33,28.4,正常,0
HZ003288,杭州,临平区,塘栖人家,2026-08-05 05:00,0.003,0.2,0.34,28.8,正常,0
HZ003289,杭州,西湖区,三墩新天地,2026-08-05 11:00,0.128,8.8,0.30,33.2,正常,0
HZ003290,杭州,滨江区,钱塘春晓,2026-08-04 01:00,0.006,0.5,0.34,29.8,正常,0
HZ003291,杭州,余杭区,闲林山水,2026-08-05 21:00,0.133,9.9,0.34,28.3,正常,0
HZ003292,杭州,拱墅区,大关小区,2026-08-05 03:00,0.003,0.2,0.36,29.4,正常,0
HZ003293,杭州,上城区,丁兰社区,2026-08-04 14:00,0.075,4.9,0.39,31.6,正常,0
HZ003294,杭州,萧山区,宁围佳境,2026-08-01 05:00,0.022,2.2,0.32,30.9,正常,0
HZ003295,杭州,钱塘区,河庄新苑,2026-08-03 20:00,0.068,5.7,0.34,27.9,正常,0
HZ003296,杭州,临平区,塘栖人家,2026-08-07 20:00,0.059,5.9,0.30,29.8,正常,0
HZ003297,杭州,西湖区,转塘家园,2026-08-07 11:00,0.022,1.6,0.30,30.0,正常,0
HZ003298,杭州,滨江区,白马湖社区,2026-08-05 01:00,0.015,1.2,0.29,27.9,正常,0
HZ003299,杭州,余杭区,未来科技城社区,2026-08-07 10:00,0.103,7.9,0.34,27.4,正常,0
HZ003300,杭州,拱墅区,半山家园,2026-08-03 13:00,0.108,9.9,0.29,32.2,正常,0
HZ003301,杭州,上城区,望江新园,2026-08-02 12:00,0.049,4.2,0.29,32.1,正常,0
HZ003302,杭州,萧山区,宁围佳境,2026-08-04 21:00,0.079,5.3,0.34,30.4,正常,0
HZ003303,杭州,钱塘区,大学城北社区,2026-08-04 08:00,0.038,2.9,0.36,30.8,正常,0
HZ003304,杭州,临平区,南苑小区,2026-08-04 16:00,0.111,7.4,0.32,30.3,正常,0
HZ003305,杭州,西湖区,转塘家园,2026-08-02 06:00,0.055,3.6,0.30,27.0,正常,0
HZ003306,杭州,滨江区,滨康小区,2026-08-07 17:00,0.039,3.3,0.36,33.0,正常,0
HZ003307,杭州,余杭区,良渚文化村,2026-08-07 20:00,0.026,1.9,0.30,30.2,正常,0
HZ003308,杭州,拱墅区,大关小区,2026-08-04 10:00,0.133,9.6,0.31,29.7,正常,0
HZ003309,杭州,上城区,望江新园,2026-08-05 21:00,0.125,9.5,0.30,30.4,正常,0
HZ003310,杭州,萧山区,宁围佳境,2026-08-07 07:00,0.101,9.0,0.34,30.1,正常,0
HZ003311,杭州,钱塘区,江东家园,2026-08-06 23:00,0.029,2.0,0.28,29.7,正常,0
HZ003312,杭州,临平区,南苑小区,2026-08-02 01:00,0.023,1.7,0.34,27.9,正常,0
HZ003313,杭州,西湖区,翠苑小区,2026-08-03 22:00,0.042,3.7,0.37,27.4,正常,0
HZ003314,杭州,滨江区,钱塘春晓,2026-08-06 10:00,0.135,9.5,0.32,29.8,正常,0
HZ003315,杭州,余杭区,仓前家园,2026-08-01 17:00,0.049,4.4,0.28,32.7,正常,0
HZ003316,杭州,拱墅区,运河新城社区,2026-08-04 08:00,0.102,7.9,0.33,29.9,正常,0
HZ003317,杭州,上城区,近江家园,2026-08-05 01:00,0.021,2.0,0.38,30.3,正常,0
HZ003318,杭州,萧山区,北干社区,2026-08-07 17:00,0.037,2.5,0.37,33.2,正常,0
HZ003319,杭州,钱塘区,河庄新苑,2026-08-03 02:00,0.003,0.3,0.36,27.3,正常,0
HZ003320,杭州,临平区,塘栖人家,2026-08-02 18:00,0.095,9.0,0.29,27.8,正常,0
HZ003321,杭州,西湖区,三墩新天地,2026-08-06 15:00,0.132,9.2,0.30,32.3,正常,0
HZ003322,杭州,滨江区,白马湖社区,2026-08-01 23:00,0.048,3.8,0.38,31.0,正常,0
HZ003323,杭州,余杭区,仓前家园,2026-08-06 05:00,0.006,0.5,0.29,29.5,正常,0
HZ003324,杭州,拱墅区,半山家园,2026-08-03 22:00,0.066,4.8,0.29,29.1,正常,0
HZ003325,杭州,上城区,望江新园,2026-08-01 02:00,0.010,0.9,0.33,29.9,正常,0
HZ003326,杭州,萧山区,湘湖家园,2026-08-01 21:00,0.107,8.5,0.36,29.2,正常,0
HZ003327,杭州,钱塘区,河庄新苑,2026-08-05 10:00,0.073,4.9,0.33,30.2,正常,0
HZ003328,杭州,临平区,南苑小区,2026-08-07 11:00,0.107,7.8,0.34,32.4,正常,0
HZ003329,杭州,西湖区,文新社区,2026-08-03 16:00,0.068,5.3,0.28,31.1,正常,0
HZ003330,杭州,滨江区,钱塘春晓,2026-08-02 23:00,0.065,4.2,0.30,28.3,正常,0
HZ003331,杭州,余杭区,仓前家园,2026-08-02 23:00,0.083,7.3,0.29,27.2,正常,0
HZ003332,杭州,拱墅区,半山家园,2026-08-02 08:00,0.078,7.2,0.33,27.3,正常,0
HZ003333,杭州,上城区,采荷小区,2026-08-03 12:00,0.125,8.4,0.30,31.0,正常,0
HZ003334,杭州,萧山区,湘湖家园,2026-08-04 11:00,0.075,7.1,0.37,32.2,正常,0
HZ003335,杭州,钱塘区,江东家园,2026-08-04 02:00,0.306,23.5,0.32,28.3,异常,1
HZ003336,杭州,临平区,塘栖人家,2026-08-04 00:00,0.015,1.0,0.30,30.0,正常,0
HZ003337,杭州,西湖区,文新社区,2026-08-02 10:00,0.072,5.7,0.37,29.9,正常,0
HZ003338,杭州,滨江区,江南花园,2026-08-07 20:00,0.119,10.0,0.29,29.7,正常,0
HZ003339,杭州,余杭区,良渚文化村,2026-08-04 11:00,0.034,2.7,0.33,32.6,正常,0
HZ003340,杭州,拱墅区,湖墅家园,2026-08-02 00:00,0.006,0.4,0.33,30.5,正常,0
HZ003341,杭州,上城区,丁兰社区,2026-08-07 09:00,0.108,9.4,0.30,27.3,正常,0
HZ003342,杭州,萧山区,宁围佳境,2026-08-03 03:00,0.023,1.9,0.29,30.0,正常,0
HZ003343,杭州,钱塘区,下沙社区,2026-08-02 01:00,0.022,1.6,0.34,30.5,正常,0
HZ003344,杭州,临平区,乔司家园,2026-08-04 03:00,0.007,0.7,0.30,30.1,正常,0
HZ003345,杭州,西湖区,文新社区,2026-08-07 07:00,0.067,5.7,0.35,29.0,正常,0
HZ003346,杭州,滨江区,钱塘春晓,2026-08-03 14:00,0.116,8.0,0.36,30.7,正常,0
HZ003347,杭州,余杭区,闲林山水,2026-08-03 19:00,0.031,2.9,0.28,30.2,正常,0
HZ003348,杭州,拱墅区,运河新城社区,2026-08-02 06:00,0.055,4.9,0.37,28.7,正常,0
HZ003349,杭州,上城区,望江新园,2026-08-05 18:00,0.057,4.4,0.38,30.8,正常,0
HZ003350,杭州,萧山区,宁围佳境,2026-08-01 02:00,0.001,0.1,0.30,29.9,正常,0
HZ003351,杭州,钱塘区,江东家园,2026-08-01 11:00,0.140,9.7,0.38,31.9,正常,0
HZ003352,杭州,临平区,乔司家园,2026-08-01 15:00,0.059,5.6,0.18,30.7,异常,1
HZ003353,杭州,西湖区,翠苑小区,2026-08-06 06:00,0.095,8.2,0.37,29.5,正常,0
HZ003354,杭州,滨江区,钱塘春晓,2026-08-05 19:00,0.024,2.3,0.36,29.1,正常,0
HZ003355,杭州,余杭区,未来科技城社区,2026-08-06 15:00,0.131,8.3,0.35,30.5,正常,0
HZ003356,杭州,拱墅区,大关小区,2026-08-03 00:00,0.002,0.2,0.38,29.7,正常,0
HZ003357,杭州,上城区,望江新园,2026-08-02 11:00,0.077,6.1,0.33,30.9,正常,0
HZ003358,杭州,萧山区,宁围佳境,2026-08-07 07:00,0.122,10.0,0.33,27.8,正常,0
HZ003359,杭州,钱塘区,大学城北社区,2026-08-05 09:00,0.095,6.9,0.31,30.4,正常,0
HZ003360,杭州,临平区,乔司家园,2026-08-04 01:00,0.019,1.5,0.35,28.9,正常,0
HZ003361,杭州,西湖区,转塘家园,2026-08-01 16:00,0.029,2.2,0.37,32.5,正常,0
HZ003362,杭州,滨江区,滨康小区,2026-08-05 20:00,0.094,8.5,0.35,30.1,正常,0
HZ003363,杭州,余杭区,良渚文化村,2026-08-04 18:00,0.092,8.9,0.33,30.1,正常,0
HZ003364,杭州,拱墅区,运河新城社区,2026-08-04 07:00,0.090,5.6,0.37,31.0,正常,0
HZ003365,杭州,上城区,采荷小区,2026-08-07 14:00,0.050,4.2,0.33,32.6,正常,0
HZ003366,杭州,萧山区,宁围佳境,2026-08-04 19:00,0.033,3.1,0.33,30.1,正常,0
HZ003367,杭州,钱塘区,江东家园,2026-08-05 23:00,0.108,7.7,0.30,31.0,正常,0
HZ003368,杭州,临平区,塘栖人家,2026-08-04 18:00,0.060,5.6,0.31,28.5,正常,0
HZ003369,杭州,西湖区,三墩新天地,2026-08-06 00:00,0.008,0.5,0.38,28.6,正常,0
HZ003370,杭州,滨江区,钱塘春晓,2026-08-01 05:00,0.019,1.3,0.34,30.0,正常,0
HZ003371,杭州,余杭区,仓前家园,2026-08-01 22:00,0.018,1.3,0.35,29.3,正常,0
HZ003372,杭州,拱墅区,半山家园,2026-08-03 19:00,0.088,5.8,0.29,29.0,正常,0
HZ003373,杭州,上城区,丁兰社区,2026-08-01 15:00,0.013,1.3,0.35,32.0,正常,0
HZ003374,杭州,萧山区,宁围佳境,2026-08-02 18:00,0.069,4.8,0.38,27.7,正常,0
HZ003375,杭州,钱塘区,河庄新苑,2026-08-05 12:00,0.066,4.5,0.37,31.2,正常,0
HZ003376,杭州,临平区,南苑小区,2026-08-03 20:00,0.041,2.5,0.29,29.7,正常,0
HZ003377,杭州,西湖区,文新社区,2026-08-06 03:00,0.019,1.5,0.38,29.7,正常,0
HZ003378,杭州,滨江区,白马湖社区,2026-08-06 21:00,0.028,2.4,0.20,29.9,异常,1
HZ003379,杭州,余杭区,未来科技城社区,2026-08-03 07:00,0.113,9.7,0.31,27.1,正常,0
HZ003380,杭州,拱墅区,半山家园,2026-08-06 01:00,0.011,1.1,0.33,29.7,正常,0
HZ003381,杭州,上城区,丁兰社区,2026-08-07 09:00,0.027,2.6,0.31,29.2,正常,0
HZ003382,杭州,萧山区,北干社区,2026-08-06 04:00,0.014,1.2,0.36,31.0,正常,0
HZ003383,杭州,钱塘区,下沙社区,2026-08-01 17:00,0.034,2.4,0.30,33.8,正常,0
HZ003384,杭州,临平区,南苑小区,2026-08-04 03:00,0.009,0.7,0.31,29.9,正常,0
HZ003385,杭州,西湖区,三墩新天地,2026-08-07 22:00,0.047,3.3,0.30,28.3,正常,0
HZ003386,杭州,滨江区,钱塘春晓,2026-08-04 20:00,0.105,6.7,0.36,30.0,正常,0
HZ003387,杭州,余杭区,未来科技城社区,2026-08-05 06:00,0.141,10.1,0.37,30.1,正常,0
HZ003388,杭州,拱墅区,半山家园,2026-08-06 01:00,0.009,0.7,0.32,31.0,正常,0
HZ003389,杭州,上城区,丁兰社区,2026-08-02 04:00,0.025,2.0,0.38,27.3,正常,0
HZ003390,杭州,萧山区,北干社区,2026-08-03 03:00,0.016,1.5,0.31,30.6,正常,0
HZ003391,杭州,钱塘区,江东家园,2026-08-07 21:00,0.056,3.6,0.33,27.7,正常,0
HZ003392,杭州,临平区,南苑小区,2026-08-02 08:00,0.057,4.5,0.37,28.6,正常,0
HZ003393,杭州,西湖区,文新社区,2026-08-05 16:00,0.034,2.2,0.36,33.7,正常,0
HZ003394,杭州,滨江区,滨康小区,2026-08-01 18:00,0.011,0.7,0.33,30.9,正常,0
HZ003395,杭州,余杭区,仓前家园,2026-08-03 21:00,0.066,6.1,0.38,30.0,正常,0
HZ003396,杭州,拱墅区,运河新城社区,2026-08-05 11:00,0.089,8.4,0.30,31.4,正常,0
HZ003397,杭州,上城区,近江家园,2026-08-03 04:00,0.014,1.3,0.34,30.7,正常,0
HZ003398,杭州,萧山区,钱江世纪城社区,2026-08-06 18:00,0.099,6.5,0.37,30.2,正常,0
HZ003399,杭州,钱塘区,河庄新苑,2026-08-02 01:00,0.017,1.4,0.37,28.4,正常,0
HZ003400,杭州,临平区,南苑小区,2026-08-01 05:00,0.006,0.5,0.31,28.2,正常,0
HZ003401,杭州,西湖区,文新社区,2026-08-01 13:00,0.071,5.6,0.38,32.1,正常,0
HZ003402,杭州,滨江区,钱塘春晓,2026-08-04 08:00,0.056,5.4,0.35,30.5,正常,0
HZ003403,杭州,余杭区,仓前家园,2026-08-01 15:00,0.017,1.2,0.35,33.7,正常,0
HZ003404,杭州,拱墅区,湖墅家园,2026-08-05 20:00,0.115,8.3,0.35,29.6,正常,0
HZ003405,杭州,上城区,近江家园,2026-08-02 12:00,0.252,14.6,0.32,32.3,异常,1
HZ003406,杭州,萧山区,钱江世纪城社区,2026-08-05 02:00,0.011,1.1,0.30,30.5,正常,0
HZ003407,杭州,钱塘区,下沙社区,2026-08-05 02:00,0.006,0.5,0.35,29.0,正常,0
HZ003408,杭州,临平区,南苑小区,2026-08-03 11:00,0.012,1.0,0.30,33.5,正常,0
HZ003409,杭州,西湖区,三墩新天地,2026-08-01 17:00,0.083,5.9,0.38,34.0,正常,0
HZ003410,杭州,滨江区,白马湖社区,2026-08-07 12:00,0.083,5.3,0.31,32.6,正常,0
HZ003411,杭州,余杭区,仓前家园,2026-08-01 03:00,0.019,1.6,0.30,27.7,正常,0
HZ003412,杭州,拱墅区,半山家园,2026-08-04 19:00,0.092,8.0,0.37,28.3,正常,0
HZ003413,杭州,上城区,近江家园,2026-08-05 11:00,0.102,8.4,0.28,33.1,正常,0
HZ003414,杭州,萧山区,湘湖家园,2026-08-02 18:00,0.117,8.4,0.39,27.9,正常,0
HZ003415,杭州,钱塘区,河庄新苑,2026-08-07 16:00,0.167,10.5,0.31,32.2,正常,0
HZ003416,杭州,临平区,塘栖人家,2026-08-01 00:00,0.008,0.8,0.18,30.4,异常,1
HZ003417,杭州,西湖区,三墩新天地,2026-08-05 15:00,0.063,4.9,0.38,31.5,正常,0
HZ003418,杭州,滨江区,钱塘春晓,2026-08-05 04:00,0.032,2.0,0.28,30.9,正常,0
HZ003419,杭州,余杭区,闲林山水,2026-08-02 03:00,0.024,2.2,0.37,27.4,正常,0
HZ003420,杭州,拱墅区,大关小区,2026-08-04 07:00,0.043,2.8,0.50,28.1,异常,1
HZ003421,杭州,上城区,望江新园,2026-08-04 08:00,0.047,4.1,0.29,27.1,正常,0
HZ003422,杭州,萧山区,钱江世纪城社区,2026-08-02 01:00,0.012,0.9,0.37,27.1,正常,0
HZ003423,杭州,钱塘区,大学城北社区,2026-08-03 02:00,0.022,1.7,0.32,28.4,正常,0
HZ003424,杭州,临平区,星桥社区,2026-08-02 07:00,0.122,9.9,0.34,30.4,正常,0
HZ003425,杭州,西湖区,三墩新天地,2026-08-07 00:00,0.004,0.3,0.29,27.3,正常,0
HZ003426,杭州,滨江区,滨康小区,2026-08-07 10:00,0.039,2.8,0.29,27.6,正常,0
HZ003427,杭州,余杭区,闲林山水,2026-08-01 16:00,0.078,5.5,0.34,31.5,正常,0
HZ003428,杭州,拱墅区,运河新城社区,2026-08-01 13:00,0.117,9.7,0.35,30.1,正常,0
HZ003429,杭州,上城区,望江新园,2026-08-01 16:00,0.126,10.0,0.31,32.2,正常,0
HZ003430,杭州,萧山区,湘湖家园,2026-08-06 07:00,0.061,4.1,0.35,28.8,正常,0
HZ003431,杭州,钱塘区,大学城北社区,2026-08-05 08:00,0.074,4.9,0.38,30.7,正常,0
HZ003432,杭州,临平区,星桥社区,2026-08-05 09:00,0.039,3.3,0.35,29.9,正常,0
HZ003433,杭州,西湖区,转塘家园,2026-08-01 00:00,0.027,2.2,0.33,30.7,正常,0
HZ003434,杭州,滨江区,江南花园,2026-08-05 07:00,0.086,7.5,0.29,29.1,正常,0
HZ003435,杭州,余杭区,良渚文化村,2026-08-06 08:00,0.132,8.4,0.36,28.8,正常,0
HZ003436,杭州,拱墅区,大关小区,2026-08-02 09:00,0.030,2.7,0.38,30.1,正常,0
HZ003437,杭州,上城区,丁兰社区,2026-08-05 10:00,0.097,8.0,0.36,28.3,正常,0
HZ003438,杭州,萧山区,湘湖家园,2026-08-04 06:00,0.068,6.8,0.34,29.8,正常,0
HZ003439,杭州,钱塘区,下沙社区,2026-08-07 06:00,0.097,9.2,0.36,30.0,正常,0
HZ003440,杭州,临平区,南苑小区,2026-08-05 07:00,0.025,2.1,0.33,27.8,正常,0
HZ003441,杭州,西湖区,转塘家园,2026-08-02 20:00,0.046,4.6,0.34,29.7,正常,0
HZ003442,杭州,滨江区,白马湖社区,2026-08-05 00:00,0.015,1.0,0.32,28.7,正常,0
HZ003443,杭州,余杭区,未来科技城社区,2026-08-05 11:00,0.026,1.7,0.31,31.2,正常,0
HZ003444,杭州,拱墅区,半山家园,2026-08-07 07:00,0.152,10.3,0.31,29.8,正常,0
HZ003445,杭州,上城区,采荷小区,2026-08-04 08:00,0.120,10.0,0.31,30.3,正常,0
HZ003446,杭州,萧山区,湘湖家园,2026-08-02 08:00,0.018,1.7,0.37,29.2,正常,0
HZ003447,杭州,钱塘区,大学城北社区,2026-08-05 21:00,0.109,9.1,0.30,29.9,正常,0
HZ003448,杭州,临平区,星桥社区,2026-08-04 19:00,0.106,9.9,0.34,30.0,正常,0
HZ003449,杭州,西湖区,转塘家园,2026-08-02 16:00,0.016,1.1,0.32,32.8,正常,0
HZ003450,杭州,滨江区,白马湖社区,2026-08-07 08:00,0.072,6.6,0.34,30.5,正常,0
HZ003451,杭州,余杭区,未来科技城社区,2026-08-06 08:00,0.023,2.0,0.32,28.2,正常,0
HZ003452,杭州,拱墅区,湖墅家园,2026-08-03 11:00,0.074,5.8,0.37,31.7,正常,0
HZ003453,杭州,上城区,望江新园,2026-08-01 17:00,0.034,2.3,0.38,32.7,正常,0
HZ003454,杭州,萧山区,钱江世纪城社区,2026-08-04 17:00,0.029,2.2,0.37,31.6,正常,0
HZ003455,杭州,钱塘区,大学城北社区,2026-08-04 05:00,0.030,2.3,0.29,28.6,正常,0
HZ003456,杭州,临平区,星桥社区,2026-08-07 06:00,0.155,10.0,0.30,29.2,正常,0
HZ003457,杭州,西湖区,三墩新天地,2026-08-04 01:00,0.020,1.9,0.35,30.1,正常,0
HZ003458,杭州,滨江区,滨康小区,2026-08-04 14:00,0.028,1.9,0.34,30.5,正常,0
HZ003459,杭州,余杭区,良渚文化村,2026-08-03 17:00,0.118,9.0,0.37,31.1,正常,0
HZ003460,杭州,拱墅区,运河新城社区,2026-08-04 00:00,0.023,1.8,0.32,29.1,正常,0
HZ003461,杭州,上城区,采荷小区,2026-08-06 03:00,0.012,0.9,0.32,27.9,正常,0
HZ003462,杭州,萧山区,宁围佳境,2026-08-07 19:00,0.014,1.0,0.39,28.5,正常,0
HZ003463,杭州,钱塘区,江东家园,2026-08-02 05:00,0.018,1.4,0.39,29.4,正常,0
HZ003464,杭州,临平区,星桥社区,2026-08-04 07:00,0.114,8.9,0.37,30.1,正常,0
HZ003465,杭州,西湖区,三墩新天地,2026-08-07 18:00,0.150,9.9,0.32,30.0,正常,0
HZ003466,杭州,滨江区,滨康小区,2026-08-02 18:00,0.137,10.3,0.38,30.0,正常,0
HZ003467,杭州,余杭区,未来科技城社区,2026-08-05 14:00,0.050,4.4,0.32,31.1,正常,0
HZ003468,杭州,拱墅区,湖墅家园,2026-08-07 04:00,0.024,1.7,0.46,29.3,异常,1
HZ003469,杭州,上城区,望江新园,2026-08-05 16:00,0.033,2.8,0.38,30.2,正常,0
HZ003470,杭州,萧山区,湘湖家园,2026-08-04 12:00,0.091,6.7,0.35,30.3,正常,0
HZ003471,杭州,钱塘区,大学城北社区,2026-08-02 15:00,0.096,8.6,0.33,32.2,正常,0
HZ003472,杭州,临平区,星桥社区,2026-08-04 00:00,0.019,1.4,0.34,27.9,正常,0
HZ003473,杭州,西湖区,翠苑小区,2026-08-03 00:00,0.012,1.0,0.36,27.6,正常,0
HZ003474,杭州,滨江区,白马湖社区,2026-08-05 07:00,0.080,5.1,0.36,28.3,正常,0
HZ003475,杭州,余杭区,未来科技城社区,2026-08-07 19:00,0.041,3.8,0.36,29.2,正常,0
HZ003476,杭州,拱墅区,半山家园,2026-08-06 02:00,0.010,0.9,0.35,30.2,正常,0
HZ003477,杭州,上城区,采荷小区,2026-08-06 01:00,0.016,1.0,0.31,29.3,正常,0
HZ003478,杭州,萧山区,湘湖家园,2026-08-05 23:00,0.115,9.8,0.35,28.2,正常,0
HZ003479,杭州,钱塘区,大学城北社区,2026-08-07 15:00,0.136,9.4,0.36,30.3,正常,0
HZ003480,杭州,临平区,乔司家园,2026-08-02 10:00,0.052,3.5,0.31,29.4,正常,0
HZ003481,杭州,西湖区,三墩新天地,2026-08-05 23:00,0.097,6.7,0.29,29.2,正常,0
HZ003482,杭州,滨江区,钱塘春晓,2026-08-04 08:00,0.095,7.1,0.36,28.5,正常,0
HZ003483,杭州,余杭区,未来科技城社区,2026-08-07 07:00,0.410,23.2,0.35,29.2,异常,1
HZ003484,杭州,拱墅区,大关小区,2026-08-07 15:00,0.048,3.4,0.38,31.1,正常,0
HZ003485,杭州,上城区,望江新园,2026-08-06 02:00,0.015,1.0,0.35,30.5,正常,0
HZ003486,杭州,萧山区,北干社区,2026-08-01 02:00,0.017,1.2,0.35,28.3,正常,0
HZ003487,杭州,钱塘区,下沙社区,2026-08-02 07:00,0.057,3.8,0.31,29.4,正常,0
HZ003488,杭州,临平区,南苑小区,2026-08-03 15:00,0.015,1.4,0.28,33.4,正常,0
HZ003489,杭州,西湖区,三墩新天地,2026-08-02 18:00,0.074,6.0,0.29,29.4,正常,0
HZ003490,杭州,滨江区,钱塘春晓,2026-08-03 20:00,0.128,8.7,0.28,29.5,正常,0
HZ003491,杭州,余杭区,仓前家园,2026-08-04 07:00,0.031,2.4,0.34,30.4,正常,0
HZ003492,杭州,拱墅区,湖墅家园,2026-08-02 21:00,0.120,8.1,0.28,30.4,正常,0
HZ003493,杭州,上城区,采荷小区,2026-08-02 18:00,0.114,8.8,0.33,28.8,正常,0
HZ003494,杭州,萧山区,钱江世纪城社区,2026-08-07 04:00,0.013,1.1,0.33,30.0,正常,0
HZ003495,杭州,钱塘区,下沙社区,2026-08-04 18:00,0.148,10.3,0.29,28.9,正常,0
HZ003496,杭州,临平区,南苑小区,2026-08-01 08:00,0.071,6.3,0.37,31.0,正常,0
HZ003497,杭州,西湖区,三墩新天地,2026-08-02 03:00,0.026,2.3,0.35,27.1,正常,0
HZ003498,杭州,滨江区,江南花园,2026-08-03 18:00,0.100,8.8,0.29,29.1,正常,0
HZ003499,杭州,余杭区,良渚文化村,2026-08-01 16:00,0.103,8.3,0.35,32.9,正常,0
HZ003500,杭州,拱墅区,大关小区,2026-08-06 21:00,0.095,7.4,0.31,27.2,正常,0
HZ003501,杭州,上城区,丁兰社区,2026-08-07 18:00,0.049,3.9,0.38,28.2,正常,0
HZ003502,杭州,萧山区,钱江世纪城社区,2026-08-05 17:00,0.052,4.8,0.38,31.7,正常,0
HZ003503,杭州,钱塘区,大学城北社区,2026-08-04 22:00,0.128,8.6,0.28,29.1,正常,0
HZ003504,杭州,临平区,星桥社区,2026-08-04 13:00,0.036,3.1,0.29,30.9,正常,0
HZ003505,杭州,西湖区,翠苑小区,2026-08-02 17:00,0.017,1.2,0.30,30.8,正常,0
HZ003506,杭州,滨江区,滨康小区,2026-08-06 05:00,0.029,2.1,0.32,30.7,正常,0
HZ003507,杭州,余杭区,未来科技城社区,2026-08-03 16:00,0.053,4.1,0.30,34.0,正常,0
HZ003508,杭州,拱墅区,湖墅家园,2026-08-02 09:00,0.128,8.3,0.34,30.8,正常,0
HZ003509,杭州,上城区,望江新园,2026-08-03 07:00,0.113,9.9,0.38,29.0,正常,0
HZ003510,杭州,萧山区,宁围佳境,2026-08-01 11:00,0.046,4.4,0.33,32.2,正常,0
HZ003511,杭州,钱塘区,河庄新苑,2026-08-04 09:00,0.034,2.5,0.30,30.4,正常,0
HZ003512,杭州,临平区,南苑小区,2026-08-04 08:00,0.121,9.4,0.38,29.2,正常,0
HZ003513,杭州,西湖区,三墩新天地,2026-08-04 15:00,0.025,2.2,0.37,32.0,正常,0
HZ003514,杭州,滨江区,白马湖社区,2026-08-02 02:00,0.036,2.3,0.38,28.0,正常,0
HZ003515,杭州,余杭区,闲林山水,2026-08-06 09:00,0.016,1.1,0.39,27.6,正常,0
HZ003516,杭州,拱墅区,运河新城社区,2026-08-01 05:00,0.011,0.7,0.35,27.4,正常,0
HZ003517,杭州,上城区,近江家园,2026-08-03 12:00,0.124,8.4,0.29,33.9,正常,0
HZ003518,杭州,萧山区,北干社区,2026-08-06 19:00,0.104,9.2,0.34,29.4,正常,0
HZ003519,杭州,钱塘区,江东家园,2026-08-05 13:00,0.093,7.9,0.29,33.0,正常,0
HZ003520,杭州,临平区,南苑小区,2026-08-07 09:00,0.019,1.5,0.39,27.5,正常,0
HZ003521,杭州,西湖区,三墩新天地,2026-08-07 16:00,0.040,2.5,0.32,30.2,正常,0
HZ003522,杭州,滨江区,江南花园,2026-08-07 22:00,0.059,3.8,0.34,28.1,正常,0
HZ003523,杭州,余杭区,仓前家园,2026-08-05 19:00,0.034,2.7,0.38,27.7,正常,0
HZ003524,杭州,拱墅区,大关小区,2026-08-03 15:00,0.070,5.2,0.31,33.1,正常,0
HZ003525,杭州,上城区,近江家园,2026-08-03 15:00,0.019,1.6,0.34,30.8,正常,0
HZ003526,杭州,萧山区,宁围佳境,2026-08-07 21:00,0.066,4.7,0.31,28.7,正常,0
HZ003527,杭州,钱塘区,大学城北社区,2026-08-02 16:00,0.050,3.5,0.29,31.2,正常,0
HZ003528,杭州,临平区,星桥社区,2026-08-02 14:00,0.098,6.7,0.29,31.9,正常,0
HZ003529,杭州,西湖区,翠苑小区,2026-08-01 22:00,0.072,6.8,0.33,28.3,正常,0
HZ003530,杭州,滨江区,江南花园,2026-08-04 10:00,0.111,8.3,0.34,28.1,正常,0
HZ003531,杭州,余杭区,良渚文化村,2026-08-02 13:00,0.045,4.1,0.33,30.8,正常,0
HZ003532,杭州,拱墅区,半山家园,2026-08-06 15:00,0.151,10.3,0.53,31.0,异常,1
HZ003533,杭州,上城区,采荷小区,2026-08-05 05:00,0.009,0.6,0.38,27.1,正常,0
HZ003534,杭州,萧山区,宁围佳境,2026-08-04 12:00,0.061,4.7,0.32,33.7,正常,0
HZ003535,杭州,钱塘区,大学城北社区,2026-08-06 23:00,0.107,9.9,0.38,28.8,正常,0
HZ003536,杭州,临平区,塘栖人家,2026-08-01 03:00,0.019,1.4,0.29,30.7,正常,0
HZ003537,杭州,西湖区,文新社区,2026-08-06 00:00,0.027,1.8,0.33,30.7,正常,0
HZ003538,杭州,滨江区,滨康小区,2026-08-02 01:00,0.005,0.4,0.14,30.3,异常,1
HZ003539,杭州,余杭区,未来科技城社区,2026-08-03 03:00,0.002,0.1,0.32,27.9,正常,0
HZ003540,杭州,拱墅区,运河新城社区,2026-08-06 16:00,0.031,3.0,0.37,31.0,正常,0
HZ003541,杭州,上城区,近江家园,2026-08-04 12:00,0.031,3.0,0.28,33.8,正常,0
HZ003542,杭州,萧山区,北干社区,2026-08-01 09:00,0.116,8.6,0.29,30.0,正常,0
HZ003543,杭州,钱塘区,下沙社区,2026-08-01 18:00,0.058,4.6,0.32,27.4,正常,0
HZ003544,杭州,临平区,南苑小区,2026-08-02 01:00,0.020,1.8,0.38,29.8,正常,0
HZ003545,杭州,西湖区,文新社区,2026-08-01 05:00,0.014,1.0,0.36,29.5,正常,0
HZ003546,杭州,滨江区,钱塘春晓,2026-08-06 11:00,0.020,1.2,0.38,32.0,正常,0
HZ003547,杭州,余杭区,仓前家园,2026-08-01 07:00,0.080,5.0,0.32,30.4,正常,0
HZ003548,杭州,拱墅区,半山家园,2026-08-01 23:00,0.023,1.4,0.33,29.8,正常,0
HZ003549,杭州,上城区,望江新园,2026-08-03 19:00,0.042,4.2,0.37,29.2,正常,0
HZ003550,杭州,萧山区,宁围佳境,2026-08-03 00:00,0.020,1.3,0.31,30.3,正常,0
HZ003551,杭州,钱塘区,下沙社区,2026-08-07 19:00,0.057,5.7,0.29,27.5,正常,0
HZ003552,杭州,临平区,星桥社区,2026-08-06 16:00,0.132,9.8,0.37,33.7,正常,0
HZ003553,杭州,西湖区,翠苑小区,2026-08-04 22:00,0.049,4.7,0.31,28.5,正常,0
HZ003554,杭州,滨江区,钱塘春晓,2026-08-01 02:00,0.004,0.3,0.33,31.0,正常,0
HZ003555,杭州,余杭区,仓前家园,2026-08-02 17:00,0.084,7.5,0.35,32.4,正常,0
HZ003556,杭州,拱墅区,半山家园,2026-08-03 07:00,0.123,9.1,0.37,29.4,正常,0
HZ003557,杭州,上城区,丁兰社区,2026-08-01 03:00,0.003,0.2,0.29,29.2,正常,0
HZ003558,杭州,萧山区,北干社区,2026-08-05 00:00,0.015,1.2,0.30,27.5,正常,0
HZ003559,杭州,钱塘区,江东家园,2026-08-01 08:00,0.264,19.1,0.28,27.2,异常,1
HZ003560,杭州,临平区,星桥社区,2026-08-07 08:00,0.018,1.3,0.37,28.4,正常,0
HZ003561,杭州,西湖区,翠苑小区,2026-08-03 06:00,0.042,2.6,0.38,27.0,正常,0
HZ003562,杭州,滨江区,白马湖社区,2026-08-02 02:00,0.007,0.5,0.38,29.7,正常,0
HZ003563,杭州,余杭区,未来科技城社区,2026-08-07 04:00,0.021,2.0,0.30,27.7,正常,0
HZ003564,杭州,拱墅区,运河新城社区,2026-08-07 02:00,0.018,1.2,0.32,30.3,正常,0
HZ003565,杭州,上城区,近江家园,2026-08-07 13:00,0.113,7.7,0.35,32.5,正常,0
HZ003566,杭州,萧山区,钱江世纪城社区,2026-08-04 22:00,0.084,7.0,0.39,30.8,正常,0
HZ003567,杭州,钱塘区,大学城北社区,2026-08-04 05:00,0.013,1.1,0.34,28.5,正常,0
HZ003568,杭州,临平区,星桥社区,2026-08-02 11:00,0.104,9.9,0.31,30.5,正常,0
HZ003569,杭州,西湖区,转塘家园,2026-08-06 20:00,0.052,3.4,0.36,28.3,正常,0
HZ003570,杭州,滨江区,江南花园,2026-08-04 21:00,0.052,4.4,0.32,29.8,正常,0
HZ003571,杭州,余杭区,良渚文化村,2026-08-01 05:00,0.009,0.7,0.34,28.4,正常,0
HZ003572,杭州,拱墅区,大关小区,2026-08-02 21:00,0.131,8.4,0.36,31.0,正常,0
HZ003573,杭州,上城区,采荷小区,2026-08-05 04:00,0.003,0.3,0.37,29.6,正常,0
HZ003574,杭州,萧山区,湘湖家园,2026-08-07 04:00,0.004,0.4,0.38,27.9,正常,0
HZ003575,杭州,钱塘区,河庄新苑,2026-08-06 01:00,0.021,1.3,0.35,29.5,正常,0
HZ003576,杭州,临平区,乔司家园,2026-08-02 10:00,0.118,8.4,0.29,27.5,正常,0
HZ003577,杭州,西湖区,翠苑小区,2026-08-07 17:00,0.122,7.8,0.36,30.8,正常,0
HZ003578,杭州,滨江区,白马湖社区,2026-08-05 01:00,0.003,0.2,0.31,31.0,正常,0
HZ003579,杭州,余杭区,仓前家园,2026-08-03 12:00,0.285,20.4,0.38,32.2,异常,1
HZ003580,杭州,拱墅区,大关小区,2026-08-07 12:00,0.121,7.7,0.37,30.3,正常,0
HZ003581,杭州,上城区,望江新园,2026-08-04 04:00,0.017,1.2,0.30,29.3,正常,0
HZ003582,杭州,萧山区,宁围佳境,2026-08-02 11:00,0.111,10.3,0.38,32.9,正常,0
HZ003583,杭州,钱塘区,河庄新苑,2026-08-02 11:00,0.056,5.5,0.35,30.2,正常,0
HZ003584,杭州,临平区,星桥社区,2026-08-02 11:00,0.053,3.6,0.31,30.9,正常,0
HZ003585,杭州,西湖区,文新社区,2026-08-03 13:00,0.059,4.4,0.29,30.9,正常,0
HZ003586,杭州,滨江区,江南花园,2026-08-07 11:00,0.069,6.0,0.34,31.6,正常,0
HZ003587,杭州,余杭区,仓前家园,2026-08-05 22:00,0.069,4.9,0.30,27.2,正常,0
HZ003588,杭州,拱墅区,运河新城社区,2026-08-06 21:00,0.041,3.5,0.35,28.0,正常,0
HZ003589,杭州,上城区,望江新园,2026-08-02 00:00,0.002,0.1,0.31,27.5,正常,0
HZ003590,杭州,萧山区,北干社区,2026-08-05 23:00,0.028,2.5,0.34,27.6,正常,0
HZ003591,杭州,钱塘区,江东家园,2026-08-05 00:00,0.009,0.7,0.31,27.0,正常,0
HZ003592,杭州,临平区,乔司家园,2026-08-05 02:00,0.002,0.2,0.32,28.8,正常,0
HZ003593,杭州,西湖区,三墩新天地,2026-08-02 01:00,0.014,1.0,0.37,29.7,正常,0
HZ003594,杭州,滨江区,钱塘春晓,2026-08-02 05:00,0.007,0.5,0.29,30.1,正常,0
HZ003595,杭州,余杭区,闲林山水,2026-08-06 17:00,0.095,8.8,0.31,31.7,正常,0
HZ003596,杭州,拱墅区,运河新城社区,2026-08-06 03:00,0.020,1.7,0.34,27.0,正常,0
HZ003597,杭州,上城区,望江新园,2026-08-06 17:00,0.060,5.6,0.29,30.1,正常,0
HZ003598,杭州,萧山区,北干社区,2026-08-01 22:00,0.088,5.6,0.35,30.0,正常,0
HZ003599,杭州,钱塘区,下沙社区,2026-08-04 17:00,0.063,4.2,0.36,30.7,正常,0
HZ003600,杭州,临平区,塘栖人家,2026-08-06 20:00,0.028,2.0,0.32,27.3,正常,0
HZ003601,杭州,西湖区,转塘家园,2026-08-07 14:00,0.095,8.0,0.28,33.6,正常,0
HZ003602,杭州,滨江区,江南花园,2026-08-06 19:00,0.091,7.3,0.29,27.9,正常,0
HZ003603,杭州,余杭区,闲林山水,2026-08-04 05:00,0.418,21.6,0.34,27.7,异常,1
HZ003604,杭州,拱墅区,湖墅家园,2026-08-04 08:00,0.108,8.9,0.33,27.1,正常,0
HZ003605,杭州,上城区,丁兰社区,2026-08-06 12:00,0.017,1.3,0.31,32.8,正常,0
HZ003606,杭州,萧山区,北干社区,2026-08-06 10:00,0.084,6.1,0.34,29.4,正常,0
HZ003607,杭州,钱塘区,江东家园,2026-08-02 19:00,0.106,9.9,0.33,28.3,正常,0
HZ003608,杭州,临平区,星桥社区,2026-08-01 07:00,0.026,2.2,0.16,29.6,异常,1
HZ003609,杭州,西湖区,翠苑小区,2026-08-04 12:00,0.118,8.1,0.33,33.2,正常,0
HZ003610,杭州,滨江区,江南花园,2026-08-07 19:00,0.030,1.9,0.36,29.6,正常,0
HZ003611,杭州,余杭区,良渚文化村,2026-08-01 11:00,0.053,4.9,0.35,33.1,正常,0
HZ003612,杭州,拱墅区,运河新城社区,2026-08-05 11:00,0.055,3.5,0.31,30.8,正常,0
HZ003613,杭州,上城区,采荷小区,2026-08-01 20:00,0.018,1.4,0.37,28.2,正常,0
HZ003614,杭州,萧山区,湘湖家园,2026-08-04 01:00,0.002,0.1,0.36,27.7,正常,0
HZ003615,杭州,钱塘区,江东家园,2026-08-04 22:00,0.010,1.0,0.33,28.8,正常,0
HZ003616,杭州,临平区,乔司家园,2026-08-01 10:00,0.093,8.7,0.38,27.2,正常,0
HZ003617,杭州,西湖区,三墩新天地,2026-08-02 14:00,0.070,5.9,0.33,32.1,正常,0
HZ003618,杭州,滨江区,白马湖社区,2026-08-06 19:00,0.153,9.8,0.32,27.9,正常,0
HZ003619,杭州,余杭区,未来科技城社区,2026-08-03 01:00,0.020,1.4,0.31,29.8,正常,0
HZ003620,杭州,拱墅区,大关小区,2026-08-05 19:00,0.081,8.0,0.34,30.0,正常,0
HZ003621,杭州,上城区,丁兰社区,2026-08-04 16:00,0.088,6.4,0.36,31.3,正常,0
HZ003622,杭州,萧山区,北干社区,2026-08-03 22:00,0.013,1.2,0.35,29.7,正常,0
HZ003623,杭州,钱塘区,大学城北社区,2026-08-02 05:00,0.020,1.6,0.38,29.4,正常,0
HZ003624,杭州,临平区,乔司家园,2026-08-05 13:00,0.141,9.3,0.34,30.3,正常,0
HZ003625,杭州,西湖区,文新社区,2026-08-06 11:00,0.116,9.2,0.32,32.2,正常,0
HZ003626,杭州,滨江区,白马湖社区,2026-08-03 14:00,0.133,10.3,0.30,32.2,正常,0
HZ003627,杭州,余杭区,闲林山水,2026-08-03 03:00,0.021,1.3,0.37,28.1,正常,0
HZ003628,杭州,拱墅区,湖墅家园,2026-08-01 11:00,0.103,7.0,0.30,32.6,正常,0
HZ003629,杭州,上城区,采荷小区,2026-08-01 23:00,0.038,3.0,0.31,28.6,正常,0
HZ003630,杭州,萧山区,北干社区,2026-08-06 08:00,0.119,8.0,0.35,29.2,正常,0
HZ003631,杭州,钱塘区,江东家园,2026-08-01 18:00,0.026,2.2,0.36,29.2,正常,0
HZ003632,杭州,临平区,南苑小区,2026-08-04 16:00,0.016,1.1,0.38,31.3,正常,0
HZ003633,杭州,西湖区,文新社区,2026-08-04 07:00,0.079,5.1,0.30,30.7,正常,0
HZ003634,杭州,滨江区,江南花园,2026-08-02 01:00,0.006,0.5,0.29,30.5,正常,0
HZ003635,杭州,余杭区,良渚文化村,2026-08-04 00:00,0.023,2.3,0.38,30.0,正常,0
HZ003636,杭州,拱墅区,半山家园,2026-08-02 13:00,0.120,10.0,0.37,30.5,正常,0
HZ003637,杭州,上城区,望江新园,2026-08-06 17:00,0.119,8.1,0.28,32.1,正常,0
HZ003638,杭州,萧山区,北干社区,2026-08-05 21:00,0.077,7.0,0.35,29.6,正常,0
HZ003639,杭州,钱塘区,大学城北社区,2026-08-06 12:00,0.097,9.4,0.39,31.5,正常,0
HZ003640,杭州,临平区,星桥社区,2026-08-05 10:00,0.108,7.8,0.35,30.0,正常,0
HZ003641,杭州,西湖区,翠苑小区,2026-08-07 02:00,0.009,0.7,0.34,29.1,正常,0
HZ003642,杭州,滨江区,钱塘春晓,2026-08-07 02:00,0.001,0.1,0.33,27.2,正常,0
HZ003643,杭州,余杭区,良渚文化村,2026-08-05 05:00,0.015,1.3,0.38,27.6,正常,0
HZ003644,杭州,拱墅区,运河新城社区,2026-08-05 20:00,0.023,2.0,0.28,29.7,正常,0
HZ003645,杭州,上城区,望江新园,2026-08-04 19:00,0.028,1.8,0.38,30.4,正常,0
HZ003646,杭州,萧山区,湘湖家园,2026-08-05 22:00,0.014,0.9,0.31,30.5,正常,0
HZ003647,杭州,钱塘区,河庄新苑,2026-08-04 23:00,0.133,9.3,0.38,30.1,正常,0
HZ003648,杭州,临平区,南苑小区,2026-08-05 08:00,0.070,6.4,0.16,29.7,异常,1
HZ003649,杭州,西湖区,文新社区,2026-08-04 08:00,0.062,4.3,0.33,29.4,正常,0
HZ003650,杭州,滨江区,钱塘春晓,2026-08-04 23:00,0.021,1.5,0.29,27.1,正常,0
HZ003651,杭州,余杭区,未来科技城社区,2026-08-03 05:00,0.014,1.3,0.38,28.0,正常,0
HZ003652,杭州,拱墅区,大关小区,2026-08-01 04:00,0.020,1.8,0.38,27.6,正常,0
HZ003653,杭州,上城区,近江家园,2026-08-02 14:00,0.123,9.9,0.34,32.8,正常,0
HZ003654,杭州,萧山区,湘湖家园,2026-08-07 22:00,0.013,1.0,0.35,28.6,正常,0
HZ003655,杭州,钱塘区,大学城北社区,2026-08-05 18:00,0.341,24.7,0.38,30.9,异常,1
HZ003656,杭州,临平区,塘栖人家,2026-08-06 19:00,0.022,1.5,0.33,30.9,正常,0
HZ003657,杭州,西湖区,翠苑小区,2026-08-01 15:00,0.118,7.7,0.36,30.1,正常,0
HZ003658,杭州,滨江区,钱塘春晓,2026-08-02 05:00,0.012,0.8,0.31,29.7,正常,0
HZ003659,杭州,余杭区,闲林山水,2026-08-03 15:00,0.009,0.8,0.32,30.2,正常,0
HZ003660,杭州,拱墅区,湖墅家园,2026-08-01 08:00,0.102,6.5,0.39,29.9,正常,0
HZ003661,杭州,上城区,采荷小区,2026-08-06 00:00,0.020,1.8,0.37,30.6,正常,0
HZ003662,杭州,萧山区,北干社区,2026-08-02 15:00,0.058,4.3,0.31,33.8,正常,0
HZ003663,杭州,钱塘区,河庄新苑,2026-08-07 18:00,0.105,9.1,0.32,30.8,正常,0
HZ003664,杭州,临平区,乔司家园,2026-08-05 20:00,0.073,7.0,0.12,27.2,异常,1
HZ003665,杭州,西湖区,转塘家园,2026-08-01 14:00,0.053,3.5,0.30,30.8,正常,0
HZ003666,杭州,滨江区,白马湖社区,2026-08-07 02:00,0.001,0.1,0.37,30.2,正常,0
HZ003667,杭州,余杭区,闲林山水,2026-08-03 06:00,0.104,10.2,0.32,29.4,正常,0
HZ003668,杭州,拱墅区,大关小区,2026-08-03 23:00,0.011,0.7,0.32,29.0,正常,0
HZ003669,杭州,上城区,近江家园,2026-08-05 18:00,0.348,23.0,0.37,29.5,异常,1
HZ003670,杭州,萧山区,北干社区,2026-08-04 03:00,0.034,2.2,0.29,28.0,正常,0
HZ003671,杭州,钱塘区,河庄新苑,2026-08-02 10:00,0.032,2.4,0.31,27.4,正常,0
HZ003672,杭州,临平区,星桥社区,2026-08-04 10:00,0.081,6.2,0.29,28.5,正常,0
HZ003673,杭州,西湖区,文新社区,2026-08-06 03:00,0.012,0.8,0.33,28.1,正常,0
HZ003674,杭州,滨江区,钱塘春晓,2026-08-03 01:00,0.029,2.1,0.30,28.7,正常,0
HZ003675,杭州,余杭区,良渚文化村,2026-08-06 23:00,0.069,6.7,0.36,27.1,正常,0
HZ003676,杭州,拱墅区,半山家园,2026-08-02 06:00,0.113,9.2,0.33,28.5,正常,0
HZ003677,杭州,上城区,采荷小区,2026-08-07 03:00,0.012,1.2,0.28,30.0,正常,0
HZ003678,杭州,萧山区,北干社区,2026-08-01 12:00,0.102,9.5,0.34,30.5,正常,0
HZ003679,杭州,钱塘区,下沙社区,2026-08-02 19:00,0.055,3.5,0.35,27.8,正常,0
HZ003680,杭州,临平区,塘栖人家,2026-08-07 22:00,0.027,1.9,0.30,27.3,正常,0
HZ003681,杭州,西湖区,翠苑小区,2026-08-02 05:00,0.005,0.3,0.32,27.8,正常,0
HZ003682,杭州,滨江区,江南花园,2026-08-06 00:00,0.016,1.2,0.29,27.9,正常,0
HZ003683,杭州,余杭区,良渚文化村,2026-08-02 08:00,0.028,1.9,0.38,29.8,正常,0
HZ003684,杭州,拱墅区,大关小区,2026-08-01 18:00,0.041,3.0,0.28,30.6,正常,0
HZ003685,杭州,上城区,近江家园,2026-08-03 01:00,0.014,0.9,0.32,30.9,正常,0
HZ003686,杭州,萧山区,北干社区,2026-08-07 19:00,0.034,3.1,0.29,29.9,正常,0
HZ003687,杭州,钱塘区,下沙社区,2026-08-05 02:00,0.024,1.9,0.31,27.5,正常,0
HZ003688,杭州,临平区,塘栖人家,2026-08-03 19:00,0.014,0.9,0.33,30.1,正常,0
HZ003689,杭州,西湖区,翠苑小区,2026-08-04 11:00,0.143,9.0,0.34,32.2,正常,0
HZ003690,杭州,滨江区,江南花园,2026-08-01 04:00,0.027,2.3,0.31,29.6,正常,0
HZ003691,杭州,余杭区,仓前家园,2026-08-02 12:00,0.361,21.7,0.34,32.8,异常,1
HZ003692,杭州,拱墅区,运河新城社区,2026-08-05 12:00,0.056,5.2,0.32,32.7,正常,0
HZ003693,杭州,上城区,近江家园,2026-08-07 05:00,0.257,16.9,0.33,29.8,异常,1
HZ003694,杭州,萧山区,北干社区,2026-08-05 12:00,0.016,1.2,0.31,30.4,正常,0
HZ003695,杭州,钱塘区,河庄新苑,2026-08-06 10:00,0.011,0.7,0.31,29.8,正常,0
HZ003696,杭州,临平区,塘栖人家,2026-08-04 14:00,0.127,10.3,0.32,33.5,正常,0
HZ003697,杭州,西湖区,转塘家园,2026-08-05 02:00,0.015,1.4,0.35,30.6,正常,0
HZ003698,杭州,滨江区,白马湖社区,2026-08-01 06:00,0.122,10.5,0.30,28.6,正常,0
HZ003699,杭州,余杭区,未来科技城社区,2026-08-02 07:00,0.104,7.9,0.31,30.9,正常,0
HZ003700,杭州,拱墅区,运河新城社区,2026-08-05 06:00,0.144,9.3,0.32,28.0,正常,0
HZ003701,杭州,上城区,丁兰社区,2026-08-03 01:00,0.022,1.7,0.38,29.7,正常,0
HZ003702,杭州,萧山区,北干社区,2026-08-04 11:00,0.062,4.2,0.34,32.7,正常,0
HZ003703,杭州,钱塘区,河庄新苑,2026-08-06 13:00,0.063,5.6,0.38,31.0,正常,0
HZ003704,杭州,临平区,南苑小区,2026-08-01 05:00,0.010,0.7,0.28,29.0,正常,0
HZ003705,杭州,西湖区,文新社区,2026-08-05 22:00,0.040,2.7,0.32,27.6,正常,0
HZ003706,杭州,滨江区,江南花园,2026-08-03 01:00,0.015,1.1,0.33,29.3,正常,0
HZ003707,杭州,余杭区,未来科技城社区,2026-08-07 20:00,0.064,4.1,0.32,29.8,正常,0
HZ003708,杭州,拱墅区,大关小区,2026-08-04 20:00,0.016,1.1,0.30,30.0,正常,0
HZ003709,杭州,上城区,采荷小区,2026-08-01 07:00,0.177,14.3,0.29,27.3,异常,1
HZ003710,杭州,萧山区,钱江世纪城社区,2026-08-04 09:00,0.124,8.7,0.37,28.3,正常,0
HZ003711,杭州,钱塘区,河庄新苑,2026-08-05 17:00,0.140,10.1,0.36,33.5,正常,0
HZ003712,杭州,临平区,星桥社区,2026-08-04 20:00,0.047,4.5,0.34,27.2,正常,0
HZ003713,杭州,西湖区,转塘家园,2026-08-03 23:00,0.091,6.5,0.36,27.4,正常,0
HZ003714,杭州,滨江区,江南花园,2026-08-07 00:00,0.008,0.5,0.33,27.8,正常,0
HZ003715,杭州,余杭区,仓前家园,2026-08-01 21:00,0.034,2.9,0.34,27.5,正常,0
HZ003716,杭州,拱墅区,大关小区,2026-08-05 18:00,0.080,7.8,0.37,28.5,正常,0
HZ003717,杭州,上城区,望江新园,2026-08-03 08:00,0.064,4.8,0.38,28.7,正常,0
HZ003718,杭州,萧山区,北干社区,2026-08-04 19:00,0.050,3.4,0.31,29.6,正常,0
HZ003719,杭州,钱塘区,江东家园,2026-08-05 10:00,0.040,3.0,0.31,29.7,正常,0
HZ003720,杭州,临平区,乔司家园,2026-08-03 01:00,0.011,1.0,0.37,27.8,正常,0
HZ003721,杭州,西湖区,文新社区,2026-08-05 05:00,0.017,1.1,0.35,27.3,正常,0
HZ003722,杭州,滨江区,钱塘春晓,2026-08-02 08:00,0.081,7.1,0.32,27.0,正常,0
HZ003723,杭州,余杭区,未来科技城社区,2026-08-07 15:00,0.025,2.3,0.32,32.7,正常,0
HZ003724,杭州,拱墅区,半山家园,2026-08-03 00:00,0.005,0.4,0.30,30.0,正常,0
HZ003725,杭州,上城区,采荷小区,2026-08-04 19:00,0.106,7.8,0.35,28.2,正常,0
HZ003726,杭州,萧山区,湘湖家园,2026-08-04 09:00,0.061,4.8,0.33,30.7,正常,0
HZ003727,杭州,钱塘区,大学城北社区,2026-08-04 02:00,0.006,0.5,0.35,27.7,正常,0
HZ003728,杭州,临平区,乔司家园,2026-08-07 05:00,0.007,0.7,0.30,30.7,正常,0
HZ003729,杭州,西湖区,三墩新天地,2026-08-02 04:00,0.022,1.6,0.35,27.0,正常,0
HZ003730,杭州,滨江区,钱塘春晓,2026-08-04 11:00,0.087,5.5,0.55,30.9,异常,1
HZ003731,杭州,余杭区,仓前家园,2026-08-04 15:00,0.028,1.9,0.38,31.1,正常,0
HZ003732,杭州,拱墅区,半山家园,2026-08-06 21:00,0.013,1.2,0.31,31.0,正常,0
HZ003733,杭州,上城区,望江新园,2026-08-01 01:00,0.012,1.1,0.35,27.3,正常,0
HZ003734,杭州,萧山区,钱江世纪城社区,2026-08-07 19:00,0.080,5.3,0.30,29.9,正常,0
HZ003735,杭州,钱塘区,江东家园,2026-08-05 13:00,0.083,6.0,0.33,30.9,正常,0
HZ003736,杭州,临平区,乔司家园,2026-08-07 18:00,0.076,5.0,0.29,28.6,正常,0
HZ003737,杭州,西湖区,翠苑小区,2026-08-05 19:00,0.087,5.5,0.38,28.3,正常,0
HZ003738,杭州,滨江区,钱塘春晓,2026-08-06 10:00,0.045,4.3,0.37,27.9,正常,0
HZ003739,杭州,余杭区,闲林山水,2026-08-07 16:00,0.091,6.8,0.35,33.8,正常,0
HZ003740,杭州,拱墅区,运河新城社区,2026-08-04 03:00,0.031,2.2,0.36,29.4,正常,0
HZ003741,杭州,上城区,近江家园,2026-08-04 13:00,0.054,5.1,0.33,30.4,正常,0
HZ003742,杭州,萧山区,钱江世纪城社区,2026-08-07 16:00,0.066,5.4,0.38,32.4,正常,0
HZ003743,杭州,钱塘区,江东家园,2026-08-07 00:00,0.026,1.7,0.36,29.9,正常,0
HZ003744,杭州,临平区,星桥社区,2026-08-05 08:00,0.079,7.7,0.55,27.6,异常,1
HZ003745,杭州,西湖区,三墩新天地,2026-08-05 10:00,0.046,3.4,0.38,27.2,正常,0
HZ003746,杭州,滨江区,江南花园,2026-08-07 03:00,0.012,1.0,0.36,27.5,正常,0
HZ003747,杭州,余杭区,未来科技城社区,2026-08-06 19:00,0.150,9.4,0.32,28.8,正常,0
HZ003748,杭州,拱墅区,运河新城社区,2026-08-03 10:00,0.069,6.8,0.33,28.8,正常,0
HZ003749,杭州,上城区,近江家园,2026-08-07 00:00,0.023,1.5,0.38,30.2,正常,0
HZ003750,杭州,萧山区,宁围佳境,2026-08-03 07:00,0.122,8.3,0.39,27.7,正常,0
HZ003751,杭州,钱塘区,下沙社区,2026-08-04 16:00,0.444,23.6,0.39,31.3,异常,1
HZ003752,杭州,临平区,南苑小区,2026-08-02 05:00,0.017,1.4,0.32,28.1,正常,0
HZ003753,杭州,西湖区,转塘家园,2026-08-01 15:00,0.037,3.6,0.33,32.6,正常,0
HZ003754,杭州,滨江区,滨康小区,2026-08-01 00:00,0.013,1.0,0.37,28.2,正常,0
HZ003755,杭州,余杭区,闲林山水,2026-08-01 20:00,0.062,4.9,0.39,30.1,正常,0
HZ003756,杭州,拱墅区,半山家园,2026-08-06 17:00,0.052,3.9,0.33,30.2,正常,0
HZ003757,杭州,上城区,采荷小区,2026-08-03 12:00,0.088,5.7,0.35,30.5,正常,0
HZ003758,杭州,萧山区,湘湖家园,2026-08-06 23:00,0.023,2.3,0.17,27.3,异常,1
HZ003759,杭州,钱塘区,大学城北社区,2026-08-05 12:00,0.013,1.0,0.35,30.6,正常,0
HZ003760,杭州,临平区,星桥社区,2026-08-05 05:00,0.012,1.1,0.32,28.6,正常,0
HZ003761,杭州,西湖区,转塘家园,2026-08-07 18:00,0.043,2.8,0.36,27.5,正常,0
HZ003762,杭州,滨江区,白马湖社区,2026-08-07 06:00,0.130,9.2,0.28,30.2,正常,0
HZ003763,杭州,余杭区,未来科技城社区,2026-08-07 20:00,0.126,8.7,0.35,29.5,正常,0
HZ003764,杭州,拱墅区,运河新城社区,2026-08-04 00:00,0.033,2.2,0.28,27.4,正常,0
HZ003765,杭州,上城区,丁兰社区,2026-08-05 17:00,0.009,0.7,0.36,31.5,正常,0
HZ003766,杭州,萧山区,钱江世纪城社区,2026-08-06 01:00,0.005,0.4,0.30,28.9,正常,0
HZ003767,杭州,钱塘区,江东家园,2026-08-05 16:00,0.128,8.6,0.29,33.8,正常,0
HZ003768,杭州,临平区,塘栖人家,2026-08-05 08:00,0.053,4.2,0.33,28.8,正常,0
HZ003769,杭州,西湖区,翠苑小区,2026-08-03 13:00,0.055,4.7,0.38,31.5,正常,0
HZ003770,杭州,滨江区,白马湖社区,2026-08-04 04:00,0.011,0.7,0.29,30.5,正常,0
HZ003771,杭州,余杭区,未来科技城社区,2026-08-06 05:00,0.023,2.3,0.32,28.6,正常,0
HZ003772,杭州,拱墅区,湖墅家园,2026-08-04 16:00,0.040,3.3,0.30,32.6,正常,0
HZ003773,杭州,上城区,丁兰社区,2026-08-07 15:00,0.091,8.4,0.35,30.4,正常,0
HZ003774,杭州,萧山区,宁围佳境,2026-08-01 00:00,0.017,1.5,0.38,27.2,正常,0
HZ003775,杭州,钱塘区,大学城北社区,2026-08-02 13:00,0.154,10.0,0.30,33.5,正常,0
HZ003776,杭州,临平区,南苑小区,2026-08-02 14:00,0.015,1.0,0.32,30.7,正常,0
HZ003777,杭州,西湖区,翠苑小区,2026-08-01 17:00,0.107,9.5,0.30,31.0,正常,0
HZ003778,杭州,滨江区,钱塘春晓,2026-08-01 06:00,0.048,3.5,0.39,28.2,正常,0
HZ003779,杭州,余杭区,仓前家园,2026-08-06 11:00,0.069,4.5,0.34,32.1,正常,0
HZ003780,杭州,拱墅区,湖墅家园,2026-08-05 04:00,0.014,1.4,0.12,30.6,异常,1
HZ003781,杭州,上城区,望江新园,2026-08-04 05:00,0.006,0.6,0.36,30.2,正常,0
HZ003782,杭州,萧山区,钱江世纪城社区,2026-08-04 17:00,0.074,5.6,0.31,30.3,正常,0
HZ003783,杭州,钱塘区,大学城北社区,2026-08-06 09:00,0.065,4.5,0.30,28.6,正常,0
HZ003784,杭州,临平区,塘栖人家,2026-08-03 05:00,0.002,0.2,0.32,29.7,正常,0
HZ003785,杭州,西湖区,转塘家园,2026-08-05 16:00,0.033,3.0,0.28,30.2,正常,0
HZ003786,杭州,滨江区,滨康小区,2026-08-06 01:00,0.020,1.3,0.28,29.4,正常,0
HZ003787,杭州,余杭区,未来科技城社区,2026-08-01 20:00,0.037,3.5,0.38,28.9,正常,0
HZ003788,杭州,拱墅区,运河新城社区,2026-08-01 01:00,0.004,0.3,0.35,30.3,正常,0
HZ003789,杭州,上城区,采荷小区,2026-08-02 03:00,0.026,1.9,0.33,30.8,正常,0
HZ003790,杭州,萧山区,宁围佳境,2026-08-04 06:00,0.128,8.4,0.32,27.4,正常,0
HZ003791,杭州,钱塘区,江东家园,2026-08-02 00:00,0.023,2.1,0.28,31.0,正常,0
HZ003792,杭州,临平区,南苑小区,2026-08-04 12:00,0.015,1.0,0.36,31.4,正常,0
HZ003793,杭州,西湖区,转塘家园,2026-08-06 17:00,0.110,7.6,0.31,30.6,正常,0
HZ003794,杭州,滨江区,白马湖社区,2026-08-01 17:00,0.104,7.3,0.14,31.9,异常,1
HZ003795,杭州,余杭区,未来科技城社区,2026-08-07 11:00,0.122,8.4,0.32,30.5,正常,0
HZ003796,杭州,拱墅区,湖墅家园,2026-08-01 08:00,0.009,0.8,0.29,27.1,正常,0
HZ003797,杭州,上城区,丁兰社区,2026-08-05 03:00,0.176,12.2,0.29,28.1,异常,1
HZ003798,杭州,萧山区,湘湖家园,2026-08-04 03:00,0.004,0.4,0.39,29.6,正常,0
HZ003799,杭州,钱塘区,江东家园,2026-08-04 17:00,0.113,7.4,0.31,31.6,正常,0
HZ003800,杭州,临平区,南苑小区,2026-08-03 10:00,0.115,8.1,0.30,30.8,正常,0
HZ003801,杭州,西湖区,翠苑小区,2026-08-06 16:00,0.135,9.7,0.36,31.3,正常,0
HZ003802,杭州,滨江区,滨康小区,2026-08-04 18:00,0.054,3.6,0.37,27.2,正常,0
HZ003803,杭州,余杭区,未来科技城社区,2026-08-04 12:00,0.140,9.1,0.31,33.7,正常,0
HZ003804,杭州,拱墅区,半山家园,2026-08-02 14:00,0.017,1.3,0.39,33.0,正常,0
HZ003805,杭州,上城区,丁兰社区,2026-08-07 16:00,0.066,5.6,0.30,30.0,正常,0
HZ003806,杭州,萧山区,湘湖家园,2026-08-06 11:00,0.101,7.4,0.34,33.2,正常,0
HZ003807,杭州,钱塘区,河庄新苑,2026-08-06 08:00,0.025,2.5,0.33,29.8,正常,0
HZ003808,杭州,临平区,南苑小区,2026-08-01 15:00,0.033,2.1,0.31,31.2,正常,0
HZ003809,杭州,西湖区,翠苑小区,2026-08-02 06:00,0.053,4.2,0.30,30.7,正常,0
HZ003810,杭州,滨江区,钱塘春晓,2026-08-07 20:00,0.115,9.7,0.34,29.3,正常,0
HZ003811,杭州,余杭区,仓前家园,2026-08-07 02:00,0.007,0.6,0.33,29.9,正常,0
HZ003812,杭州,拱墅区,半山家园,2026-08-07 08:00,0.040,3.0,0.37,29.8,正常,0
HZ003813,杭州,上城区,近江家园,2026-08-07 16:00,0.051,4.8,0.32,33.9,正常,0
HZ003814,杭州,萧山区,北干社区,2026-08-03 23:00,0.075,5.8,0.34,29.6,正常,0
HZ003815,杭州,钱塘区,江东家园,2026-08-04 04:00,0.026,2.0,0.31,28.7,正常,0
HZ003816,杭州,临平区,乔司家园,2026-08-03 03:00,0.010,0.8,0.31,27.3,正常,0
HZ003817,杭州,西湖区,翠苑小区,2026-08-05 11:00,0.043,2.8,0.35,31.2,正常,0
HZ003818,杭州,滨江区,江南花园,2026-08-03 02:00,0.014,1.1,0.37,27.4,正常,0
HZ003819,杭州,余杭区,闲林山水,2026-08-07 04:00,0.001,0.1,0.31,29.6,正常,0
HZ003820,杭州,拱墅区,湖墅家园,2026-08-07 07:00,0.013,1.2,0.31,28.4,正常,0
HZ003821,杭州,上城区,丁兰社区,2026-08-07 18:00,0.133,8.9,0.31,28.9,正常,0
HZ003822,杭州,萧山区,宁围佳境,2026-08-04 22:00,0.153,9.7,0.31,29.4,正常,0
HZ003823,杭州,钱塘区,河庄新苑,2026-08-01 03:00,0.013,1.0,0.31,28.2,正常,0
HZ003824,杭州,临平区,乔司家园,2026-08-02 21:00,0.022,1.5,0.33,28.8,正常,0
HZ003825,杭州,西湖区,转塘家园,2026-08-04 18:00,0.082,7.7,0.37,28.9,正常,0
HZ003826,杭州,滨江区,白马湖社区,2026-08-04 00:00,0.017,1.6,0.38,30.0,正常,0
HZ003827,杭州,余杭区,仓前家园,2026-08-01 05:00,0.024,2.2,0.28,28.6,正常,0
HZ003828,杭州,拱墅区,湖墅家园,2026-08-04 01:00,0.014,1.3,0.38,27.7,正常,0
HZ003829,杭州,上城区,近江家园,2026-08-04 01:00,0.006,0.6,0.36,30.7,正常,0
HZ003830,杭州,萧山区,北干社区,2026-08-03 22:00,0.040,3.5,0.37,30.4,正常,0
HZ003831,杭州,钱塘区,河庄新苑,2026-08-02 15:00,0.295,14.9,0.35,33.8,异常,1
HZ003832,杭州,临平区,星桥社区,2026-08-06 16:00,0.127,8.9,0.29,33.5,正常,0
HZ003833,杭州,西湖区,翠苑小区,2026-08-05 20:00,0.052,4.3,0.32,30.8,正常,0
HZ003834,杭州,滨江区,江南花园,2026-08-07 17:00,0.098,7.6,0.34,30.1,正常,0
HZ003835,杭州,余杭区,闲林山水,2026-08-03 02:00,0.017,1.1,0.35,29.3,正常,0
HZ003836,杭州,拱墅区,半山家园,2026-08-05 21:00,0.029,2.4,0.38,30.4,正常,0
HZ003837,杭州,上城区,近江家园,2026-08-05 12:00,0.121,9.6,0.35,31.9,正常,0
HZ003838,杭州,萧山区,钱江世纪城社区,2026-08-03 11:00,0.115,9.3,0.52,33.6,异常,1
HZ003839,杭州,钱塘区,大学城北社区,2026-08-04 11:00,0.069,5.8,0.31,30.2,正常,0
HZ003840,杭州,临平区,塘栖人家,2026-08-03 21:00,0.148,9.4,0.51,28.7,异常,1
HZ003841,杭州,西湖区,三墩新天地,2026-08-02 18:00,0.105,10.2,0.36,27.8,正常,0
HZ003842,杭州,滨江区,钱塘春晓,2026-08-04 07:00,0.013,1.1,0.35,27.1,正常,0
HZ003843,杭州,余杭区,良渚文化村,2026-08-03 12:00,0.090,7.3,0.30,33.8,正常,0
HZ003844,杭州,拱墅区,半山家园,2026-08-03 01:00,0.026,1.7,0.29,29.6,正常,0
HZ003845,杭州,上城区,采荷小区,2026-08-05 06:00,0.128,8.6,0.35,28.4,正常,0
HZ003846,杭州,萧山区,湘湖家园,2026-08-05 01:00,0.006,0.5,0.33,28.5,正常,0
HZ003847,杭州,钱塘区,江东家园,2026-08-03 01:00,0.012,1.0,0.29,29.7,正常,0
HZ003848,杭州,临平区,星桥社区,2026-08-02 08:00,0.025,2.4,0.31,29.7,正常,0
HZ003849,杭州,西湖区,转塘家园,2026-08-06 10:00,0.077,6.7,0.35,30.9,正常,0
HZ003850,杭州,滨江区,滨康小区,2026-08-04 12:00,0.080,6.9,0.30,30.5,正常,0
HZ003851,杭州,余杭区,闲林山水,2026-08-01 03:00,0.016,1.2,0.34,27.3,正常,0
HZ003852,杭州,拱墅区,运河新城社区,2026-08-03 05:00,0.019,1.2,0.36,28.1,正常,0
HZ003853,杭州,上城区,丁兰社区,2026-08-03 07:00,0.044,3.7,0.35,27.1,正常,0
HZ003854,杭州,萧山区,宁围佳境,2026-08-02 09:00,0.132,8.6,0.36,30.7,正常,0
HZ003855,杭州,钱塘区,河庄新苑,2026-08-02 06:00,0.037,3.5,0.29,27.9,正常,0
HZ003856,杭州,临平区,南苑小区,2026-08-05 08:00,0.080,5.2,0.33,30.1,正常,0
HZ003857,杭州,西湖区,转塘家园,2026-08-01 23:00,0.148,9.4,0.38,27.9,正常,0
HZ003858,杭州,滨江区,钱塘春晓,2026-08-04 21:00,0.148,10.5,0.36,30.5,正常,0
HZ003859,杭州,余杭区,未来科技城社区,2026-08-02 06:00,0.064,4.6,0.34,27.6,正常,0
HZ003860,杭州,拱墅区,湖墅家园,2026-08-04 05:00,0.021,1.5,0.19,30.3,异常,1
HZ003861,杭州,上城区,近江家园,2026-08-02 13:00,0.109,9.5,0.31,33.3,正常,0
HZ003862,杭州,萧山区,北干社区,2026-08-06 06:00,0.031,2.9,0.29,29.9,正常,0
HZ003863,杭州,钱塘区,江东家园,2026-08-02 21:00,0.022,1.5,0.31,29.9,正常,0
HZ003864,杭州,临平区,乔司家园,2026-08-03 22:00,0.093,8.4,0.31,28.5,正常,0
HZ003865,杭州,西湖区,翠苑小区,2026-08-05 22:00,0.023,1.5,0.28,31.0,正常,0
HZ003866,杭州,滨江区,滨康小区,2026-08-02 22:00,0.114,7.2,0.13,27.0,异常,1
HZ003867,杭州,余杭区,闲林山水,2026-08-01 02:00,0.023,2.3,0.38,27.8,正常,0
HZ003868,杭州,拱墅区,半山家园,2026-08-03 18:00,0.067,4.7,0.35,29.6,正常,0
HZ003869,杭州,上城区,丁兰社区,2026-08-03 14:00,0.063,5.3,0.34,31.7,正常,0
HZ003870,杭州,萧山区,北干社区,2026-08-01 17:00,0.123,10.2,0.30,33.1,正常,0
HZ003871,杭州,钱塘区,河庄新苑,2026-08-05 19:00,0.022,2.2,0.28,30.9,正常,0
HZ003872,杭州,临平区,星桥社区,2026-08-06 08:00,0.056,5.5,0.38,30.5,正常,0
HZ003873,杭州,西湖区,文新社区,2026-08-05 06:00,0.033,2.2,0.28,29.8,正常,0
HZ003874,杭州,滨江区,钱塘春晓,2026-08-05 16:00,0.087,6.9,0.36,33.7,正常,0
HZ003875,杭州,余杭区,仓前家园,2026-08-02 06:00,0.052,3.6,0.31,31.0,正常,0
HZ003876,杭州,拱墅区,运河新城社区,2026-08-02 13:00,0.030,2.8,0.31,33.1,正常,0
HZ003877,杭州,上城区,丁兰社区,2026-08-05 13:00,0.016,1.0,0.29,33.9,正常,0
HZ003878,杭州,萧山区,宁围佳境,2026-08-02 19:00,0.084,7.3,0.35,28.1,正常,0
HZ003879,杭州,钱塘区,大学城北社区,2026-08-01 21:00,0.092,5.9,0.36,30.1,正常,0
HZ003880,杭州,临平区,塘栖人家,2026-08-03 12:00,0.136,10.2,0.37,31.7,正常,0
HZ003881,杭州,西湖区,文新社区,2026-08-07 22:00,0.009,0.8,0.34,31.0,正常,0
HZ003882,杭州,滨江区,滨康小区,2026-08-05 07:00,0.083,6.9,0.28,29.1,正常,0
HZ003883,杭州,余杭区,仓前家园,2026-08-07 20:00,0.017,1.3,0.38,29.7,正常,0
HZ003884,杭州,拱墅区,大关小区,2026-08-04 03:00,0.017,1.1,0.39,29.9,正常,0
HZ003885,杭州,上城区,近江家园,2026-08-03 01:00,0.022,1.9,0.32,28.7,正常,0
HZ003886,杭州,萧山区,钱江世纪城社区,2026-08-04 07:00,0.124,8.5,0.36,30.7,正常,0
HZ003887,杭州,钱塘区,大学城北社区,2026-08-03 06:00,0.105,9.5,0.34,27.3,正常,0
HZ003888,杭州,临平区,塘栖人家,2026-08-04 22:00,0.025,2.3,0.37,29.3,正常,0
HZ003889,杭州,西湖区,转塘家园,2026-08-05 20:00,0.160,10.5,0.31,29.5,正常,0
HZ003890,杭州,滨江区,钱塘春晓,2026-08-04 05:00,0.027,1.9,0.38,30.2,正常,0
HZ003891,杭州,余杭区,仓前家园,2026-08-06 04:00,0.033,2.1,0.35,27.0,正常,0
HZ003892,杭州,拱墅区,半山家园,2026-08-06 09:00,0.119,8.8,0.36,27.8,正常,0
HZ003893,杭州,上城区,望江新园,2026-08-05 23:00,0.090,6.5,0.35,30.2,正常,0
HZ003894,杭州,萧山区,宁围佳境,2026-08-01 08:00,0.033,2.7,0.36,27.0,正常,0
HZ003895,杭州,钱塘区,江东家园,2026-08-02 09:00,0.029,2.0,0.29,28.7,正常,0
HZ003896,杭州,临平区,星桥社区,2026-08-03 13:00,0.057,4.6,0.28,31.8,正常,0
HZ003897,杭州,西湖区,翠苑小区,2026-08-05 15:00,0.098,7.6,0.29,33.2,正常,0
HZ003898,杭州,滨江区,江南花园,2026-08-05 01:00,0.023,1.5,0.37,29.5,正常,0
HZ003899,杭州,余杭区,仓前家园,2026-08-01 04:00,0.015,1.3,0.33,27.2,正常,0
HZ003900,杭州,拱墅区,运河新城社区,2026-08-02 03:00,0.001,0.1,0.38,27.8,正常,0
HZ003901,杭州,上城区,望江新园,2026-08-05 19:00,0.106,7.0,0.37,28.8,正常,0
HZ003902,杭州,萧山区,钱江世纪城社区,2026-08-03 10:00,0.165,10.5,0.35,29.4,正常,0
HZ003903,杭州,钱塘区,河庄新苑,2026-08-04 07:00,0.126,10.4,0.39,29.9,正常,0
HZ003904,杭州,临平区,乔司家园,2026-08-07 03:00,0.020,2.0,0.30,30.2,正常,0
HZ003905,杭州,西湖区,三墩新天地,2026-08-03 04:00,0.011,0.8,0.34,29.1,正常,0
HZ003906,杭州,滨江区,白马湖社区,2026-08-06 04:00,0.009,0.7,0.31,29.0,正常,0
HZ003907,杭州,余杭区,未来科技城社区,2026-08-06 09:00,0.063,4.7,0.29,28.6,正常,0
HZ003908,杭州,拱墅区,湖墅家园,2026-08-04 18:00,0.071,5.1,0.39,29.5,正常,0
HZ003909,杭州,上城区,丁兰社区,2026-08-05 00:00,0.024,2.3,0.39,27.5,正常,0
HZ003910,杭州,萧山区,宁围佳境,2026-08-04 05:00,0.010,1.0,0.37,28.3,正常,0
HZ003911,杭州,钱塘区,下沙社区,2026-08-06 22:00,0.072,6.0,0.34,29.3,正常,0
HZ003912,杭州,临平区,星桥社区,2026-08-07 21:00,0.057,4.6,0.34,29.7,正常,0
HZ003913,杭州,西湖区,转塘家园,2026-08-06 01:00,0.004,0.3,0.31,30.4,正常,0
HZ003914,杭州,滨江区,滨康小区,2026-08-06 12:00,0.073,6.4,0.31,31.2,正常,0
HZ003915,杭州,余杭区,良渚文化村,2026-08-04 11:00,0.103,8.7,0.30,31.7,正常,0
HZ003916,杭州,拱墅区,半山家园,2026-08-04 01:00,0.008,0.7,0.36,27.5,正常,0
HZ003917,杭州,上城区,望江新园,2026-08-04 07:00,0.115,9.6,0.37,28.1,正常,0
HZ003918,杭州,萧山区,北干社区,2026-08-07 10:00,0.132,8.4,0.29,30.8,正常,0
HZ003919,杭州,钱塘区,大学城北社区,2026-08-02 10:00,0.074,6.5,0.29,28.6,正常,0
HZ003920,杭州,临平区,塘栖人家,2026-08-01 11:00,0.100,8.1,0.36,30.5,正常,0
HZ003921,杭州,西湖区,翠苑小区,2026-08-06 16:00,0.125,8.5,0.34,30.6,正常,0
HZ003922,杭州,滨江区,钱塘春晓,2026-08-03 12:00,0.116,9.2,0.34,33.8,正常,0
HZ003923,杭州,余杭区,闲林山水,2026-08-04 09:00,0.077,7.1,0.38,28.5,正常,0
HZ003924,杭州,拱墅区,半山家园,2026-08-06 02:00,0.010,0.9,0.29,29.3,正常,0
HZ003925,杭州,上城区,近江家园,2026-08-03 21:00,0.056,4.9,0.32,27.5,正常,0
HZ003926,杭州,萧山区,湘湖家园,2026-08-03 15:00,0.087,5.7,0.35,30.8,正常,0
HZ003927,杭州,钱塘区,大学城北社区,2026-08-06 11:00,0.025,2.0,0.30,32.1,正常,0
HZ003928,杭州,临平区,塘栖人家,2026-08-05 14:00,0.024,2.4,0.36,33.6,正常,0
HZ003929,杭州,西湖区,文新社区,2026-08-04 18:00,0.159,10.4,0.38,27.4,正常,0
HZ003930,杭州,滨江区,滨康小区,2026-08-04 19:00,0.013,1.0,0.32,27.1,正常,0
HZ003931,杭州,余杭区,未来科技城社区,2026-08-07 19:00,0.075,7.0,0.29,29.2,正常,0
HZ003932,杭州,拱墅区,大关小区,2026-08-03 01:00,0.006,0.4,0.37,30.9,正常,0
HZ003933,杭州,上城区,望江新园,2026-08-04 22:00,0.104,7.4,0.37,30.9,正常,0
HZ003934,杭州,萧山区,北干社区,2026-08-03 00:00,0.026,2.2,0.29,28.2,正常,0
HZ003935,杭州,钱塘区,下沙社区,2026-08-03 15:00,0.133,8.3,0.36,32.4,正常,0
HZ003936,杭州,临平区,星桥社区,2026-08-02 00:00,0.014,1.3,0.36,27.3,正常,0
HZ003937,杭州,西湖区,转塘家园,2026-08-01 10:00,0.106,7.6,0.38,27.3,正常,0
HZ003938,杭州,滨江区,白马湖社区,2026-08-05 01:00,0.010,1.0,0.34,29.5,正常,0
HZ003939,杭州,余杭区,仓前家园,2026-08-03 11:00,0.101,9.5,0.33,32.5,正常,0
HZ003940,杭州,拱墅区,运河新城社区,2026-08-05 22:00,0.084,7.5,0.29,30.8,正常,0
HZ003941,杭州,上城区,近江家园,2026-08-03 19:00,0.061,4.4,0.34,28.0,正常,0
HZ003942,杭州,萧山区,北干社区,2026-08-05 05:00,0.013,0.9,0.38,30.0,正常,0
HZ003943,杭州,钱塘区,大学城北社区,2026-08-04 11:00,0.030,2.8,0.32,32.1,正常,0
HZ003944,杭州,临平区,星桥社区,2026-08-04 03:00,0.006,0.5,0.31,30.2,正常,0
HZ003945,杭州,西湖区,翠苑小区,2026-08-07 19:00,0.115,7.9,0.35,27.9,正常,0
HZ003946,杭州,滨江区,钱塘春晓,2026-08-04 19:00,0.088,7.1,0.31,30.5,正常,0
HZ003947,杭州,余杭区,闲林山水,2026-08-03 07:00,0.048,3.4,0.39,29.5,正常,0
HZ003948,杭州,拱墅区,半山家园,2026-08-07 08:00,0.055,5.1,0.34,29.3,正常,0
HZ003949,杭州,上城区,采荷小区,2026-08-07 08:00,0.336,21.6,0.30,30.3,异常,1
HZ003950,杭州,萧山区,宁围佳境,2026-08-07 11:00,0.027,2.7,0.37,32.4,正常,0
HZ003951,杭州,钱塘区,大学城北社区,2026-08-01 15:00,0.015,1.0,0.30,33.0,正常,0
HZ003952,杭州,临平区,星桥社区,2026-08-06 22:00,0.009,0.9,0.38,28.8,正常,0
HZ003953,杭州,西湖区,翠苑小区,2026-08-03 13:00,0.020,1.5,0.35,30.2,正常,0
HZ003954,杭州,滨江区,钱塘春晓,2026-08-01 23:00,0.045,3.1,0.35,27.5,正常,0
HZ003955,杭州,余杭区,仓前家园,2026-08-06 00:00,0.006,0.5,0.33,30.8,正常,0
HZ003956,杭州,拱墅区,运河新城社区,2026-08-01 02:00,0.003,0.3,0.37,30.0,正常,0
HZ003957,杭州,上城区,近江家园,2026-08-04 02:00,0.014,1.2,0.32,30.2,正常,0
HZ003958,杭州,萧山区,湘湖家园,2026-08-04 13:00,0.100,8.6,0.38,30.9,正常,0
HZ003959,杭州,钱塘区,下沙社区,2026-08-06 11:00,0.066,4.4,0.36,30.3,正常,0
HZ003960,杭州,临平区,乔司家园,2026-08-03 01:00,0.020,1.2,0.34,28.7,正常,0
HZ003961,杭州,西湖区,文新社区,2026-08-06 13:00,0.039,2.8,0.30,33.6,正常,0
HZ003962,杭州,滨江区,江南花园,2026-08-06 23:00,0.055,4.1,0.33,29.7,正常,0
HZ003963,杭州,余杭区,良渚文化村,2026-08-01 02:00,0.001,0.1,0.30,29.4,正常,0
HZ003964,杭州,拱墅区,大关小区,2026-08-05 03:00,0.005,0.4,0.35,28.8,正常,0
HZ003965,杭州,上城区,采荷小区,2026-08-02 10:00,0.024,1.9,0.36,28.0,正常,0
HZ003966,杭州,萧山区,湘湖家园,2026-08-04 15:00,0.140,9.4,0.37,31.0,正常,0
HZ003967,杭州,钱塘区,下沙社区,2026-08-03 23:00,0.018,1.3,0.39,27.6,正常,0
HZ003968,杭州,临平区,南苑小区,2026-08-06 11:00,0.082,7.3,0.38,33.4,正常,0
HZ003969,杭州,西湖区,三墩新天地,2026-08-02 22:00,0.034,2.2,0.38,30.2,正常,0
HZ003970,杭州,滨江区,江南花园,2026-08-01 22:00,0.096,9.4,0.38,30.3,正常,0
HZ003971,杭州,余杭区,仓前家园,2026-08-01 21:00,0.101,8.4,0.35,27.3,正常,0
HZ003972,杭州,拱墅区,湖墅家园,2026-08-01 01:00,0.004,0.3,0.31,29.6,正常,0
HZ003973,杭州,上城区,丁兰社区,2026-08-04 17:00,0.113,7.4,0.35,32.3,正常,0
HZ003974,杭州,萧山区,湘湖家园,2026-08-07 16:00,0.042,3.9,0.30,30.0,正常,0
HZ003975,杭州,钱塘区,河庄新苑,2026-08-02 20:00,0.087,5.9,0.32,30.6,正常,0
HZ003976,杭州,临平区,塘栖人家,2026-08-04 12:00,0.018,1.1,0.37,33.2,正常,0
HZ003977,杭州,西湖区,翠苑小区,2026-08-05 08:00,0.129,9.2,0.39,27.2,正常,0
HZ003978,杭州,滨江区,滨康小区,2026-08-06 01:00,0.006,0.5,0.33,28.7,正常,0
HZ003979,杭州,余杭区,未来科技城社区,2026-08-07 14:00,0.015,1.4,0.33,33.2,正常,0
HZ003980,杭州,拱墅区,运河新城社区,2026-08-01 05:00,0.025,2.0,0.38,27.8,正常,0
HZ003981,杭州,上城区,望江新园,2026-08-04 15:00,0.116,8.1,0.31,31.9,正常,0
HZ003982,杭州,萧山区,北干社区,2026-08-01 19:00,0.031,2.6,0.29,28.9,正常,0
HZ003983,杭州,钱塘区,下沙社区,2026-08-02 21:00,0.150,10.3,0.38,28.1,正常,0
HZ003984,杭州,临平区,塘栖人家,2026-08-06 23:00,0.066,4.4,0.55,29.8,异常,1
HZ003985,杭州,西湖区,翠苑小区,2026-08-06 14:00,0.074,6.5,0.34,33.0,正常,0
HZ003986,杭州,滨江区,钱塘春晓,2026-08-01 03:00,0.003,0.2,0.30,28.7,正常,0
HZ003987,杭州,余杭区,闲林山水,2026-08-06 09:00,0.050,3.3,0.35,28.0,正常,0
HZ003988,杭州,拱墅区,湖墅家园,2026-08-03 21:00,0.036,3.0,0.52,28.5,异常,1
HZ003989,杭州,上城区,近江家园,2026-08-03 08:00,0.036,2.5,0.30,30.5,正常,0
HZ003990,杭州,萧山区,北干社区,2026-08-05 01:00,0.003,0.2,0.32,29.9,正常,0
HZ003991,杭州,钱塘区,江东家园,2026-08-07 07:00,0.134,9.8,0.39,30.6,正常,0
HZ003992,杭州,临平区,南苑小区,2026-08-04 12:00,0.015,1.5,0.37,30.9,正常,0
HZ003993,杭州,西湖区,文新社区,2026-08-07 07:00,0.053,3.4,0.34,29.9,正常,0
HZ003994,杭州,滨江区,江南花园,2026-08-02 13:00,0.048,4.2,0.34,31.5,正常,0
HZ003995,杭州,余杭区,仓前家园,2026-08-01 16:00,0.103,9.4,0.36,31.3,正常,0
HZ003996,杭州,拱墅区,半山家园,2026-08-01 15:00,0.082,7.9,0.54,32.9,异常,1
HZ003997,杭州,上城区,近江家园,2026-08-03 03:00,0.026,2.1,0.34,27.8,正常,0
HZ003998,杭州,萧山区,宁围佳境,2026-08-03 01:00,0.002,0.2,0.33,29.9,正常,0
HZ003999,杭州,钱塘区,江东家园,2026-08-01 23:00,0.046,2.9,0.39,30.6,正常,0
HZ004000,杭州,临平区,星桥社区,2026-08-06 19:00,0.030,2.0,0.38,27.9,正常,0
HZ004001,杭州,西湖区,翠苑小区,2026-08-05 12:00,0.148,10.1,0.37,31.2,正常,0
HZ004002,杭州,滨江区,滨康小区,2026-08-04 17:00,0.109,8.5,0.32,31.2,正常,0
HZ004003,杭州,余杭区,良渚文化村,2026-08-04 19:00,0.098,8.4,0.32,27.5,正常,0
HZ004004,杭州,拱墅区,湖墅家园,2026-08-01 08:00,0.102,6.7,0.36,28.9,正常,0
HZ004005,杭州,上城区,望江新园,2026-08-01 03:00,0.016,1.5,0.33,29.1,正常,0
HZ004006,杭州,萧山区,湘湖家园,2026-08-07 21:00,0.054,3.5,0.52,29.9,异常,1
HZ004007,杭州,钱塘区,河庄新苑,2026-08-02 19:00,0.048,3.7,0.36,27.5,正常,0
HZ004008,杭州,临平区,星桥社区,2026-08-01 10:00,0.040,2.8,0.36,28.3,正常,0
HZ004009,杭州,西湖区,三墩新天地,2026-08-06 23:00,0.160,10.1,0.37,29.2,正常,0
HZ004010,杭州,滨江区,滨康小区,2026-08-05 11:00,0.082,7.1,0.14,31.8,异常,1
HZ004011,杭州,余杭区,闲林山水,2026-08-02 03:00,0.019,1.2,0.38,30.4,正常,0
HZ004012,杭州,拱墅区,大关小区,2026-08-06 01:00,0.009,0.8,0.47,27.4,异常,1
HZ004013,杭州,上城区,望江新园,2026-08-04 20:00,0.091,6.6,0.32,29.6,正常,0
HZ004014,杭州,萧山区,宁围佳境,2026-08-07 21:00,0.106,8.3,0.29,30.7,正常,0
HZ004015,杭州,钱塘区,大学城北社区,2026-08-07 07:00,0.087,6.6,0.28,30.7,正常,0
HZ004016,杭州,临平区,星桥社区,2026-08-04 10:00,0.092,9.2,0.30,28.7,正常,0
HZ004017,杭州,西湖区,三墩新天地,2026-08-03 06:00,0.105,7.5,0.35,28.3,正常,0
HZ004018,杭州,滨江区,滨康小区,2026-08-04 16:00,0.041,2.6,0.31,30.7,正常,0
HZ004019,杭州,余杭区,良渚文化村,2026-08-03 07:00,0.099,7.8,0.28,27.9,正常,0
HZ004020,杭州,拱墅区,半山家园,2026-08-03 13:00,0.139,8.9,0.31,30.5,正常,0
HZ004021,杭州,上城区,近江家园,2026-08-06 20:00,0.016,1.2,0.31,29.5,正常,0
HZ004022,杭州,萧山区,北干社区,2026-08-05 07:00,0.097,9.1,0.35,27.8,正常,0
HZ004023,杭州,钱塘区,河庄新苑,2026-08-06 21:00,0.108,7.5,0.32,27.5,正常,0
HZ004024,杭州,临平区,塘栖人家,2026-08-07 12:00,0.028,2.5,0.29,33.7,正常,0
HZ004025,杭州,西湖区,翠苑小区,2026-08-03 21:00,0.066,4.7,0.33,27.5,正常,0
HZ004026,杭州,滨江区,江南花园,2026-08-01 21:00,0.093,8.7,0.37,28.7,正常,0
HZ004027,杭州,余杭区,闲林山水,2026-08-01 20:00,0.102,7.0,0.29,29.9,正常,0
HZ004028,杭州,拱墅区,大关小区,2026-08-04 00:00,0.002,0.2,0.16,29.4,异常,1
HZ004029,杭州,上城区,采荷小区,2026-08-05 12:00,0.091,5.8,0.34,30.0,正常,0
HZ004030,杭州,萧山区,北干社区,2026-08-02 22:00,0.101,7.0,0.35,27.0,正常,0
HZ004031,杭州,钱塘区,下沙社区,2026-08-07 13:00,0.146,9.3,0.29,33.9,正常,0
HZ004032,杭州,临平区,南苑小区,2026-08-01 15:00,0.067,6.1,0.39,32.1,正常,0
HZ004033,杭州,西湖区,文新社区,2026-08-02 08:00,0.069,6.2,0.37,29.2,正常,0
HZ004034,杭州,滨江区,江南花园,2026-08-05 09:00,0.124,8.4,0.38,29.4,正常,0
HZ004035,杭州,余杭区,闲林山水,2026-08-03 04:00,0.022,1.6,0.37,30.7,正常,0
HZ004036,杭州,拱墅区,大关小区,2026-08-01 13:00,0.104,8.0,0.35,33.0,正常,0
HZ004037,杭州,上城区,近江家园,2026-08-04 14:00,0.059,4.4,0.37,30.9,正常,0
HZ004038,杭州,萧山区,湘湖家园,2026-08-04 04:00,0.014,1.0,0.31,29.0,正常,0
HZ004039,杭州,钱塘区,下沙社区,2026-08-04 12:00,0.061,5.5,0.34,32.6,正常,0
HZ004040,杭州,临平区,塘栖人家,2026-08-05 20:00,0.062,4.8,0.31,28.0,正常,0
HZ004041,杭州,西湖区,三墩新天地,2026-08-05 17:00,0.044,3.1,0.32,30.7,正常,0
HZ004042,杭州,滨江区,江南花园,2026-08-07 21:00,0.108,7.0,0.33,30.8,正常,0
HZ004043,杭州,余杭区,良渚文化村,2026-08-03 07:00,0.030,2.8,0.38,27.5,正常,0
HZ004044,杭州,拱墅区,大关小区,2026-08-01 03:00,0.008,0.5,0.31,30.9,正常,0
HZ004045,杭州,上城区,望江新园,2026-08-02 13:00,0.019,1.9,0.33,30.3,正常,0
HZ004046,杭州,萧山区,湘湖家园,2026-08-01 12:00,0.102,6.9,0.38,30.8,正常,0
HZ004047,杭州,钱塘区,下沙社区,2026-08-01 00:00,0.016,1.3,0.30,30.3,正常,0
HZ004048,杭州,临平区,南苑小区,2026-08-01 08:00,0.103,6.9,0.28,30.0,正常,0
HZ004049,杭州,西湖区,转塘家园,2026-08-03 11:00,0.026,2.3,0.36,32.9,正常,0
HZ004050,杭州,滨江区,江南花园,2026-08-07 22:00,0.094,7.9,0.37,30.6,正常,0
HZ004051,杭州,余杭区,闲林山水,2026-08-06 16:00,0.105,6.6,0.33,31.3,正常,0
HZ004052,杭州,拱墅区,运河新城社区,2026-08-05 19:00,0.111,8.9,0.33,29.0,正常,0
HZ004053,杭州,上城区,望江新园,2026-08-05 18:00,0.064,6.2,0.33,27.8,正常,0
HZ004054,杭州,萧山区,北干社区,2026-08-02 18:00,0.039,3.5,0.31,28.9,正常,0
HZ004055,杭州,钱塘区,下沙社区,2026-08-04 01:00,0.013,1.1,0.32,28.8,正常,0
HZ004056,杭州,临平区,乔司家园,2026-08-07 11:00,0.013,1.1,0.36,31.6,正常,0
HZ004057,杭州,西湖区,文新社区,2026-08-04 23:00,0.082,7.2,0.36,28.5,正常,0
HZ004058,杭州,滨江区,白马湖社区,2026-08-04 11:00,0.042,3.0,0.38,32.2,正常,0
HZ004059,杭州,余杭区,良渚文化村,2026-08-06 12:00,0.047,4.4,0.36,33.8,正常,0
HZ004060,杭州,拱墅区,大关小区,2026-08-07 19:00,0.092,9.1,0.30,27.9,正常,0
HZ004061,杭州,上城区,丁兰社区,2026-08-07 21:00,0.056,5.2,0.36,28.3,正常,0
HZ004062,杭州,萧山区,宁围佳境,2026-08-04 08:00,0.077,7.3,0.35,29.9,正常,0
HZ004063,杭州,钱塘区,河庄新苑,2026-08-03 22:00,0.012,1.0,0.39,30.0,正常,0
HZ004064,杭州,临平区,星桥社区,2026-08-04 15:00,0.051,4.9,0.34,32.2,正常,0
HZ004065,杭州,西湖区,翠苑小区,2026-08-07 18:00,0.055,3.6,0.36,30.9,正常,0
HZ004066,杭州,滨江区,江南花园,2026-08-01 09:00,0.019,1.2,0.29,30.7,正常,0
HZ004067,杭州,余杭区,闲林山水,2026-08-04 11:00,0.046,3.0,0.30,33.0,正常,0
HZ004068,杭州,拱墅区,运河新城社区,2026-08-01 05:00,0.011,0.8,0.36,28.1,正常,0
HZ004069,杭州,上城区,近江家园,2026-08-05 06:00,0.122,10.3,0.31,29.0,正常,0
HZ004070,杭州,萧山区,宁围佳境,2026-08-03 02:00,0.008,0.8,0.38,28.0,正常,0
HZ004071,杭州,钱塘区,大学城北社区,2026-08-03 11:00,0.121,9.9,0.32,31.3,正常,0
HZ004072,杭州,临平区,南苑小区,2026-08-01 20:00,0.060,4.5,0.31,27.3,正常,0
HZ004073,杭州,西湖区,三墩新天地,2026-08-05 13:00,0.036,2.4,0.34,31.0,正常,0
HZ004074,杭州,滨江区,钱塘春晓,2026-08-05 09:00,0.125,8.5,0.36,29.8,正常,0
HZ004075,杭州,余杭区,良渚文化村,2026-08-04 22:00,0.080,5.3,0.28,27.3,正常,0
HZ004076,杭州,拱墅区,运河新城社区,2026-08-07 17:00,0.030,2.1,0.34,33.3,正常,0
HZ004077,杭州,上城区,望江新园,2026-08-05 03:00,0.004,0.2,0.38,27.8,正常,0
HZ004078,杭州,萧山区,钱江世纪城社区,2026-08-01 00:00,0.024,2.2,0.32,30.5,正常,0
HZ004079,杭州,钱塘区,河庄新苑,2026-08-05 10:00,0.039,2.6,0.29,28.9,正常,0
HZ004080,杭州,临平区,塘栖人家,2026-08-06 15:00,0.052,3.7,0.28,31.1,正常,0
HZ004081,杭州,西湖区,转塘家园,2026-08-03 16:00,0.081,5.4,0.33,33.8,正常,0
HZ004082,杭州,滨江区,钱塘春晓,2026-08-02 16:00,0.087,7.8,0.38,33.8,正常,0
HZ004083,杭州,余杭区,闲林山水,2026-08-02 09:00,0.055,4.6,0.30,30.6,正常,0
HZ004084,杭州,拱墅区,运河新城社区,2026-08-04 12:00,0.106,9.4,0.31,32.6,正常,0
HZ004085,杭州,上城区,采荷小区,2026-08-05 23:00,0.009,0.9,0.36,28.9,正常,0
HZ004086,杭州,萧山区,北干社区,2026-08-03 03:00,0.008,0.6,0.38,29.2,正常,0
HZ004087,杭州,钱塘区,下沙社区,2026-08-06 18:00,0.080,6.0,0.39,28.0,正常,0
HZ004088,杭州,临平区,星桥社区,2026-08-01 22:00,0.036,3.0,0.32,28.5,正常,0
HZ004089,杭州,西湖区,转塘家园,2026-08-06 10:00,0.102,9.3,0.39,27.4,正常,0
HZ004090,杭州,滨江区,江南花园,2026-08-06 02:00,0.018,1.5,0.30,30.0,正常,0
HZ004091,杭州,余杭区,良渚文化村,2026-08-03 13:00,0.102,8.6,0.32,30.7,正常,0
HZ004092,杭州,拱墅区,湖墅家园,2026-08-05 21:00,0.107,8.9,0.37,30.4,正常,0
HZ004093,杭州,上城区,近江家园,2026-08-05 21:00,0.118,7.8,0.39,28.3,正常,0
HZ004094,杭州,萧山区,宁围佳境,2026-08-01 07:00,0.030,1.9,0.34,27.6,正常,0
HZ004095,杭州,钱塘区,大学城北社区,2026-08-07 00:00,0.022,2.2,0.29,30.0,正常,0
HZ004096,杭州,临平区,塘栖人家,2026-08-06 19:00,0.151,9.8,0.29,28.1,正常,0
HZ004097,杭州,西湖区,转塘家园,2026-08-04 05:00,0.032,2.2,0.30,27.4,正常,0
HZ004098,杭州,滨江区,白马湖社区,2026-08-03 11:00,0.101,8.9,0.37,33.8,正常,0
HZ004099,杭州,余杭区,闲林山水,2026-08-01 01:00,0.015,0.9,0.38,30.7,正常,0
HZ004100,杭州,拱墅区,半山家园,2026-08-05 07:00,0.132,9.7,0.39,29.2,正常,0
HZ004101,杭州,上城区,望江新园,2026-08-03 20:00,0.036,3.3,0.33,29.6,正常,0
HZ004102,杭州,萧山区,湘湖家园,2026-08-07 01:00,0.012,0.8,0.36,27.5,正常,0
HZ004103,杭州,钱塘区,大学城北社区,2026-08-02 11:00,0.120,9.4,0.35,31.0,正常,0
HZ004104,杭州,临平区,乔司家园,2026-08-04 06:00,0.081,7.3,0.35,28.1,正常,0
HZ004105,杭州,西湖区,转塘家园,2026-08-03 03:00,0.020,1.5,0.30,30.9,正常,0
HZ004106,杭州,滨江区,白马湖社区,2026-08-04 21:00,0.019,1.6,0.34,30.0,正常,0
HZ004107,杭州,余杭区,仓前家园,2026-08-02 06:00,0.029,2.3,0.37,28.8,正常,0
HZ004108,杭州,拱墅区,湖墅家园,2026-08-01 04:00,0.016,1.3,0.36,29.6,正常,0
HZ004109,杭州,上城区,采荷小区,2026-08-07 23:00,0.038,3.8,0.29,29.6,正常,0
HZ004110,杭州,萧山区,湘湖家园,2026-08-07 06:00,0.071,6.7,0.29,27.7,正常,0
HZ004111,杭州,钱塘区,大学城北社区,2026-08-01 14:00,0.015,1.3,0.37,31.5,正常,0
HZ004112,杭州,临平区,塘栖人家,2026-08-02 04:00,0.008,0.8,0.30,29.8,正常,0
HZ004113,杭州,西湖区,翠苑小区,2026-08-05 00:00,0.020,1.5,0.31,29.3,正常,0
HZ004114,杭州,滨江区,滨康小区,2026-08-05 03:00,0.016,1.3,0.34,29.0,正常,0
HZ004115,杭州,余杭区,闲林山水,2026-08-03 00:00,0.027,2.3,0.34,29.2,正常,0
HZ004116,杭州,拱墅区,大关小区,2026-08-01 09:00,0.104,7.6,0.36,28.5,正常,0
HZ004117,杭州,上城区,丁兰社区,2026-08-01 23:00,0.069,5.9,0.36,30.5,正常,0
HZ004118,杭州,萧山区,湘湖家园,2026-08-04 04:00,0.013,1.2,0.34,30.8,正常,0
HZ004119,杭州,钱塘区,下沙社区,2026-08-05 07:00,0.062,5.9,0.37,28.4,正常,0
HZ004120,杭州,临平区,塘栖人家,2026-08-02 21:00,0.028,1.8,0.32,29.7,正常,0
HZ004121,杭州,西湖区,翠苑小区,2026-08-01 21:00,0.099,9.7,0.38,29.8,正常,0
HZ004122,杭州,滨江区,江南花园,2026-08-02 19:00,0.069,6.9,0.32,28.4,正常,0
HZ004123,杭州,余杭区,良渚文化村,2026-08-02 16:00,0.125,8.4,0.30,32.6,正常,0
HZ004124,杭州,拱墅区,湖墅家园,2026-08-07 13:00,0.110,7.9,0.37,30.2,正常,0
HZ004125,杭州,上城区,望江新园,2026-08-02 07:00,0.009,0.9,0.36,28.6,正常,0
HZ004126,杭州,萧山区,湘湖家园,2026-08-06 02:00,0.010,0.7,0.39,29.9,正常,0
HZ004127,杭州,钱塘区,下沙社区,2026-08-01 09:00,0.063,4.3,0.38,27.4,正常,0
HZ004128,杭州,临平区,乔司家园,2026-08-01 05:00,0.027,1.8,0.38,29.6,正常,0
HZ004129,杭州,西湖区,翠苑小区,2026-08-05 06:00,0.026,2.1,0.35,28.4,正常,0
HZ004130,杭州,滨江区,滨康小区,2026-08-04 20:00,0.017,1.5,0.37,30.5,正常,0
HZ004131,杭州,余杭区,良渚文化村,2026-08-05 15:00,0.059,3.8,0.28,30.0,正常,0
HZ004132,杭州,拱墅区,运河新城社区,2026-08-05 10:00,0.066,4.3,0.31,30.2,正常,0
HZ004133,杭州,上城区,望江新园,2026-08-03 13:00,0.104,8.5,0.39,30.8,正常,0
HZ004134,杭州,萧山区,北干社区,2026-08-04 04:00,0.004,0.3,0.32,27.4,正常,0
HZ004135,杭州,钱塘区,河庄新苑,2026-08-07 12:00,0.153,10.3,0.30,32.3,正常,0
HZ004136,杭州,临平区,星桥社区,2026-08-03 05:00,0.010,0.8,0.32,28.3,正常,0
HZ004137,杭州,西湖区,转塘家园,2026-08-05 10:00,0.010,0.9,0.39,30.5,正常,0
HZ004138,杭州,滨江区,江南花园,2026-08-03 14:00,0.105,8.3,0.31,33.4,正常,0
HZ004139,杭州,余杭区,闲林山水,2026-08-01 10:00,0.048,3.9,0.36,30.9,正常,0
HZ004140,杭州,拱墅区,湖墅家园,2026-08-04 23:00,0.075,7.0,0.33,27.8,正常,0
HZ004141,杭州,上城区,近江家园,2026-08-07 19:00,0.027,2.4,0.36,27.2,正常,0
HZ004142,杭州,萧山区,钱江世纪城社区,2026-08-05 08:00,0.071,6.9,0.34,29.7,正常,0
HZ004143,杭州,钱塘区,江东家园,2026-08-02 22:00,0.090,6.5,0.33,30.1,正常,0
HZ004144,杭州,临平区,塘栖人家,2026-08-02 22:00,0.008,0.8,0.32,27.4,正常,0
HZ004145,杭州,西湖区,转塘家园,2026-08-07 20:00,0.108,9.0,0.31,27.6,正常,0
HZ004146,杭州,滨江区,江南花园,2026-08-02 10:00,0.082,8.2,0.38,30.7,正常,0
HZ004147,杭州,余杭区,仓前家园,2026-08-01 05:00,0.004,0.3,0.33,27.2,正常,0
HZ004148,杭州,拱墅区,大关小区,2026-08-03 01:00,0.030,2.0,0.30,31.0,正常,0
HZ004149,杭州,上城区,丁兰社区,2026-08-04 21:00,0.048,3.2,0.38,30.9,正常,0
HZ004150,杭州,萧山区,湘湖家园,2026-08-01 22:00,0.040,2.8,0.33,30.1,正常,0
HZ004151,杭州,钱塘区,江东家园,2026-08-06 13:00,0.093,7.3,0.32,30.1,正常,0
HZ004152,杭州,临平区,塘栖人家,2026-08-01 06:00,0.052,4.1,0.35,30.7,正常,0
HZ004153,杭州,西湖区,转塘家园,2026-08-06 05:00,0.022,2.0,0.38,30.4,正常,0
HZ004154,杭州,滨江区,白马湖社区,2026-08-06 17:00,0.029,2.0,0.32,30.9,正常,0
HZ004155,杭州,余杭区,未来科技城社区,2026-08-03 22:00,0.130,10.0,0.33,27.7,正常,0
HZ004156,杭州,拱墅区,湖墅家园,2026-08-02 07:00,0.052,4.4,0.30,29.9,正常,0
HZ004157,杭州,上城区,望江新园,2026-08-01 15:00,0.054,3.9,0.32,31.2,正常,0
HZ004158,杭州,萧山区,宁围佳境,2026-08-04 17:00,0.098,7.6,0.46,30.4,异常,1
HZ004159,杭州,钱塘区,江东家园,2026-08-06 03:00,0.007,0.6,0.37,28.6,正常,0
HZ004160,杭州,临平区,塘栖人家,2026-08-01 22:00,0.063,4.1,0.30,29.4,正常,0
HZ004161,杭州,西湖区,转塘家园,2026-08-05 22:00,0.120,9.3,0.38,30.7,正常,0
HZ004162,杭州,滨江区,钱塘春晓,2026-08-01 19:00,0.114,10.3,0.35,29.2,正常,0
HZ004163,杭州,余杭区,良渚文化村,2026-08-02 19:00,0.159,10.2,0.29,27.5,正常,0
HZ004164,杭州,拱墅区,半山家园,2026-08-06 03:00,0.010,0.8,0.31,27.8,正常,0
HZ004165,杭州,上城区,近江家园,2026-08-06 04:00,0.025,1.6,0.33,29.6,正常,0
HZ004166,杭州,萧山区,湘湖家园,2026-08-04 05:00,0.012,1.0,0.32,29.5,正常,0
HZ004167,杭州,钱塘区,下沙社区,2026-08-01 23:00,0.022,1.5,0.30,29.0,正常,0
HZ004168,杭州,临平区,南苑小区,2026-08-02 04:00,0.020,1.9,0.30,30.5,正常,0
HZ004169,杭州,西湖区,翠苑小区,2026-08-07 13:00,0.017,1.2,0.30,33.7,正常,0
HZ004170,杭州,滨江区,滨康小区,2026-08-02 05:00,0.014,1.4,0.28,28.4,正常,0
HZ004171,杭州,余杭区,未来科技城社区,2026-08-06 04:00,0.020,1.5,0.30,27.8,正常,0
HZ004172,杭州,拱墅区,半山家园,2026-08-04 19:00,0.057,4.3,0.33,28.2,正常,0
HZ004173,杭州,上城区,采荷小区,2026-08-06 18:00,0.023,2.1,0.30,28.3,正常,0
HZ004174,杭州,萧山区,北干社区,2026-08-04 23:00,0.016,1.4,0.34,28.5,正常,0
HZ004175,杭州,钱塘区,江东家园,2026-08-01 15:00,0.050,4.7,0.30,32.1,正常,0
HZ004176,杭州,临平区,星桥社区,2026-08-03 15:00,0.128,8.7,0.33,33.6,正常,0
HZ004177,杭州,西湖区,三墩新天地,2026-08-07 19:00,0.131,9.7,0.33,29.0,正常,0
HZ004178,杭州,滨江区,江南花园,2026-08-01 00:00,0.019,1.3,0.38,29.5,正常,0
HZ004179,杭州,余杭区,仓前家园,2026-08-03 15:00,0.121,9.8,0.36,31.5,正常,0
HZ004180,杭州,拱墅区,湖墅家园,2026-08-04 12:00,0.030,2.8,0.30,33.2,正常,0
HZ004181,杭州,上城区,丁兰社区,2026-08-05 23:00,0.107,7.5,0.35,27.2,正常,0
HZ004182,杭州,萧山区,宁围佳境,2026-08-06 16:00,0.131,10.4,0.35,32.4,正常,0
HZ004183,杭州,钱塘区,江东家园,2026-08-04 03:00,0.009,0.6,0.32,28.6,正常,0
HZ004184,杭州,临平区,塘栖人家,2026-08-04 17:00,0.104,10.3,0.28,30.0,正常,0
HZ004185,杭州,西湖区,翠苑小区,2026-08-07 16:00,0.084,6.6,0.32,31.5,正常,0
HZ004186,杭州,滨江区,江南花园,2026-08-06 16:00,0.062,4.6,0.30,30.7,正常,0
HZ004187,杭州,余杭区,未来科技城社区,2026-08-03 19:00,0.070,4.6,0.36,27.7,正常,0
HZ004188,杭州,拱墅区,半山家园,2026-08-07 11:00,0.045,4.4,0.31,31.3,正常,0
HZ004189,杭州,上城区,望江新园,2026-08-01 09:00,0.143,9.1,0.30,29.8,正常,0
HZ004190,杭州,萧山区,北干社区,2026-08-03 16:00,0.070,6.2,0.29,30.5,正常,0
HZ004191,杭州,钱塘区,江东家园,2026-08-02 16:00,0.014,1.1,0.28,31.8,正常,0
HZ004192,杭州,临平区,塘栖人家,2026-08-04 20:00,0.047,3.8,0.34,30.4,正常,0
HZ004193,杭州,西湖区,转塘家园,2026-08-06 04:00,0.024,1.8,0.37,27.1,正常,0
HZ004194,杭州,滨江区,钱塘春晓,2026-08-01 16:00,0.047,3.5,0.38,33.9,正常,0
HZ004195,杭州,余杭区,闲林山水,2026-08-04 20:00,0.074,5.1,0.31,28.6,正常,0
HZ004196,杭州,拱墅区,半山家园,2026-08-07 02:00,0.013,1.1,0.37,30.5,正常,0
HZ004197,杭州,上城区,望江新园,2026-08-01 14:00,0.106,7.5,0.39,31.0,正常,0
HZ004198,杭州,萧山区,湘湖家园,2026-08-07 07:00,0.133,10.2,0.15,29.5,异常,1
HZ004199,杭州,钱塘区,大学城北社区,2026-08-03 05:00,0.019,1.8,0.30,29.7,正常,0
HZ004200,杭州,临平区,南苑小区,2026-08-03 02:00,0.011,0.8,0.36,29.3,正常,0
HZ004201,杭州,西湖区,三墩新天地,2026-08-05 09:00,0.083,7.0,0.35,30.5,正常,0
HZ004202,杭州,滨江区,滨康小区,2026-08-05 07:00,0.053,4.2,0.32,29.9,正常,0
HZ004203,杭州,余杭区,良渚文化村,2026-08-03 15:00,0.125,8.4,0.38,31.3,正常,0
HZ004204,杭州,拱墅区,运河新城社区,2026-08-07 15:00,0.112,7.0,0.47,30.9,异常,1
HZ004205,杭州,上城区,望江新园,2026-08-03 10:00,0.081,6.1,0.35,29.9,正常,0
HZ004206,杭州,萧山区,北干社区,2026-08-06 16:00,0.065,6.2,0.32,30.4,正常,0
HZ004207,杭州,钱塘区,大学城北社区,2026-08-04 22:00,0.038,2.7,0.37,28.3,正常,0
HZ004208,杭州,临平区,塘栖人家,2026-08-07 07:00,0.119,8.2,0.35,30.8,正常,0
HZ004209,杭州,西湖区,文新社区,2026-08-01 17:00,0.148,9.8,0.29,33.7,正常,0
HZ004210,杭州,滨江区,钱塘春晓,2026-08-04 16:00,0.121,8.5,0.30,33.2,正常,0
HZ004211,杭州,余杭区,良渚文化村,2026-08-06 02:00,0.009,0.8,0.34,29.6,正常,0
HZ004212,杭州,拱墅区,大关小区,2026-08-07 16:00,0.041,2.7,0.37,30.8,正常,0
HZ004213,杭州,上城区,望江新园,2026-08-01 18:00,0.048,3.9,0.36,28.9,正常,0
HZ004214,杭州,萧山区,北干社区,2026-08-04 07:00,0.069,6.5,0.33,28.8,正常,0
HZ004215,杭州,钱塘区,下沙社区,2026-08-04 21:00,0.142,9.1,0.35,27.3,正常,0
HZ004216,杭州,临平区,南苑小区,2026-08-04 14:00,0.119,9.8,0.38,32.8,正常,0
HZ004217,杭州,西湖区,三墩新天地,2026-08-02 02:00,0.012,0.9,0.29,29.9,正常,0
HZ004218,杭州,滨江区,白马湖社区,2026-08-07 22:00,0.106,7.0,0.36,30.8,正常,0
HZ004219,杭州,余杭区,仓前家园,2026-08-07 06:00,0.069,5.7,0.39,28.6,正常,0
HZ004220,杭州,拱墅区,半山家园,2026-08-01 07:00,0.023,1.5,0.30,29.2,正常,0
HZ004221,杭州,上城区,近江家园,2026-08-06 07:00,0.086,7.4,0.32,28.1,正常,0
HZ004222,杭州,萧山区,北干社区,2026-08-06 16:00,0.112,7.3,0.34,33.6,正常,0
HZ004223,杭州,钱塘区,大学城北社区,2026-08-07 14:00,0.108,7.0,0.37,33.7,正常,0
HZ004224,杭州,临平区,塘栖人家,2026-08-01 08:00,0.011,0.7,0.34,29.2,正常,0
HZ004225,杭州,西湖区,三墩新天地,2026-08-05 10:00,0.118,8.2,0.29,30.9,正常,0
HZ004226,杭州,滨江区,滨康小区,2026-08-04 15:00,0.086,6.1,0.32,33.5,正常,0
HZ004227,杭州,余杭区,良渚文化村,2026-08-01 01:00,0.020,1.8,0.28,28.1,正常,0
HZ004228,杭州,拱墅区,大关小区,2026-08-05 05:00,0.024,1.8,0.32,30.7,正常,0
HZ004229,杭州,上城区,丁兰社区,2026-08-03 07:00,0.352,21.2,0.31,27.8,异常,1
HZ004230,杭州,萧山区,宁围佳境,2026-08-04 15:00,0.069,5.9,0.28,31.7,正常,0
HZ004231,杭州,钱塘区,大学城北社区,2026-08-01 02:00,0.164,13.5,0.29,28.5,异常,1
HZ004232,杭州,临平区,星桥社区,2026-08-06 19:00,0.139,9.2,0.34,27.6,正常,0
HZ004233,杭州,西湖区,三墩新天地,2026-08-01 07:00,0.126,8.1,0.33,30.1,正常,0
HZ004234,杭州,滨江区,江南花园,2026-08-07 04:00,0.010,0.8,0.37,28.7,正常,0
HZ004235,杭州,余杭区,未来科技城社区,2026-08-07 15:00,0.050,4.2,0.35,30.6,正常,0
HZ004236,杭州,拱墅区,湖墅家园,2026-08-02 17:00,0.018,1.5,0.34,30.6,正常,0
HZ004237,杭州,上城区,近江家园,2026-08-05 07:00,0.054,4.8,0.29,28.4,正常,0
HZ004238,杭州,萧山区,北干社区,2026-08-06 03:00,0.013,1.1,0.36,30.7,正常,0
HZ004239,杭州,钱塘区,下沙社区,2026-08-04 14:00,0.288,17.1,0.30,30.7,异常,1
HZ004240,杭州,临平区,乔司家园,2026-08-07 16:00,0.037,3.4,0.35,31.7,正常,0
HZ004241,杭州,西湖区,翠苑小区,2026-08-03 23:00,0.031,2.8,0.37,30.1,正常,0
HZ004242,杭州,滨江区,钱塘春晓,2026-08-01 05:00,0.029,2.3,0.31,29.5,正常,0
HZ004243,杭州,余杭区,未来科技城社区,2026-08-03 14:00,0.136,10.5,0.30,33.3,正常,0
HZ004244,杭州,拱墅区,湖墅家园,2026-08-04 17:00,0.063,4.7,0.33,33.2,正常,0
HZ004245,杭州,上城区,丁兰社区,2026-08-02 06:00,0.021,1.4,0.29,31.0,正常,0
HZ004246,杭州,萧山区,宁围佳境,2026-08-07 18:00,0.116,7.9,0.29,29.0,正常,0
HZ004247,杭州,钱塘区,下沙社区,2026-08-02 02:00,0.013,1.0,0.39,30.9,正常,0
HZ004248,杭州,临平区,南苑小区,2026-08-05 10:00,0.026,1.8,0.31,28.5,正常,0
HZ004249,杭州,西湖区,文新社区,2026-08-05 14:00,0.095,7.7,0.30,30.1,正常,0
HZ004250,杭州,滨江区,江南花园,2026-08-05 03:00,0.030,2.1,0.38,29.0,正常,0
HZ004251,杭州,余杭区,闲林山水,2026-08-05 10:00,0.119,7.8,0.35,29.2,正常,0
HZ004252,杭州,拱墅区,湖墅家园,2026-08-04 01:00,0.017,1.4,0.38,29.6,正常,0
HZ004253,杭州,上城区,采荷小区,2026-08-07 13:00,0.041,3.1,0.32,32.1,正常,0
HZ004254,杭州,萧山区,北干社区,2026-08-07 08:00,0.049,3.9,0.28,28.3,正常,0
HZ004255,杭州,钱塘区,江东家园,2026-08-01 23:00,0.100,6.8,0.36,27.8,正常,0
HZ004256,杭州,临平区,塘栖人家,2026-08-06 10:00,0.053,3.6,0.46,29.5,异常,1
HZ004257,杭州,西湖区,三墩新天地,2026-08-06 15:00,0.139,9.0,0.36,33.0,正常,0
HZ004258,杭州,滨江区,白马湖社区,2026-08-07 01:00,0.023,1.7,0.29,30.4,正常,0
HZ004259,杭州,余杭区,闲林山水,2026-08-04 20:00,0.043,4.1,0.33,27.8,正常,0
HZ004260,杭州,拱墅区,湖墅家园,2026-08-02 08:00,0.111,8.8,0.38,28.2,正常,0
HZ004261,杭州,上城区,近江家园,2026-08-02 00:00,0.016,1.1,0.33,27.4,正常,0
HZ004262,杭州,萧山区,湘湖家园,2026-08-03 21:00,0.071,6.9,0.33,28.5,正常,0
HZ004263,杭州,钱塘区,大学城北社区,2026-08-04 01:00,0.021,1.4,0.33,27.7,正常,0
HZ004264,杭州,临平区,乔司家园,2026-08-06 14:00,0.020,1.9,0.36,33.1,正常,0
HZ004265,杭州,西湖区,三墩新天地,2026-08-04 16:00,0.095,6.5,0.29,32.2,正常,0
HZ004266,杭州,滨江区,白马湖社区,2026-08-01 13:00,0.074,6.2,0.31,33.3,正常,0
HZ004267,杭州,余杭区,良渚文化村,2026-08-04 17:00,0.033,3.2,0.29,30.8,正常,0
HZ004268,杭州,拱墅区,半山家园,2026-08-05 20:00,0.043,3.5,0.30,29.2,正常,0
HZ004269,杭州,上城区,近江家园,2026-08-07 03:00,0.023,2.0,0.36,30.2,正常,0
HZ004270,杭州,萧山区,宁围佳境,2026-08-04 03:00,0.013,1.0,0.32,29.5,正常,0
HZ004271,杭州,钱塘区,下沙社区,2026-08-07 21:00,0.027,2.4,0.30,27.8,正常,0
HZ004272,杭州,临平区,塘栖人家,2026-08-07 10:00,0.045,3.3,0.37,28.1,正常,0
HZ004273,杭州,西湖区,翠苑小区,2026-08-01 06:00,0.061,5.8,0.30,27.8,正常,0
HZ004274,杭州,滨江区,白马湖社区,2026-08-01 08:00,0.089,7.2,0.32,29.5,正常,0
HZ004275,杭州,余杭区,未来科技城社区,2026-08-02 15:00,0.029,2.5,0.37,33.0,正常,0
HZ004276,杭州,拱墅区,运河新城社区,2026-08-07 06:00,0.070,5.4,0.38,29.8,正常,0
HZ004277,杭州,上城区,采荷小区,2026-08-06 09:00,0.122,8.5,0.35,28.4,正常,0
HZ004278,杭州,萧山区,北干社区,2026-08-03 11:00,0.156,10.2,0.33,30.2,正常,0
HZ004279,杭州,钱塘区,大学城北社区,2026-08-03 04:00,0.007,0.5,0.33,29.1,正常,0
HZ004280,杭州,临平区,乔司家园,2026-08-03 23:00,0.111,9.1,0.31,27.7,正常,0
HZ004281,杭州,西湖区,翠苑小区,2026-08-07 00:00,0.034,2.2,0.34,29.9,正常,0
HZ004282,杭州,滨江区,钱塘春晓,2026-08-03 01:00,0.005,0.4,0.48,30.0,异常,1
HZ004283,杭州,余杭区,仓前家园,2026-08-05 13:00,0.072,5.0,0.32,31.0,正常,0
HZ004284,杭州,拱墅区,湖墅家园,2026-08-01 07:00,0.054,4.1,0.29,28.0,正常,0
HZ004285,杭州,上城区,采荷小区,2026-08-05 21:00,0.088,6.4,0.37,28.5,正常,0
HZ004286,杭州,萧山区,钱江世纪城社区,2026-08-06 23:00,0.078,6.7,0.35,28.0,正常,0
HZ004287,杭州,钱塘区,河庄新苑,2026-08-01 23:00,0.076,5.3,0.36,27.9,正常,0
HZ004288,杭州,临平区,星桥社区,2026-08-07 19:00,0.010,0.7,0.30,28.1,正常,0
HZ004289,杭州,西湖区,文新社区,2026-08-06 04:00,0.009,0.6,0.36,28.3,正常,0
HZ004290,杭州,滨江区,滨康小区,2026-08-05 21:00,0.115,9.6,0.38,29.9,正常,0
HZ004291,杭州,余杭区,良渚文化村,2026-08-07 15:00,0.123,9.8,0.31,33.6,正常,0
HZ004292,杭州,拱墅区,运河新城社区,2026-08-04 04:00,0.016,1.0,0.29,30.4,正常,0
HZ004293,杭州,上城区,丁兰社区,2026-08-01 23:00,0.128,8.3,0.32,28.2,正常,0
HZ004294,杭州,萧山区,湘湖家园,2026-08-06 01:00,0.023,1.6,0.31,28.1,正常,0
HZ004295,杭州,钱塘区,河庄新苑,2026-08-04 22:00,0.018,1.7,0.34,30.8,正常,0
HZ004296,杭州,临平区,星桥社区,2026-08-06 22:00,0.106,10.4,0.19,30.9,异常,1
HZ004297,杭州,西湖区,三墩新天地,2026-08-05 19:00,0.020,1.3,0.36,27.5,正常,0
HZ004298,杭州,滨江区,滨康小区,2026-08-02 23:00,0.037,2.7,0.32,28.7,正常,0
HZ004299,杭州,余杭区,仓前家园,2026-08-01 06:00,0.018,1.2,0.30,30.6,正常,0
HZ004300,杭州,拱墅区,运河新城社区,2026-08-07 18:00,0.067,4.4,0.39,30.9,正常,0
HZ004301,杭州,上城区,采荷小区,2026-08-04 22:00,0.048,3.3,0.28,28.7,正常,0
HZ004302,杭州,萧山区,北干社区,2026-08-05 22:00,0.041,3.7,0.32,28.9,正常,0
HZ004303,杭州,钱塘区,大学城北社区,2026-08-02 19:00,0.041,3.7,0.34,27.2,正常,0
HZ004304,杭州,临平区,南苑小区,2026-08-02 21:00,0.060,4.1,0.33,29.9,正常,0
HZ004305,杭州,西湖区,三墩新天地,2026-08-04 01:00,0.024,1.7,0.31,29.2,正常,0
HZ004306,杭州,滨江区,白马湖社区,2026-08-04 23:00,0.152,10.3,0.31,28.1,正常,0
HZ004307,杭州,余杭区,未来科技城社区,2026-08-04 03:00,0.028,1.8,0.29,30.8,正常,0
HZ004308,杭州,拱墅区,运河新城社区,2026-08-02 15:00,0.037,3.5,0.29,30.7,正常,0
HZ004309,杭州,上城区,望江新园,2026-08-05 09:00,0.024,2.1,0.31,27.5,正常,0
HZ004310,杭州,萧山区,北干社区,2026-08-04 20:00,0.103,7.2,0.30,29.5,正常,0
HZ004311,杭州,钱塘区,大学城北社区,2026-08-06 13:00,0.050,3.5,0.30,33.6,正常,0
HZ004312,杭州,临平区,塘栖人家,2026-08-06 12:00,0.063,5.3,0.32,32.6,正常,0
HZ004313,杭州,西湖区,文新社区,2026-08-01 13:00,0.092,6.3,0.30,32.6,正常,0
HZ004314,杭州,滨江区,滨康小区,2026-08-03 03:00,0.009,0.9,0.33,30.2,正常,0
HZ004315,杭州,余杭区,闲林山水,2026-08-07 14:00,0.123,9.0,0.33,31.5,正常,0
HZ004316,杭州,拱墅区,运河新城社区,2026-08-06 23:00,0.073,5.8,0.39,31.0,正常,0
HZ004317,杭州,上城区,采荷小区,2026-08-04 23:00,0.058,4.6,0.29,30.7,正常,0
HZ004318,杭州,萧山区,湘湖家园,2026-08-07 14:00,0.038,3.0,0.31,31.4,正常,0
HZ004319,杭州,钱塘区,河庄新苑,2026-08-01 08:00,0.082,6.5,0.28,29.9,正常,0
HZ004320,杭州,临平区,乔司家园,2026-08-03 11:00,0.019,1.3,0.33,31.9,正常,0
HZ004321,杭州,西湖区,翠苑小区,2026-08-01 08:00,0.047,4.2,0.32,28.5,正常,0
HZ004322,杭州,滨江区,钱塘春晓,2026-08-01 00:00,0.033,2.1,0.54,29.0,异常,1
HZ004323,杭州,余杭区,未来科技城社区,2026-08-03 07:00,0.136,9.4,0.30,30.0,正常,0
HZ004324,杭州,拱墅区,大关小区,2026-08-04 23:00,0.012,1.1,0.38,30.9,正常,0
HZ004325,杭州,上城区,近江家园,2026-08-03 19:00,0.021,1.5,0.32,27.1,正常,0
HZ004326,杭州,萧山区,钱江世纪城社区,2026-08-02 05:00,0.003,0.2,0.38,30.1,正常,0
HZ004327,杭州,钱塘区,河庄新苑,2026-08-07 10:00,0.125,9.6,0.34,27.5,正常,0
HZ004328,杭州,临平区,乔司家园,2026-08-02 20:00,0.046,3.5,0.29,29.9,正常,0
HZ004329,杭州,西湖区,三墩新天地,2026-08-02 18:00,0.075,5.4,0.37,29.9,正常,0
HZ004330,杭州,滨江区,钱塘春晓,2026-08-06 15:00,0.109,8.8,0.28,30.9,正常,0
HZ004331,杭州,余杭区,未来科技城社区,2026-08-03 15:00,0.102,9.6,0.37,33.5,正常,0
HZ004332,杭州,拱墅区,大关小区,2026-08-06 22:00,0.017,1.1,0.31,27.7,正常,0
HZ004333,杭州,上城区,望江新园,2026-08-05 03:00,0.007,0.7,0.36,29.4,正常,0
HZ004334,杭州,萧山区,北干社区,2026-08-07 10:00,0.081,5.8,0.38,30.1,正常,0
HZ004335,杭州,钱塘区,河庄新苑,2026-08-03 23:00,0.022,1.6,0.31,30.4,正常,0
HZ004336,杭州,临平区,乔司家园,2026-08-01 23:00,0.135,8.7,0.31,27.5,正常,0
HZ004337,杭州,西湖区,三墩新天地,2026-08-03 02:00,0.034,2.2,0.35,28.1,正常,0
HZ004338,杭州,滨江区,江南花园,2026-08-02 13:00,0.015,1.4,0.28,32.3,正常,0
HZ004339,杭州,余杭区,未来科技城社区,2026-08-06 06:00,0.130,8.9,0.32,28.2,正常,0
HZ004340,杭州,拱墅区,湖墅家园,2026-08-06 02:00,0.025,2.3,0.30,27.1,正常,0
HZ004341,杭州,上城区,望江新园,2026-08-02 21:00,0.038,3.1,0.34,28.2,正常,0
HZ004342,杭州,萧山区,湘湖家园,2026-08-03 12:00,0.098,9.5,0.33,32.7,正常,0
HZ004343,杭州,钱塘区,下沙社区,2026-08-01 02:00,0.022,1.8,0.36,27.1,正常,0
HZ004344,杭州,临平区,星桥社区,2026-08-01 11:00,0.134,10.1,0.30,32.4,正常,0
HZ004345,杭州,西湖区,翠苑小区,2026-08-07 20:00,0.070,5.9,0.36,28.8,正常,0
HZ004346,杭州,滨江区,江南花园,2026-08-02 23:00,0.078,7.0,0.32,29.1,正常,0
HZ004347,杭州,余杭区,未来科技城社区,2026-08-03 22:00,0.026,1.7,0.37,28.9,正常,0
HZ004348,杭州,拱墅区,湖墅家园,2026-08-05 05:00,0.002,0.2,0.39,29.2,正常,0
HZ004349,杭州,上城区,近江家园,2026-08-04 20:00,0.085,7.5,0.34,30.1,正常,0
HZ004350,杭州,萧山区,钱江世纪城社区,2026-08-05 13:00,0.087,8.3,0.34,32.0,正常,0
HZ004351,杭州,钱塘区,大学城北社区,2026-08-06 21:00,0.073,4.9,0.31,27.4,正常,0
HZ004352,杭州,临平区,星桥社区,2026-08-01 01:00,0.008,0.6,0.31,28.9,正常,0
HZ004353,杭州,西湖区,翠苑小区,2026-08-04 01:00,0.030,2.3,0.30,27.3,正常,0
HZ004354,杭州,滨江区,钱塘春晓,2026-08-03 14:00,0.095,9.5,0.34,32.0,正常,0
HZ004355,杭州,余杭区,闲林山水,2026-08-04 14:00,0.072,7.0,0.30,31.8,正常,0
HZ004356,杭州,拱墅区,大关小区,2026-08-04 01:00,0.019,1.4,0.29,29.4,正常,0
HZ004357,杭州,上城区,望江新园,2026-08-05 10:00,0.127,8.7,0.32,30.8,正常,0
HZ004358,杭州,萧山区,宁围佳境,2026-08-01 15:00,0.121,10.3,0.31,32.0,正常,0
HZ004359,杭州,钱塘区,大学城北社区,2026-08-03 03:00,0.011,0.8,0.35,29.8,正常,0
HZ004360,杭州,临平区,星桥社区,2026-08-07 01:00,0.019,1.8,0.32,30.2,正常,0
HZ004361,杭州,西湖区,文新社区,2026-08-04 07:00,0.025,2.0,0.29,28.6,正常,0
HZ004362,杭州,滨江区,白马湖社区,2026-08-06 23:00,0.049,4.1,0.30,28.6,正常,0
HZ004363,杭州,余杭区,未来科技城社区,2026-08-04 14:00,0.324,20.5,0.31,33.7,异常,1
HZ004364,杭州,拱墅区,半山家园,2026-08-04 16:00,0.056,4.2,0.35,33.9,正常,0
HZ004365,杭州,上城区,望江新园,2026-08-01 05:00,0.004,0.4,0.38,30.1,正常,0
HZ004366,杭州,萧山区,湘湖家园,2026-08-01 08:00,0.107,7.6,0.37,28.0,正常,0
HZ004367,杭州,钱塘区,河庄新苑,2026-08-03 03:00,0.033,2.3,0.39,27.6,正常,0
HZ004368,杭州,临平区,星桥社区,2026-08-02 03:00,0.026,1.7,0.53,30.0,异常,1
HZ004369,杭州,西湖区,转塘家园,2026-08-01 17:00,0.121,8.3,0.36,30.7,正常,0
HZ004370,杭州,滨江区,滨康小区,2026-08-03 06:00,0.099,7.9,0.36,30.2,正常,0
HZ004371,杭州,余杭区,闲林山水,2026-08-05 02:00,0.034,2.2,0.35,29.2,正常,0
HZ004372,杭州,拱墅区,运河新城社区,2026-08-01 03:00,0.016,1.2,0.31,30.7,正常,0
HZ004373,杭州,上城区,采荷小区,2026-08-01 23:00,0.034,2.8,0.33,29.8,正常,0
HZ004374,杭州,萧山区,湘湖家园,2026-08-05 10:00,0.098,8.9,0.32,28.2,正常,0
HZ004375,杭州,钱塘区,河庄新苑,2026-08-05 13:00,0.091,6.4,0.35,30.6,正常,0
HZ004376,杭州,临平区,南苑小区,2026-08-04 18:00,0.058,5.7,0.29,30.3,正常,0
HZ004377,杭州,西湖区,翠苑小区,2026-08-04 22:00,0.070,5.4,0.36,28.0,正常,0
HZ004378,杭州,滨江区,滨康小区,2026-08-02 17:00,0.055,3.5,0.37,33.3,正常,0
HZ004379,杭州,余杭区,仓前家园,2026-08-02 10:00,0.080,5.7,0.38,29.3,正常,0
HZ004380,杭州,拱墅区,半山家园,2026-08-05 02:00,0.031,2.1,0.35,29.9,正常,0
HZ004381,杭州,上城区,近江家园,2026-08-06 02:00,0.024,1.8,0.39,30.1,正常,0
HZ004382,杭州,萧山区,北干社区,2026-08-01 23:00,0.057,4.9,0.37,29.0,正常,0
HZ004383,杭州,钱塘区,江东家园,2026-08-05 05:00,0.015,1.3,0.36,28.6,正常,0
HZ004384,杭州,临平区,南苑小区,2026-08-06 00:00,0.024,2.2,0.37,29.0,正常,0
HZ004385,杭州,西湖区,翠苑小区,2026-08-01 06:00,0.042,3.4,0.30,30.9,正常,0
HZ004386,杭州,滨江区,钱塘春晓,2026-08-05 20:00,0.143,9.8,0.54,28.4,异常,1
HZ004387,杭州,余杭区,闲林山水,2026-08-07 01:00,0.001,0.1,0.37,28.5,正常,0
HZ004388,杭州,拱墅区,运河新城社区,2026-08-02 10:00,0.096,6.3,0.35,29.0,正常,0
HZ004389,杭州,上城区,丁兰社区,2026-08-02 07:00,0.037,3.4,0.34,30.5,正常,0
HZ004390,杭州,萧山区,钱江世纪城社区,2026-08-07 15:00,0.152,9.7,0.37,32.5,正常,0
HZ004391,杭州,钱塘区,大学城北社区,2026-08-04 04:00,0.006,0.6,0.38,27.9,正常,0
HZ004392,杭州,临平区,乔司家园,2026-08-05 16:00,0.023,2.1,0.37,33.5,正常,0
HZ004393,杭州,西湖区,转塘家园,2026-08-05 21:00,0.130,9.0,0.31,28.7,正常,0
HZ004394,杭州,滨江区,白马湖社区,2026-08-05 02:00,0.001,0.1,0.31,27.3,正常,0
HZ004395,杭州,余杭区,闲林山水,2026-08-06 06:00,0.130,10.0,0.34,30.2,正常,0
HZ004396,杭州,拱墅区,湖墅家园,2026-08-02 04:00,0.017,1.3,0.37,28.2,正常,0
HZ004397,杭州,上城区,丁兰社区,2026-08-04 04:00,0.011,0.9,0.34,27.4,正常,0
HZ004398,杭州,萧山区,宁围佳境,2026-08-05 02:00,0.011,0.8,0.35,30.4,正常,0
HZ004399,杭州,钱塘区,大学城北社区,2026-08-01 08:00,0.336,21.8,0.31,30.6,异常,1
HZ004400,杭州,临平区,南苑小区,2026-08-02 08:00,0.090,6.6,0.37,30.8,正常,0
HZ004401,杭州,西湖区,文新社区,2026-08-01 04:00,0.019,1.8,0.34,28.6,正常,0
HZ004402,杭州,滨江区,钱塘春晓,2026-08-02 04:00,0.008,0.8,0.35,28.0,正常,0
HZ004403,杭州,余杭区,闲林山水,2026-08-06 12:00,0.069,5.8,0.29,31.1,正常,0
HZ004404,杭州,拱墅区,湖墅家园,2026-08-04 10:00,0.049,4.3,0.34,30.6,正常,0
HZ004405,杭州,上城区,采荷小区,2026-08-02 16:00,0.018,1.4,0.39,30.3,正常,0
HZ004406,杭州,萧山区,北干社区,2026-08-06 02:00,0.001,0.1,0.31,31.0,正常,0
HZ004407,杭州,钱塘区,大学城北社区,2026-08-03 03:00,0.017,1.4,0.30,28.0,正常,0
HZ004408,杭州,临平区,塘栖人家,2026-08-01 12:00,0.090,7.5,0.36,33.1,正常,0
HZ004409,杭州,西湖区,翠苑小区,2026-08-06 01:00,0.023,2.1,0.29,29.9,正常,0
HZ004410,杭州,滨江区,滨康小区,2026-08-01 03:00,0.019,1.8,0.38,29.8,正常,0
HZ004411,杭州,余杭区,良渚文化村,2026-08-03 03:00,0.001,0.1,0.34,29.2,正常,0
HZ004412,杭州,拱墅区,运河新城社区,2026-08-05 03:00,0.011,0.7,0.30,27.1,正常,0
HZ004413,杭州,上城区,丁兰社区,2026-08-02 10:00,0.079,7.0,0.34,30.2,正常,0
HZ004414,杭州,萧山区,北干社区,2026-08-02 07:00,0.069,4.5,0.37,30.7,正常,0
HZ004415,杭州,钱塘区,江东家园,2026-08-01 14:00,0.011,0.7,0.38,33.6,正常,0
HZ004416,杭州,临平区,塘栖人家,2026-08-05 08:00,0.088,6.5,0.38,29.7,正常,0
HZ004417,杭州,西湖区,三墩新天地,2026-08-02 06:00,0.072,7.1,0.34,29.6,正常,0
HZ004418,杭州,滨江区,江南花园,2026-08-07 03:00,0.017,1.7,0.34,29.1,正常,0
HZ004419,杭州,余杭区,良渚文化村,2026-08-05 04:00,0.019,1.8,0.28,29.3,正常,0
HZ004420,杭州,拱墅区,大关小区,2026-08-05 06:00,0.074,4.7,0.35,30.6,正常,0
HZ004421,杭州,上城区,望江新园,2026-08-03 08:00,0.257,16.0,0.36,30.7,异常,1
HZ004422,杭州,萧山区,宁围佳境,2026-08-01 08:00,0.125,7.9,0.32,30.6,正常,0
HZ004423,杭州,钱塘区,江东家园,2026-08-05 14:00,0.035,2.9,0.31,33.7,正常,0
HZ004424,杭州,临平区,星桥社区,2026-08-07 05:00,0.030,2.2,0.34,28.9,正常,0
HZ004425,杭州,西湖区,三墩新天地,2026-08-04 01:00,0.021,1.9,0.31,29.1,正常,0
HZ004426,杭州,滨江区,白马湖社区,2026-08-04 03:00,0.011,0.7,0.31,27.4,正常,0
HZ004427,杭州,余杭区,良渚文化村,2026-08-03 10:00,0.120,8.6,0.34,30.5,正常,0
HZ004428,杭州,拱墅区,运河新城社区,2026-08-04 04:00,0.005,0.3,0.33,27.5,正常,0
HZ004429,杭州,上城区,采荷小区,2026-08-04 10:00,0.073,5.4,0.36,30.4,正常,0
HZ004430,杭州,萧山区,湘湖家园,2026-08-03 22:00,0.093,7.7,0.12,27.2,异常,1
HZ004431,杭州,钱塘区,江东家园,2026-08-06 18:00,0.106,6.8,0.38,29.7,正常,0
HZ004432,杭州,临平区,南苑小区,2026-08-04 16:00,0.081,6.0,0.31,32.7,正常,0
HZ004433,杭州,西湖区,翠苑小区,2026-08-03 18:00,0.054,4.8,0.32,27.3,正常,0
HZ004434,杭州,滨江区,钱塘春晓,2026-08-04 07:00,0.053,4.4,0.28,30.2,正常,0
HZ004435,杭州,余杭区,良渚文化村,2026-08-02 03:00,0.023,1.5,0.32,30.6,正常,0
HZ004436,杭州,拱墅区,大关小区,2026-08-05 13:00,0.132,9.8,0.31,33.7,正常,0
HZ004437,杭州,上城区,望江新园,2026-08-07 16:00,0.032,2.2,0.37,31.3,正常,0
HZ004438,杭州,萧山区,北干社区,2026-08-01 06:00,0.106,10.4,0.34,30.5,正常,0
HZ004439,杭州,钱塘区,江东家园,2026-08-02 19:00,0.068,5.9,0.31,29.4,正常,0
HZ004440,杭州,临平区,塘栖人家,2026-08-04 17:00,0.123,9.3,0.39,31.5,正常,0
HZ004441,杭州,西湖区,翠苑小区,2026-08-04 01:00,0.009,0.8,0.39,28.3,正常,0
HZ004442,杭州,滨江区,白马湖社区,2026-08-01 11:00,0.031,3.1,0.51,30.4,异常,1
HZ004443,杭州,余杭区,仓前家园,2026-08-02 20:00,0.042,2.7,0.30,27.5,正常,0
HZ004444,杭州,拱墅区,大关小区,2026-08-03 05:00,0.009,0.8,0.32,29.4,正常,0
HZ004445,杭州,上城区,采荷小区,2026-08-05 04:00,0.026,2.1,0.35,29.3,正常,0
HZ004446,杭州,萧山区,宁围佳境,2026-08-05 13:00,0.037,3.4,0.17,30.8,异常,1
HZ004447,杭州,钱塘区,下沙社区,2026-08-05 18:00,0.100,9.6,0.31,29.5,正常,0
HZ004448,杭州,临平区,塘栖人家,2026-08-02 21:00,0.102,6.4,0.34,27.5,正常,0
HZ004449,杭州,西湖区,三墩新天地,2026-08-03 18:00,0.048,4.1,0.38,28.3,正常,0
HZ004450,杭州,滨江区,钱塘春晓,2026-08-07 13:00,0.037,2.9,0.36,30.0,正常,0
HZ004451,杭州,余杭区,良渚文化村,2026-08-06 08:00,0.107,7.0,0.32,30.5,正常,0
HZ004452,杭州,拱墅区,大关小区,2026-08-02 17:00,0.065,4.8,0.33,32.3,正常,0
HZ004453,杭州,上城区,近江家园,2026-08-03 09:00,0.053,3.8,0.31,28.1,正常,0
HZ004454,杭州,萧山区,湘湖家园,2026-08-07 15:00,0.074,6.8,0.33,30.2,正常,0
HZ004455,杭州,钱塘区,河庄新苑,2026-08-04 10:00,0.135,8.9,0.36,29.6,正常,0
HZ004456,杭州,临平区,乔司家园,2026-08-06 17:00,0.040,3.4,0.29,31.0,正常,0
HZ004457,杭州,西湖区,三墩新天地,2026-08-04 10:00,0.077,6.3,0.35,27.4,正常,0
HZ004458,杭州,滨江区,钱塘春晓,2026-08-06 19:00,0.076,6.6,0.48,29.2,异常,1
HZ004459,杭州,余杭区,仓前家园,2026-08-04 11:00,0.208,12.3,0.28,31.9,异常,1
HZ004460,杭州,拱墅区,大关小区,2026-08-01 17:00,0.079,5.2,0.32,33.2,正常,0
HZ004461,杭州,上城区,近江家园,2026-08-07 13:00,0.105,6.8,0.30,33.1,正常,0
HZ004462,杭州,萧山区,湘湖家园,2026-08-06 16:00,0.043,3.5,0.28,32.1,正常,0
HZ004463,杭州,钱塘区,河庄新苑,2026-08-07 20:00,0.032,2.1,0.31,28.3,正常,0
HZ004464,杭州,临平区,乔司家园,2026-08-05 06:00,0.073,4.6,0.32,29.5,正常,0
HZ004465,杭州,西湖区,翠苑小区,2026-08-07 17:00,0.066,4.6,0.33,33.9,正常,0
HZ004466,杭州,滨江区,江南花园,2026-08-03 09:00,0.031,2.1,0.37,28.4,正常,0
HZ004467,杭州,余杭区,良渚文化村,2026-08-07 03:00,0.018,1.4,0.36,28.1,正常,0
HZ004468,杭州,拱墅区,湖墅家园,2026-08-06 03:00,0.025,2.2,0.32,27.6,正常,0
HZ004469,杭州,上城区,丁兰社区,2026-08-05 13:00,0.145,9.1,0.33,33.7,正常,0
HZ004470,杭州,萧山区,湘湖家园,2026-08-06 03:00,0.015,1.1,0.33,28.3,正常,0
HZ004471,杭州,钱塘区,河庄新苑,2026-08-07 02:00,0.020,1.5,0.36,27.5,正常,0
HZ004472,杭州,临平区,塘栖人家,2026-08-01 03:00,0.010,0.8,0.28,28.4,正常,0
HZ004473,杭州,西湖区,转塘家园,2026-08-04 17:00,0.150,9.9,0.38,31.9,正常,0
HZ004474,杭州,滨江区,钱塘春晓,2026-08-04 01:00,0.020,1.7,0.29,27.9,正常,0
HZ004475,杭州,余杭区,未来科技城社区,2026-08-03 11:00,0.076,6.9,0.33,31.1,正常,0
HZ004476,杭州,拱墅区,大关小区,2026-08-05 20:00,0.121,9.4,0.39,27.3,正常,0
HZ004477,杭州,上城区,望江新园,2026-08-04 08:00,0.099,8.9,0.33,27.1,正常,0
HZ004478,杭州,萧山区,宁围佳境,2026-08-05 12:00,0.023,1.7,0.33,33.0,正常,0
HZ004479,杭州,钱塘区,江东家园,2026-08-04 23:00,0.046,3.4,0.33,30.2,正常,0
HZ004480,杭州,临平区,塘栖人家,2026-08-06 21:00,0.092,7.0,0.33,28.6,正常,0
HZ004481,杭州,西湖区,文新社区,2026-08-05 08:00,0.061,5.6,0.38,29.8,正常,0
HZ004482,杭州,滨江区,滨康小区,2026-08-03 02:00,0.005,0.3,0.38,27.2,正常,0
HZ004483,杭州,余杭区,仓前家园,2026-08-01 07:00,0.119,8.5,0.38,29.1,正常,0
HZ004484,杭州,拱墅区,运河新城社区,2026-08-05 12:00,0.023,2.1,0.28,33.4,正常,0
HZ004485,杭州,上城区,望江新园,2026-08-06 10:00,0.053,4.7,0.33,27.7,正常,0
HZ004486,杭州,萧山区,宁围佳境,2026-08-01 11:00,0.126,8.0,0.35,31.4,正常,0
HZ004487,杭州,钱塘区,下沙社区,2026-08-04 17:00,0.080,7.2,0.35,33.5,正常,0
HZ004488,杭州,临平区,乔司家园,2026-08-05 21:00,0.095,6.3,0.35,30.6,正常,0
HZ004489,杭州,西湖区,转塘家园,2026-08-04 00:00,0.015,1.4,0.35,30.7,正常,0
HZ004490,杭州,滨江区,滨康小区,2026-08-04 03:00,0.014,1.3,0.37,29.3,正常,0
HZ004491,杭州,余杭区,未来科技城社区,2026-08-05 00:00,0.023,1.4,0.36,28.4,正常,0
HZ004492,杭州,拱墅区,运河新城社区,2026-08-03 10:00,0.072,4.7,0.30,28.5,正常,0
HZ004493,杭州,上城区,近江家园,2026-08-03 12:00,0.015,1.5,0.34,31.1,正常,0
HZ004494,杭州,萧山区,钱江世纪城社区,2026-08-07 10:00,0.065,6.4,0.37,28.0,正常,0
HZ004495,杭州,钱塘区,大学城北社区,2026-08-05 04:00,0.021,2.1,0.38,28.4,正常,0
HZ004496,杭州,临平区,星桥社区,2026-08-02 01:00,0.002,0.1,0.29,31.0,正常,0
HZ004497,杭州,西湖区,转塘家园,2026-08-05 23:00,0.082,6.0,0.38,30.2,正常,0
HZ004498,杭州,滨江区,钱塘春晓,2026-08-01 22:00,0.039,2.7,0.30,27.3,正常,0
HZ004499,杭州,余杭区,仓前家园,2026-08-04 22:00,0.124,9.7,0.31,30.1,正常,0
HZ004500,杭州,拱墅区,大关小区,2026-08-03 10:00,0.031,2.0,0.32,30.6,正常,0
HZ004501,杭州,上城区,采荷小区,2026-08-06 01:00,0.013,0.9,0.39,28.3,正常,0
HZ004502,杭州,萧山区,湘湖家园,2026-08-02 11:00,0.072,5.2,0.31,33.9,正常,0
HZ004503,杭州,钱塘区,江东家园,2026-08-02 09:00,0.026,2.2,0.38,31.0,正常,0
HZ004504,杭州,临平区,南苑小区,2026-08-03 21:00,0.110,8.3,0.29,28.5,正常,0
HZ004505,杭州,西湖区,翠苑小区,2026-08-07 18:00,0.110,9.5,0.38,29.6,正常,0
HZ004506,杭州,滨江区,白马湖社区,2026-08-01 08:00,0.059,5.7,0.33,30.9,正常,0
HZ004507,杭州,余杭区,仓前家园,2026-08-06 12:00,0.424,24.3,0.38,32.3,异常,1
HZ004508,杭州,拱墅区,大关小区,2026-08-01 23:00,0.012,0.9,0.29,27.7,正常,0
HZ004509,杭州,上城区,采荷小区,2026-08-06 06:00,0.071,5.4,0.35,29.9,正常,0
HZ004510,杭州,萧山区,宁围佳境,2026-08-05 09:00,0.011,1.0,0.38,29.1,正常,0
HZ004511,杭州,钱塘区,下沙社区,2026-08-01 18:00,0.111,8.9,0.30,27.0,正常,0
HZ004512,杭州,临平区,星桥社区,2026-08-02 18:00,0.064,5.8,0.31,29.6,正常,0
HZ004513,杭州,西湖区,转塘家园,2026-08-03 06:00,0.020,1.5,0.29,31.0,正常,0
HZ004514,杭州,滨江区,钱塘春晓,2026-08-06 07:00,0.129,9.4,0.34,28.6,正常,0
HZ004515,杭州,余杭区,闲林山水,2026-08-05 15:00,0.046,3.5,0.35,32.1,正常,0
HZ004516,杭州,拱墅区,运河新城社区,2026-08-03 12:00,0.110,9.2,0.29,30.4,正常,0
HZ004517,杭州,上城区,丁兰社区,2026-08-06 12:00,0.019,1.4,0.30,32.9,正常,0
HZ004518,杭州,萧山区,湘湖家园,2026-08-06 12:00,0.104,6.6,0.38,32.9,正常,0
HZ004519,杭州,钱塘区,下沙社区,2026-08-04 02:00,0.216,13.6,0.35,28.8,异常,1
HZ004520,杭州,临平区,塘栖人家,2026-08-04 07:00,0.025,2.1,0.30,28.7,正常,0
HZ004521,杭州,西湖区,翠苑小区,2026-08-07 13:00,0.101,7.5,0.35,32.7,正常,0
HZ004522,杭州,滨江区,滨康小区,2026-08-07 14:00,0.044,4.1,0.30,30.5,正常,0
HZ004523,杭州,余杭区,未来科技城社区,2026-08-05 22:00,0.020,1.3,0.28,28.9,正常,0
HZ004524,杭州,拱墅区,湖墅家园,2026-08-03 16:00,0.058,5.6,0.17,32.1,异常,1
HZ004525,杭州,上城区,采荷小区,2026-08-05 05:00,0.021,1.8,0.30,27.6,正常,0
HZ004526,杭州,萧山区,宁围佳境,2026-08-01 13:00,0.045,3.5,0.30,33.8,正常,0
HZ004527,杭州,钱塘区,江东家园,2026-08-07 21:00,0.050,3.5,0.30,27.4,正常,0
HZ004528,杭州,临平区,星桥社区,2026-08-06 23:00,0.061,5.8,0.32,30.7,正常,0
HZ004529,杭州,西湖区,转塘家园,2026-08-07 11:00,0.040,2.5,0.36,30.4,正常,0
HZ004530,杭州,滨江区,白马湖社区,2026-08-03 02:00,0.014,1.0,0.32,28.5,正常,0
HZ004531,杭州,余杭区,仓前家园,2026-08-04 09:00,0.080,5.9,0.35,27.3,正常,0
HZ004532,杭州,拱墅区,大关小区,2026-08-01 08:00,0.123,10.4,0.52,30.4,异常,1
HZ004533,杭州,上城区,丁兰社区,2026-08-04 05:00,0.005,0.3,0.28,27.8,正常,0
HZ004534,杭州,萧山区,北干社区,2026-08-06 17:00,0.041,3.1,0.34,30.9,正常,0
HZ004535,杭州,钱塘区,大学城北社区,2026-08-03 07:00,0.097,8.3,0.29,29.6,正常,0
HZ004536,杭州,临平区,塘栖人家,2026-08-04 15:00,0.078,6.4,0.38,31.2,正常,0
HZ004537,杭州,西湖区,三墩新天地,2026-08-03 06:00,0.041,3.7,0.30,28.4,正常,0
HZ004538,杭州,滨江区,滨康小区,2026-08-05 02:00,0.025,1.9,0.39,27.0,正常,0
HZ004539,杭州,余杭区,未来科技城社区,2026-08-03 20:00,0.036,2.8,0.33,29.5,正常,0
HZ004540,杭州,拱墅区,运河新城社区,2026-08-07 06:00,0.095,8.6,0.37,28.7,正常,0
HZ004541,杭州,上城区,望江新园,2026-08-05 15:00,0.084,5.7,0.33,31.0,正常,0
HZ004542,杭州,萧山区,钱江世纪城社区,2026-08-04 22:00,0.065,5.2,0.35,30.4,正常,0
HZ004543,杭州,钱塘区,大学城北社区,2026-08-06 00:00,0.010,0.9,0.38,30.2,正常,0
HZ004544,杭州,临平区,星桥社区,2026-08-03 04:00,0.003,0.2,0.38,30.4,正常,0
HZ004545,杭州,西湖区,转塘家园,2026-08-02 05:00,0.010,0.6,0.29,30.0,正常,0
HZ004546,杭州,滨江区,钱塘春晓,2026-08-01 06:00,0.036,2.5,0.37,27.8,正常,0
HZ004547,杭州,余杭区,仓前家园,2026-08-01 16:00,0.030,1.9,0.32,30.8,正常,0
HZ004548,杭州,拱墅区,大关小区,2026-08-03 04:00,0.028,1.9,0.38,27.4,正常,0
HZ004549,杭州,上城区,望江新园,2026-08-06 12:00,0.075,4.9,0.28,30.2,正常,0
HZ004550,杭州,萧山区,北干社区,2026-08-05 20:00,0.113,8.8,0.30,28.2,正常,0
HZ004551,杭州,钱塘区,下沙社区,2026-08-04 14:00,0.021,1.8,0.37,30.8,正常,0
HZ004552,杭州,临平区,星桥社区,2026-08-01 10:00,0.021,1.4,0.32,28.2,正常,0
HZ004553,杭州,西湖区,三墩新天地,2026-08-06 21:00,0.137,10.2,0.36,27.8,正常,0
HZ004554,杭州,滨江区,滨康小区,2026-08-03 13:00,0.035,2.3,0.28,31.7,正常,0
HZ004555,杭州,余杭区,良渚文化村,2026-08-06 08:00,0.123,10.5,0.30,27.2,正常,0
HZ004556,杭州,拱墅区,运河新城社区,2026-08-04 01:00,0.010,0.8,0.30,28.9,正常,0
HZ004557,杭州,上城区,采荷小区,2026-08-06 18:00,0.060,5.8,0.29,28.2,正常,0
HZ004558,杭州,萧山区,湘湖家园,2026-08-07 04:00,0.024,1.6,0.28,28.8,正常,0
HZ004559,杭州,钱塘区,江东家园,2026-08-06 12:00,0.046,3.2,0.34,33.7,正常,0
HZ004560,杭州,临平区,南苑小区,2026-08-01 18:00,0.131,8.3,0.38,29.4,正常,0
HZ004561,杭州,西湖区,转塘家园,2026-08-06 02:00,0.025,1.6,0.31,27.0,正常,0
HZ004562,杭州,滨江区,白马湖社区,2026-08-07 19:00,0.037,3.1,0.31,28.1,正常,0
HZ004563,杭州,余杭区,闲林山水,2026-08-04 11:00,0.040,2.8,0.37,32.8,正常,0
HZ004564,杭州,拱墅区,湖墅家园,2026-08-06 03:00,0.021,2.0,0.33,31.0,正常,0
HZ004565,杭州,上城区,近江家园,2026-08-07 09:00,0.053,4.1,0.35,30.4,正常,0
HZ004566,杭州,萧山区,湘湖家园,2026-08-02 08:00,0.091,6.7,0.39,28.5,正常,0
HZ004567,杭州,钱塘区,江东家园,2026-08-02 11:00,0.058,4.7,0.31,30.7,正常,0
HZ004568,杭州,临平区,乔司家园,2026-08-02 09:00,0.038,3.2,0.32,29.5,正常,0
HZ004569,杭州,西湖区,翠苑小区,2026-08-04 19:00,0.073,7.2,0.31,27.2,正常,0
HZ004570,杭州,滨江区,江南花园,2026-08-07 20:00,0.088,7.1,0.37,28.5,正常,0
HZ004571,杭州,余杭区,闲林山水,2026-08-05 04:00,0.008,0.7,0.37,30.8,正常,0
HZ004572,杭州,拱墅区,湖墅家园,2026-08-07 09:00,0.118,8.8,0.35,28.7,正常,0
HZ004573,杭州,上城区,采荷小区,2026-08-05 04:00,0.029,2.1,0.31,30.0,正常,0
HZ004574,杭州,萧山区,湘湖家园,2026-08-06 01:00,0.015,1.1,0.28,30.4,正常,0
HZ004575,杭州,钱塘区,下沙社区,2026-08-02 18:00,0.022,1.5,0.35,29.8,正常,0
HZ004576,杭州,临平区,南苑小区,2026-08-02 07:00,0.061,4.9,0.32,30.4,正常,0
HZ004577,杭州,西湖区,三墩新天地,2026-08-04 03:00,0.032,2.2,0.38,27.4,正常,0
HZ004578,杭州,滨江区,钱塘春晓,2026-08-07 07:00,0.051,3.8,0.37,30.9,正常,0
HZ004579,杭州,余杭区,良渚文化村,2026-08-06 07:00,0.036,3.5,0.35,27.9,正常,0
HZ004580,杭州,拱墅区,大关小区,2026-08-05 11:00,0.065,4.5,0.30,31.7,正常,0
HZ004581,杭州,上城区,采荷小区,2026-08-07 20:00,0.131,9.7,0.38,29.2,正常,0
HZ004582,杭州,萧山区,宁围佳境,2026-08-03 05:00,0.010,0.7,0.29,28.1,正常,0
HZ004583,杭州,钱塘区,河庄新苑,2026-08-03 14:00,0.023,1.6,0.34,33.3,正常,0
HZ004584,杭州,临平区,星桥社区,2026-08-06 00:00,0.027,2.3,0.37,27.6,正常,0
HZ004585,杭州,西湖区,转塘家园,2026-08-02 22:00,0.066,4.7,0.37,27.1,正常,0
HZ004586,杭州,滨江区,钱塘春晓,2026-08-03 10:00,0.088,8.4,0.28,29.7,正常,0
HZ004587,杭州,余杭区,仓前家园,2026-08-02 16:00,0.067,4.5,0.35,32.2,正常,0
HZ004588,杭州,拱墅区,运河新城社区,2026-08-02 11:00,0.067,5.3,0.34,31.4,正常,0
HZ004589,杭州,上城区,采荷小区,2026-08-07 07:00,0.089,5.6,0.39,28.7,正常,0
HZ004590,杭州,萧山区,湘湖家园,2026-08-02 21:00,0.020,1.3,0.38,27.8,正常,0
HZ004591,杭州,钱塘区,大学城北社区,2026-08-02 09:00,0.164,10.4,0.29,29.7,正常,0
HZ004592,杭州,临平区,南苑小区,2026-08-07 08:00,0.050,3.5,0.30,28.0,正常,0
HZ004593,杭州,西湖区,转塘家园,2026-08-05 20:00,0.089,6.7,0.38,30.4,正常,0
HZ004594,杭州,滨江区,钱塘春晓,2026-08-05 20:00,0.025,2.4,0.28,27.5,正常,0
HZ004595,杭州,余杭区,闲林山水,2026-08-01 15:00,0.027,2.3,0.38,33.8,正常,0
HZ004596,杭州,拱墅区,半山家园,2026-08-02 16:00,0.109,7.3,0.33,33.5,正常,0
HZ004597,杭州,上城区,丁兰社区,2026-08-02 02:00,0.010,0.9,0.30,28.3,正常,0
HZ004598,杭州,萧山区,北干社区,2026-08-07 20:00,0.009,0.9,0.31,27.1,正常,0
HZ004599,杭州,钱塘区,河庄新苑,2026-08-06 00:00,0.015,1.2,0.36,28.6,正常,0
HZ004600,杭州,临平区,乔司家园,2026-08-01 08:00,0.057,4.6,0.28,29.8,正常,0
HZ004601,杭州,西湖区,转塘家园,2026-08-03 19:00,0.146,9.8,0.31,27.3,正常,0
HZ004602,杭州,滨江区,钱塘春晓,2026-08-06 11:00,0.027,1.9,0.36,33.0,正常,0
HZ004603,杭州,余杭区,闲林山水,2026-08-03 00:00,0.004,0.4,0.28,29.1,正常,0
HZ004604,杭州,拱墅区,半山家园,2026-08-03 12:00,0.036,2.6,0.33,32.8,正常,0
HZ004605,杭州,上城区,丁兰社区,2026-08-05 14:00,0.079,5.1,0.34,31.3,正常,0
HZ004606,杭州,萧山区,钱江世纪城社区,2026-08-05 11:00,0.046,3.0,0.35,33.1,正常,0
HZ004607,杭州,钱塘区,江东家园,2026-08-04 07:00,0.018,1.3,0.38,28.2,正常,0
HZ004608,杭州,临平区,星桥社区,2026-08-02 22:00,0.156,10.0,0.33,28.1,正常,0
HZ004609,杭州,西湖区,转塘家园,2026-08-03 07:00,0.017,1.6,0.34,30.1,正常,0
HZ004610,杭州,滨江区,滨康小区,2026-08-05 05:00,0.021,1.6,0.56,28.3,异常,1
HZ004611,杭州,余杭区,未来科技城社区,2026-08-07 09:00,0.043,3.2,0.31,30.6,正常,0
HZ004612,杭州,拱墅区,半山家园,2026-08-02 08:00,0.036,3.1,0.37,29.5,正常,0
HZ004613,杭州,上城区,采荷小区,2026-08-06 13:00,0.041,3.0,0.33,33.8,正常,0
HZ004614,杭州,萧山区,钱江世纪城社区,2026-08-07 13:00,0.042,2.9,0.36,32.9,正常,0
HZ004615,杭州,钱塘区,下沙社区,2026-08-06 18:00,0.027,2.5,0.29,28.1,正常,0
HZ004616,杭州,临平区,星桥社区,2026-08-04 00:00,0.025,1.6,0.29,30.2,正常,0
HZ004617,杭州,西湖区,三墩新天地,2026-08-06 14:00,0.069,4.5,0.38,33.9,正常,0
HZ004618,杭州,滨江区,滨康小区,2026-08-02 03:00,0.003,0.2,0.38,29.4,正常,0
HZ004619,杭州,余杭区,仓前家园,2026-08-01 14:00,0.054,5.2,0.38,32.1,正常,0
HZ004620,杭州,拱墅区,半山家园,2026-08-05 14:00,0.060,5.0,0.34,33.2,正常,0
HZ004621,杭州,上城区,采荷小区,2026-08-01 22:00,0.096,6.5,0.36,30.2,正常,0
HZ004622,杭州,萧山区,湘湖家园,2026-08-01 16:00,0.094,9.1,0.38,32.7,正常,0
HZ004623,杭州,钱塘区,江东家园,2026-08-01 06:00,0.015,1.4,0.31,30.7,正常,0
HZ004624,杭州,临平区,乔司家园,2026-08-03 03:00,0.003,0.3,0.28,29.9,正常,0
HZ004625,杭州,西湖区,文新社区,2026-08-06 12:00,0.062,5.5,0.34,31.1,正常,0
HZ004626,杭州,滨江区,钱塘春晓,2026-08-03 08:00,0.023,1.6,0.38,27.6,正常,0
HZ004627,杭州,余杭区,仓前家园,2026-08-02 08:00,0.313,21.8,0.34,27.3,异常,1
HZ004628,杭州,拱墅区,大关小区,2026-08-07 01:00,0.010,0.7,0.38,29.4,正常,0
HZ004629,杭州,上城区,采荷小区,2026-08-01 12:00,0.078,5.0,0.36,30.7,正常,0
HZ004630,杭州,萧山区,北干社区,2026-08-05 07:00,0.036,2.6,0.38,30.4,正常,0
HZ004631,杭州,钱塘区,下沙社区,2026-08-03 13:00,0.094,8.9,0.36,32.6,正常,0
HZ004632,杭州,临平区,星桥社区,2026-08-04 08:00,0.016,1.1,0.36,27.7,正常,0
HZ004633,杭州,西湖区,三墩新天地,2026-08-07 08:00,0.038,3.7,0.30,28.1,正常,0
HZ004634,杭州,滨江区,滨康小区,2026-08-03 10:00,0.080,6.8,0.28,30.4,正常,0
HZ004635,杭州,余杭区,良渚文化村,2026-08-07 13:00,0.032,3.1,0.37,32.4,正常,0
HZ004636,杭州,拱墅区,半山家园,2026-08-04 12:00,0.024,2.0,0.36,33.6,正常,0
HZ004637,杭州,上城区,采荷小区,2026-08-03 22:00,0.042,3.0,0.32,30.3,正常,0
HZ004638,杭州,萧山区,宁围佳境,2026-08-05 03:00,0.005,0.5,0.38,28.0,正常,0
HZ004639,杭州,钱塘区,大学城北社区,2026-08-06 03:00,0.023,2.1,0.36,28.5,正常,0
HZ004640,杭州,临平区,星桥社区,2026-08-05 08:00,0.102,6.9,0.30,30.8,正常,0
HZ004641,杭州,西湖区,转塘家园,2026-08-03 03:00,0.017,1.2,0.34,28.3,正常,0
HZ004642,杭州,滨江区,江南花园,2026-08-01 07:00,0.102,7.4,0.35,28.2,正常,0
HZ004643,杭州,余杭区,闲林山水,2026-08-01 09:00,0.038,3.1,0.31,28.9,正常,0
HZ004644,杭州,拱墅区,运河新城社区,2026-08-03 16:00,0.066,5.6,0.34,31.8,正常,0
HZ004645,杭州,上城区,望江新园,2026-08-06 03:00,0.018,1.4,0.29,30.3,正常,0
HZ004646,杭州,萧山区,宁围佳境,2026-08-01 23:00,0.036,2.8,0.32,27.9,正常,0
HZ004647,杭州,钱塘区,河庄新苑,2026-08-03 12:00,0.096,6.3,0.36,31.8,正常,0
HZ004648,杭州,临平区,塘栖人家,2026-08-06 07:00,0.041,3.3,0.39,29.5,正常,0
HZ004649,杭州,西湖区,三墩新天地,2026-08-03 17:00,0.120,9.6,0.32,33.8,正常,0
HZ004650,杭州,滨江区,滨康小区,2026-08-07 17:00,0.058,4.0,0.39,30.9,正常,0
HZ004651,杭州,余杭区,良渚文化村,2026-08-03 11:00,0.123,10.3,0.36,31.7,正常,0
HZ004652,杭州,拱墅区,湖墅家园,2026-08-06 15:00,0.043,4.0,0.31,30.4,正常,0
HZ004653,杭州,上城区,采荷小区,2026-08-01 11:00,0.062,4.0,0.36,30.9,正常,0
HZ004654,杭州,萧山区,北干社区,2026-08-01 22:00,0.028,2.4,0.35,29.0,正常,0
HZ004655,杭州,钱塘区,河庄新苑,2026-08-05 09:00,0.090,5.8,0.35,31.0,正常,0
HZ004656,杭州,临平区,乔司家园,2026-08-03 15:00,0.059,3.7,0.28,30.2,正常,0
HZ004657,杭州,西湖区,三墩新天地,2026-08-06 22:00,0.069,5.5,0.29,27.3,正常,0
HZ004658,杭州,滨江区,滨康小区,2026-08-06 19:00,0.053,3.8,0.29,28.2,正常,0
HZ004659,杭州,余杭区,仓前家园,2026-08-06 19:00,0.113,8.0,0.38,30.1,正常,0
HZ004660,杭州,拱墅区,半山家园,2026-08-07 05:00,0.034,2.2,0.54,30.2,异常,1
HZ004661,杭州,上城区,采荷小区,2026-08-01 07:00,0.051,3.9,0.33,30.3,正常,0
HZ004662,杭州,萧山区,湘湖家园,2026-08-01 08:00,0.075,6.9,0.28,28.8,正常,0
HZ004663,杭州,钱塘区,江东家园,2026-08-05 03:00,0.011,0.8,0.29,27.6,正常,0
HZ004664,杭州,临平区,塘栖人家,2026-08-01 05:00,0.034,2.2,0.30,28.2,正常,0
HZ004665,杭州,西湖区,三墩新天地,2026-08-01 02:00,0.024,2.3,0.36,29.4,正常,0
HZ004666,杭州,滨江区,钱塘春晓,2026-08-05 23:00,0.066,4.2,0.28,27.3,正常,0
HZ004667,杭州,余杭区,未来科技城社区,2026-08-07 21:00,0.127,8.5,0.39,28.1,正常,0
HZ004668,杭州,拱墅区,半山家园,2026-08-02 16:00,0.063,5.4,0.49,33.4,异常,1
HZ004669,杭州,上城区,丁兰社区,2026-08-06 19:00,0.112,8.4,0.36,29.5,正常,0
HZ004670,杭州,萧山区,湘湖家园,2026-08-04 00:00,0.023,1.9,0.35,29.7,正常,0
HZ004671,杭州,钱塘区,河庄新苑,2026-08-02 09:00,0.128,9.3,0.32,27.5,正常,0
HZ004672,杭州,临平区,塘栖人家,2026-08-06 11:00,0.082,6.4,0.36,30.6,正常,0
HZ004673,杭州,西湖区,文新社区,2026-08-02 15:00,0.072,6.6,0.33,33.5,正常,0
HZ004674,杭州,滨江区,江南花园,2026-08-02 02:00,0.017,1.3,0.29,30.3,正常,0
HZ004675,杭州,余杭区,未来科技城社区,2026-08-01 07:00,0.115,7.6,0.30,29.7,正常,0
HZ004676,杭州,拱墅区,大关小区,2026-08-06 05:00,0.012,0.8,0.33,31.0,正常,0
HZ004677,杭州,上城区,丁兰社区,2026-08-02 17:00,0.120,9.8,0.31,33.4,正常,0
HZ004678,杭州,萧山区,宁围佳境,2026-08-02 21:00,0.013,0.8,0.38,30.6,正常,0
HZ004679,杭州,钱塘区,大学城北社区,2026-08-07 01:00,0.015,1.0,0.29,29.2,正常,0
HZ004680,杭州,临平区,塘栖人家,2026-08-02 05:00,0.018,1.4,0.52,27.3,异常,1
HZ004681,杭州,西湖区,文新社区,2026-08-07 12:00,0.048,3.0,0.29,33.2,正常,0
HZ004682,杭州,滨江区,滨康小区,2026-08-03 18:00,0.016,1.1,0.29,28.1,正常,0
HZ004683,杭州,余杭区,仓前家园,2026-08-03 07:00,0.126,8.9,0.34,29.4,正常,0
HZ004684,杭州,拱墅区,湖墅家园,2026-08-01 22:00,0.027,2.3,0.35,30.2,正常,0
HZ004685,杭州,上城区,望江新园,2026-08-06 17:00,0.423,24.8,0.31,30.5,异常,1
HZ004686,杭州,萧山区,宁围佳境,2026-08-06 03:00,0.001,0.1,0.29,28.3,正常,0
HZ004687,杭州,钱塘区,大学城北社区,2026-08-06 03:00,0.032,2.1,0.35,29.4,正常,0
HZ004688,杭州,临平区,星桥社区,2026-08-01 19:00,0.014,1.0,0.33,29.9,正常,0
HZ004689,杭州,西湖区,文新社区,2026-08-07 18:00,0.085,6.0,0.30,28.2,正常,0
HZ004690,杭州,滨江区,钱塘春晓,2026-08-07 01:00,0.012,0.8,0.36,27.4,正常,0
HZ004691,杭州,余杭区,未来科技城社区,2026-08-07 10:00,0.083,7.9,0.29,28.8,正常,0
HZ004692,杭州,拱墅区,半山家园,2026-08-05 01:00,0.019,1.3,0.33,29.3,正常,0
HZ004693,杭州,上城区,采荷小区,2026-08-02 10:00,0.136,10.2,0.34,27.9,正常,0
HZ004694,杭州,萧山区,钱江世纪城社区,2026-08-01 12:00,0.060,4.2,0.37,30.7,正常,0
HZ004695,杭州,钱塘区,河庄新苑,2026-08-03 22:00,0.084,7.0,0.36,27.9,正常,0
HZ004696,杭州,临平区,星桥社区,2026-08-02 19:00,0.130,10.2,0.35,27.9,正常,0
HZ004697,杭州,西湖区,转塘家园,2026-08-06 20:00,0.100,9.1,0.38,27.3,正常,0
HZ004698,杭州,滨江区,滨康小区,2026-08-04 13:00,0.101,6.3,0.37,33.0,正常,0
HZ004699,杭州,余杭区,未来科技城社区,2026-08-04 03:00,0.028,1.8,0.31,29.4,正常,0
HZ004700,杭州,拱墅区,运河新城社区,2026-08-03 15:00,0.034,2.4,0.29,30.4,正常,0
HZ004701,杭州,上城区,采荷小区,2026-08-01 01:00,0.020,2.0,0.36,30.7,正常,0
HZ004702,杭州,萧山区,湘湖家园,2026-08-07 08:00,0.039,3.7,0.29,28.2,正常,0
HZ004703,杭州,钱塘区,江东家园,2026-08-06 09:00,0.042,3.6,0.31,28.4,正常,0
HZ004704,杭州,临平区,星桥社区,2026-08-07 12:00,0.024,1.8,0.39,33.6,正常,0
HZ004705,杭州,西湖区,转塘家园,2026-08-01 10:00,0.031,2.2,0.38,27.4,正常,0
HZ004706,杭州,滨江区,白马湖社区,2026-08-07 23:00,0.059,4.3,0.37,30.6,正常,0
HZ004707,杭州,余杭区,未来科技城社区,2026-08-07 03:00,0.004,0.4,0.36,30.3,正常,0
HZ004708,杭州,拱墅区,大关小区,2026-08-07 10:00,0.065,6.3,0.37,28.7,正常,0
HZ004709,杭州,上城区,采荷小区,2026-08-02 08:00,0.032,2.6,0.30,29.5,正常,0
HZ004710,杭州,萧山区,北干社区,2026-08-01 03:00,0.011,0.9,0.37,30.8,正常,0
HZ004711,杭州,钱塘区,江东家园,2026-08-05 11:00,0.011,0.8,0.30,30.2,正常,0
HZ004712,杭州,临平区,星桥社区,2026-08-05 06:00,0.087,6.6,0.37,28.9,正常,0
HZ004713,杭州,西湖区,转塘家园,2026-08-05 18:00,0.074,5.6,0.37,28.8,正常,0
HZ004714,杭州,滨江区,钱塘春晓,2026-08-02 20:00,0.158,9.9,0.36,30.1,正常,0
HZ004715,杭州,余杭区,闲林山水,2026-08-05 01:00,0.021,1.5,0.33,27.5,正常,0
HZ004716,杭州,拱墅区,运河新城社区,2026-08-07 03:00,0.032,2.2,0.35,29.8,正常,0
HZ004717,杭州,上城区,丁兰社区,2026-08-05 14:00,0.165,10.5,0.35,33.7,正常,0
HZ004718,杭州,萧山区,宁围佳境,2026-08-05 17:00,0.093,8.0,0.32,31.2,正常,0
HZ004719,杭州,钱塘区,下沙社区,2026-08-05 21:00,0.056,5.3,0.36,29.6,正常,0
HZ004720,杭州,临平区,乔司家园,2026-08-05 00:00,0.003,0.3,0.34,29.9,正常,0
HZ004721,杭州,西湖区,文新社区,2026-08-04 10:00,0.073,5.3,0.33,27.6,正常,0
HZ004722,杭州,滨江区,滨康小区,2026-08-04 22:00,0.038,3.0,0.19,30.6,异常,1
HZ004723,杭州,余杭区,闲林山水,2026-08-01 06:00,0.023,2.0,0.36,27.2,正常,0
HZ004724,杭州,拱墅区,运河新城社区,2026-08-07 04:00,0.014,1.4,0.31,29.6,正常,0
HZ004725,杭州,上城区,近江家园,2026-08-05 13:00,0.122,9.3,0.32,31.2,正常,0
HZ004726,杭州,萧山区,湘湖家园,2026-08-07 15:00,0.039,3.5,0.17,32.7,异常,1
HZ004727,杭州,钱塘区,江东家园,2026-08-07 07:00,0.124,9.3,0.38,30.4,正常,0
HZ004728,杭州,临平区,南苑小区,2026-08-02 09:00,0.013,1.2,0.33,27.8,正常,0
HZ004729,杭州,西湖区,转塘家园,2026-08-03 01:00,0.009,0.8,0.37,27.0,正常,0
HZ004730,杭州,滨江区,钱塘春晓,2026-08-07 10:00,0.060,5.6,0.37,27.0,正常,0
HZ004731,杭州,余杭区,闲林山水,2026-08-07 11:00,0.067,6.7,0.32,32.3,正常,0
HZ004732,杭州,拱墅区,湖墅家园,2026-08-01 06:00,0.037,2.3,0.33,27.7,正常,0
HZ004733,杭州,上城区,采荷小区,2026-08-02 18:00,0.016,1.5,0.34,27.0,正常,0
HZ004734,杭州,萧山区,钱江世纪城社区,2026-08-07 08:00,0.109,8.4,0.32,28.7,正常,0
HZ004735,杭州,钱塘区,江东家园,2026-08-02 06:00,0.022,1.7,0.34,30.3,正常,0
HZ004736,杭州,临平区,乔司家园,2026-08-06 19:00,0.075,4.9,0.32,28.0,正常,0
HZ004737,杭州,西湖区,翠苑小区,2026-08-03 00:00,0.024,2.3,0.35,27.9,正常,0
HZ004738,杭州,滨江区,江南花园,2026-08-01 19:00,0.077,7.1,0.32,28.6,正常,0
HZ004739,杭州,余杭区,闲林山水,2026-08-02 09:00,0.103,6.8,0.36,28.5,正常,0
HZ004740,杭州,拱墅区,半山家园,2026-08-05 10:00,0.026,2.3,0.36,28.7,正常,0
HZ004741,杭州,上城区,近江家园,2026-08-03 08:00,0.095,8.9,0.32,27.8,正常,0
HZ004742,杭州,萧山区,钱江世纪城社区,2026-08-05 23:00,0.043,3.2,0.33,29.4,正常,0
HZ004743,杭州,钱塘区,下沙社区,2026-08-05 11:00,0.098,6.3,0.29,31.5,正常,0
HZ004744,杭州,临平区,南苑小区,2026-08-05 13:00,0.123,9.3,0.36,31.7,正常,0
HZ004745,杭州,西湖区,翠苑小区,2026-08-07 20:00,0.040,3.0,0.34,29.4,正常,0
HZ004746,杭州,滨江区,钱塘春晓,2026-08-02 09:00,0.024,2.2,0.32,29.5,正常,0
HZ004747,杭州,余杭区,仓前家园,2026-08-04 00:00,0.028,1.8,0.33,28.3,正常,0
HZ004748,杭州,拱墅区,大关小区,2026-08-05 15:00,0.132,9.1,0.37,31.1,正常,0
HZ004749,杭州,上城区,望江新园,2026-08-04 22:00,0.049,4.4,0.31,30.0,正常,0
HZ004750,杭州,萧山区,钱江世纪城社区,2026-08-05 13:00,0.147,10.3,0.35,32.7,正常,0
HZ004751,杭州,钱塘区,河庄新苑,2026-08-03 21:00,0.012,1.1,0.38,29.1,正常,0
HZ004752,杭州,临平区,南苑小区,2026-08-04 13:00,0.058,5.7,0.31,33.1,正常,0
HZ004753,杭州,西湖区,三墩新天地,2026-08-07 03:00,0.001,0.1,0.31,29.5,正常,0
HZ004754,杭州,滨江区,钱塘春晓,2026-08-07 17:00,0.008,0.8,0.33,32.1,正常,0
HZ004755,杭州,余杭区,未来科技城社区,2026-08-05 00:00,0.004,0.4,0.32,27.8,正常,0
HZ004756,杭州,拱墅区,运河新城社区,2026-08-05 08:00,0.073,6.5,0.38,28.1,正常,0
HZ004757,杭州,上城区,丁兰社区,2026-08-04 05:00,0.295,21.8,0.39,29.0,异常,1
HZ004758,杭州,萧山区,湘湖家园,2026-08-06 04:00,0.013,1.0,0.28,30.3,正常,0
HZ004759,杭州,钱塘区,河庄新苑,2026-08-07 13:00,0.074,7.0,0.30,32.8,正常,0
HZ004760,杭州,临平区,星桥社区,2026-08-06 11:00,0.058,5.0,0.37,31.4,正常,0
HZ004761,杭州,西湖区,三墩新天地,2026-08-06 05:00,0.008,0.8,0.35,30.9,正常,0
HZ004762,杭州,滨江区,钱塘春晓,2026-08-06 05:00,0.011,0.7,0.38,28.4,正常,0
HZ004763,杭州,余杭区,未来科技城社区,2026-08-04 06:00,0.124,8.8,0.32,28.2,正常,0
HZ004764,杭州,拱墅区,运河新城社区,2026-08-04 01:00,0.022,1.9,0.34,29.0,正常,0
HZ004765,杭州,上城区,丁兰社区,2026-08-01 10:00,0.083,7.6,0.36,30.7,正常,0
HZ004766,杭州,萧山区,湘湖家园,2026-08-03 06:00,0.082,6.9,0.14,29.2,异常,1
HZ004767,杭州,钱塘区,河庄新苑,2026-08-07 11:00,0.080,5.6,0.31,30.5,正常,0
HZ004768,杭州,临平区,塘栖人家,2026-08-05 04:00,0.012,0.8,0.35,28.2,正常,0
HZ004769,杭州,西湖区,文新社区,2026-08-01 09:00,0.024,2.1,0.34,27.0,正常,0
HZ004770,杭州,滨江区,白马湖社区,2026-08-03 17:00,0.061,4.8,0.34,32.7,正常,0
HZ004771,杭州,余杭区,仓前家园,2026-08-04 22:00,0.028,2.1,0.39,30.2,正常,0
HZ004772,杭州,拱墅区,半山家园,2026-08-02 10:00,0.077,6.5,0.35,28.3,正常,0
HZ004773,杭州,上城区,望江新园,2026-08-03 17:00,0.105,9.2,0.29,31.2,正常,0
HZ004774,杭州,萧山区,钱江世纪城社区,2026-08-05 23:00,0.064,4.3,0.36,27.8,正常,0
HZ004775,杭州,钱塘区,河庄新苑,2026-08-01 05:00,0.008,0.5,0.39,29.0,正常,0
HZ004776,杭州,临平区,南苑小区,2026-08-06 08:00,0.055,3.8,0.33,28.7,正常,0
HZ004777,杭州,西湖区,文新社区,2026-08-03 23:00,0.048,3.0,0.36,31.0,正常,0
HZ004778,杭州,滨江区,钱塘春晓,2026-08-07 10:00,0.108,7.7,0.37,29.8,正常,0
HZ004779,杭州,余杭区,闲林山水,2026-08-07 04:00,0.030,2.0,0.33,28.3,正常,0
HZ004780,杭州,拱墅区,半山家园,2026-08-05 08:00,0.029,2.0,0.33,30.7,正常,0
HZ004781,杭州,上城区,采荷小区,2026-08-01 23:00,0.059,5.8,0.30,30.6,正常,0
HZ004782,杭州,萧山区,湘湖家园,2026-08-07 21:00,0.091,6.8,0.30,30.8,正常,0
HZ004783,杭州,钱塘区,江东家园,2026-08-06 15:00,0.083,5.3,0.37,32.3,正常,0
HZ004784,杭州,临平区,乔司家园,2026-08-07 02:00,0.013,1.1,0.37,30.0,正常,0
HZ004785,杭州,西湖区,翠苑小区,2026-08-06 02:00,0.023,2.1,0.31,28.1,正常,0
HZ004786,杭州,滨江区,江南花园,2026-08-05 03:00,0.021,1.8,0.35,30.9,正常,0
HZ004787,杭州,余杭区,仓前家园,2026-08-02 05:00,0.003,0.3,0.34,30.5,正常,0
HZ004788,杭州,拱墅区,运河新城社区,2026-08-04 18:00,0.060,4.9,0.18,28.3,异常,1
HZ004789,杭州,上城区,丁兰社区,2026-08-03 10:00,0.145,9.8,0.39,29.2,正常,0
HZ004790,杭州,萧山区,宁围佳境,2026-08-05 23:00,0.057,4.0,0.33,27.8,正常,0
HZ004791,杭州,钱塘区,下沙社区,2026-08-02 06:00,0.107,8.2,0.30,30.0,正常,0
HZ004792,杭州,临平区,南苑小区,2026-08-01 18:00,0.031,2.6,0.32,29.2,正常,0
HZ004793,杭州,西湖区,文新社区,2026-08-03 18:00,0.053,5.3,0.37,28.2,正常,0
HZ004794,杭州,滨江区,滨康小区,2026-08-05 11:00,0.096,8.0,0.32,32.5,正常,0
HZ004795,杭州,余杭区,闲林山水,2026-08-02 02:00,0.012,0.9,0.37,27.2,正常,0
HZ004796,杭州,拱墅区,运河新城社区,2026-08-01 17:00,0.050,4.0,0.29,33.8,正常,0
HZ004797,杭州,上城区,丁兰社区,2026-08-01 22:00,0.061,4.8,0.37,28.7,正常,0
HZ004798,杭州,萧山区,宁围佳境,2026-08-02 13:00,0.121,10.4,0.39,33.8,正常,0
HZ004799,杭州,钱塘区,大学城北社区,2026-08-04 14:00,0.041,4.0,0.37,32.7,正常,0
HZ004800,杭州,临平区,南苑小区,2026-08-04 07:00,0.023,1.8,0.38,29.4,正常,0
HZ004801,杭州,西湖区,三墩新天地,2026-08-03 11:00,0.080,7.0,0.31,31.5,正常,0
HZ004802,杭州,滨江区,钱塘春晓,2026-08-03 21:00,0.085,6.4,0.33,28.0,正常,0
HZ004803,杭州,余杭区,良渚文化村,2026-08-07 11:00,0.056,5.1,0.31,30.1,正常,0
HZ004804,杭州,拱墅区,运河新城社区,2026-08-01 03:00,0.001,0.1,0.55,29.1,异常,1
HZ004805,杭州,上城区,近江家园,2026-08-02 18:00,0.110,6.9,0.33,28.6,正常,0
HZ004806,杭州,萧山区,湘湖家园,2026-08-06 16:00,0.123,8.8,0.37,32.2,正常,0
HZ004807,杭州,钱塘区,江东家园,2026-08-06 14:00,0.013,1.3,0.31,33.1,正常,0
HZ004808,杭州,临平区,星桥社区,2026-08-02 09:00,0.034,2.1,0.35,29.9,正常,0
HZ004809,杭州,西湖区,三墩新天地,2026-08-07 14:00,0.090,7.5,0.33,33.0,正常,0
HZ004810,杭州,滨江区,白马湖社区,2026-08-01 10:00,0.070,6.5,0.35,29.0,正常,0
HZ004811,杭州,余杭区,闲林山水,2026-08-05 02:00,0.030,2.1,0.30,27.6,正常,0
HZ004812,杭州,拱墅区,运河新城社区,2026-08-07 02:00,0.011,1.1,0.29,28.3,正常,0
HZ004813,杭州,上城区,丁兰社区,2026-08-05 06:00,0.029,2.2,0.33,27.1,正常,0
HZ004814,杭州,萧山区,湘湖家园,2026-08-04 18:00,0.072,6.7,0.35,27.9,正常,0
HZ004815,杭州,钱塘区,大学城北社区,2026-08-03 22:00,0.026,1.6,0.35,29.3,正常,0
HZ004816,杭州,临平区,塘栖人家,2026-08-04 02:00,0.008,0.6,0.33,30.0,正常,0
HZ004817,杭州,西湖区,转塘家园,2026-08-03 03:00,0.031,2.3,0.36,27.1,正常,0
HZ004818,杭州,滨江区,江南花园,2026-08-06 01:00,0.015,1.1,0.35,27.7,正常,0
HZ004819,杭州,余杭区,闲林山水,2026-08-07 22:00,0.036,2.5,0.32,30.2,正常,0
HZ004820,杭州,拱墅区,大关小区,2026-08-07 07:00,0.063,5.7,0.39,27.4,正常,0
HZ004821,杭州,上城区,丁兰社区,2026-08-02 20:00,0.015,1.3,0.31,29.2,正常,0
HZ004822,杭州,萧山区,北干社区,2026-08-03 09:00,0.100,7.9,0.37,28.5,正常,0
HZ004823,杭州,钱塘区,大学城北社区,2026-08-06 02:00,0.010,0.9,0.34,29.8,正常,0
HZ004824,杭州,临平区,塘栖人家,2026-08-01 22:00,0.034,3.1,0.38,30.6,正常,0
HZ004825,杭州,西湖区,文新社区,2026-08-07 08:00,0.055,5.5,0.38,30.2,正常,0
HZ004826,杭州,滨江区,白马湖社区,2026-08-03 23:00,0.018,1.7,0.36,27.3,正常,0
HZ004827,杭州,余杭区,仓前家园,2026-08-03 10:00,0.079,6.5,0.35,29.7,正常,0
HZ004828,杭州,拱墅区,运河新城社区,2026-08-02 23:00,0.041,3.8,0.36,29.1,正常,0
HZ004829,杭州,上城区,丁兰社区,2026-08-03 22:00,0.098,7.8,0.35,28.0,正常,0
HZ004830,杭州,萧山区,宁围佳境,2026-08-04 14:00,0.036,3.2,0.38,32.2,正常,0
HZ004831,杭州,钱塘区,大学城北社区,2026-08-07 13:00,0.129,9.2,0.35,32.3,正常,0
HZ004832,杭州,临平区,乔司家园,2026-08-02 10:00,0.138,10.3,0.31,29.8,正常,0
HZ004833,杭州,西湖区,翠苑小区,2026-08-07 02:00,0.016,1.1,0.35,27.6,正常,0
HZ004834,杭州,滨江区,江南花园,2026-08-06 13:00,0.083,7.0,0.32,33.4,正常,0
HZ004835,杭州,余杭区,仓前家园,2026-08-05 12:00,0.105,8.7,0.29,30.7,正常,0
HZ004836,杭州,拱墅区,大关小区,2026-08-07 12:00,0.035,2.9,0.30,30.7,正常,0
HZ004837,杭州,上城区,采荷小区,2026-08-07 11:00,0.083,6.0,0.37,32.1,正常,0
HZ004838,杭州,萧山区,北干社区,2026-08-04 02:00,0.030,2.1,0.30,29.7,正常,0
HZ004839,杭州,钱塘区,下沙社区,2026-08-07 00:00,0.025,1.5,0.31,28.2,正常,0
HZ004840,杭州,临平区,南苑小区,2026-08-02 15:00,0.009,0.9,0.37,31.0,正常,0
HZ004841,杭州,西湖区,转塘家园,2026-08-01 13:00,0.062,4.0,0.38,33.2,正常,0
HZ004842,杭州,滨江区,白马湖社区,2026-08-07 06:00,0.041,4.1,0.34,28.3,正常,0
HZ004843,杭州,余杭区,闲林山水,2026-08-01 07:00,0.172,12.3,0.38,28.7,异常,1
HZ004844,杭州,拱墅区,运河新城社区,2026-08-02 12:00,0.087,6.4,0.30,32.0,正常,0
HZ004845,杭州,上城区,近江家园,2026-08-02 06:00,0.074,4.7,0.29,28.2,正常,0
HZ004846,杭州,萧山区,宁围佳境,2026-08-07 18:00,0.082,5.8,0.33,27.2,正常,0
HZ004847,杭州,钱塘区,下沙社区,2026-08-04 06:00,0.112,7.3,0.28,27.5,正常,0
HZ004848,杭州,临平区,南苑小区,2026-08-04 00:00,0.004,0.4,0.32,28.4,正常,0
HZ004849,杭州,西湖区,文新社区,2026-08-01 14:00,0.021,1.8,0.33,33.6,正常,0
HZ004850,杭州,滨江区,白马湖社区,2026-08-03 07:00,0.071,6.3,0.34,27.3,正常,0
HZ004851,杭州,余杭区,仓前家园,2026-08-05 04:00,0.024,1.7,0.36,30.2,正常,0
HZ004852,杭州,拱墅区,湖墅家园,2026-08-07 03:00,0.014,1.3,0.31,30.4,正常,0
HZ004853,杭州,上城区,采荷小区,2026-08-06 05:00,0.008,0.6,0.38,29.7,正常,0
HZ004854,杭州,萧山区,北干社区,2026-08-03 12:00,0.034,3.1,0.53,30.2,异常,1
HZ004855,杭州,钱塘区,大学城北社区,2026-08-04 11:00,0.033,2.3,0.35,33.1,正常,0
HZ004856,杭州,临平区,塘栖人家,2026-08-04 08:00,0.129,9.4,0.34,28.0,正常,0
HZ004857,杭州,西湖区,转塘家园,2026-08-01 14:00,0.028,1.9,0.32,31.7,正常,0
HZ004858,杭州,滨江区,江南花园,2026-08-06 16:00,0.027,1.8,0.33,31.4,正常,0
HZ004859,杭州,余杭区,未来科技城社区,2026-08-02 00:00,0.003,0.3,0.29,29.4,正常,0
HZ004860,杭州,拱墅区,湖墅家园,2026-08-03 10:00,0.095,6.1,0.35,27.8,正常,0
HZ004861,杭州,上城区,近江家园,2026-08-07 14:00,0.098,8.0,0.37,31.2,正常,0
HZ004862,杭州,萧山区,湘湖家园,2026-08-03 11:00,0.026,2.0,0.36,30.1,正常,0
HZ004863,杭州,钱塘区,河庄新苑,2026-08-04 11:00,0.073,4.9,0.34,33.9,正常,0
HZ004864,杭州,临平区,南苑小区,2026-08-06 20:00,0.090,8.2,0.29,28.3,正常,0
HZ004865,杭州,西湖区,翠苑小区,2026-08-01 03:00,0.024,2.3,0.29,30.5,正常,0
HZ004866,杭州,滨江区,江南花园,2026-08-05 11:00,0.066,4.2,0.36,33.5,正常,0
HZ004867,杭州,余杭区,仓前家园,2026-08-05 23:00,0.115,7.6,0.28,30.7,正常,0
HZ004868,杭州,拱墅区,湖墅家园,2026-08-07 13:00,0.058,5.3,0.31,30.8,正常,0
HZ004869,杭州,上城区,近江家园,2026-08-04 20:00,0.091,5.7,0.33,29.7,正常,0
HZ004870,杭州,萧山区,湘湖家园,2026-08-03 00:00,0.023,1.9,0.37,29.5,正常,0
HZ004871,杭州,钱塘区,河庄新苑,2026-08-06 10:00,0.107,9.5,0.30,30.2,正常,0
HZ004872,杭州,临平区,南苑小区,2026-08-05 17:00,0.146,10.0,0.36,33.6,正常,0
HZ004873,杭州,西湖区,转塘家园,2026-08-02 11:00,0.126,10.2,0.37,32.9,正常,0
HZ004874,杭州,滨江区,白马湖社区,2026-08-02 09:00,0.036,2.9,0.32,30.6,正常,0
HZ004875,杭州,余杭区,闲林山水,2026-08-05 09:00,0.128,9.8,0.29,30.2,正常,0
HZ004876,杭州,拱墅区,运河新城社区,2026-08-03 08:00,0.071,5.7,0.38,30.7,正常,0
HZ004877,杭州,上城区,丁兰社区,2026-08-06 11:00,0.062,4.5,0.29,30.1,正常,0
HZ004878,杭州,萧山区,宁围佳境,2026-08-07 22:00,0.053,4.7,0.19,30.4,异常,1
HZ004879,杭州,钱塘区,大学城北社区,2026-08-01 04:00,0.036,2.2,0.37,29.8,正常,0
HZ004880,杭州,临平区,星桥社区,2026-08-06 14:00,0.143,9.2,0.30,31.5,正常,0
HZ004881,杭州,西湖区,翠苑小区,2026-08-02 20:00,0.033,2.3,0.34,29.5,正常,0
HZ004882,杭州,滨江区,滨康小区,2026-08-07 06:00,0.022,1.5,0.39,30.8,正常,0
HZ004883,杭州,余杭区,良渚文化村,2026-08-01 08:00,0.147,9.7,0.35,28.6,正常,0
HZ004884,杭州,拱墅区,运河新城社区,2026-08-04 04:00,0.019,1.3,0.31,27.9,正常,0
HZ004885,杭州,上城区,近江家园,2026-08-06 03:00,0.027,1.9,0.30,30.6,正常,0
HZ004886,杭州,萧山区,钱江世纪城社区,2026-08-02 19:00,0.032,3.1,0.30,27.4,正常,0
HZ004887,杭州,钱塘区,江东家园,2026-08-01 12:00,0.076,5.6,0.37,31.4,正常,0
HZ004888,杭州,临平区,星桥社区,2026-08-05 12:00,0.085,7.0,0.29,30.1,正常,0
HZ004889,杭州,西湖区,翠苑小区,2026-08-06 12:00,0.118,8.4,0.31,31.3,正常,0
HZ004890,杭州,滨江区,滨康小区,2026-08-05 00:00,0.004,0.3,0.34,29.6,正常,0
HZ004891,杭州,余杭区,仓前家园,2026-08-02 11:00,0.086,6.3,0.36,30.4,正常,0
HZ004892,杭州,拱墅区,运河新城社区,2026-08-01 02:00,0.003,0.2,0.28,30.3,正常,0
HZ004893,杭州,上城区,近江家园,2026-08-04 03:00,0.024,2.3,0.34,29.6,正常,0
HZ004894,杭州,萧山区,钱江世纪城社区,2026-08-04 22:00,0.048,3.9,0.34,30.8,正常,0
HZ004895,杭州,钱塘区,大学城北社区,2026-08-05 08:00,0.091,9.0,0.28,29.1,正常,0
HZ004896,杭州,临平区,塘栖人家,2026-08-05 18:00,0.108,6.8,0.35,29.2,正常,0
HZ004897,杭州,西湖区,转塘家园,2026-08-02 22:00,0.105,9.0,0.39,30.2,正常,0
HZ004898,杭州,滨江区,钱塘春晓,2026-08-01 11:00,0.059,4.4,0.36,33.5,正常,0
HZ004899,杭州,余杭区,良渚文化村,2026-08-07 21:00,0.380,19.4,0.36,28.0,异常,1
HZ004900,杭州,拱墅区,湖墅家园,2026-08-03 12:00,0.036,3.5,0.34,32.5,正常,0
HZ004901,杭州,上城区,采荷小区,2026-08-05 07:00,0.083,5.8,0.33,28.3,正常,0
HZ004902,杭州,萧山区,钱江世纪城社区,2026-08-02 07:00,0.148,9.3,0.32,27.3,正常,0
HZ004903,杭州,钱塘区,下沙社区,2026-08-03 10:00,0.096,8.0,0.32,29.2,正常,0
HZ004904,杭州,临平区,星桥社区,2026-08-06 18:00,0.129,9.5,0.36,31.0,正常,0
HZ004905,杭州,西湖区,翠苑小区,2026-08-05 12:00,0.090,8.0,0.34,32.7,正常,0
HZ004906,杭州,滨江区,江南花园,2026-08-05 16:00,0.061,6.0,0.31,31.3,正常,0
HZ004907,杭州,余杭区,良渚文化村,2026-08-01 13:00,0.022,2.1,0.31,31.8,正常,0
HZ004908,杭州,拱墅区,半山家园,2026-08-01 10:00,0.036,3.3,0.33,28.6,正常,0
HZ004909,杭州,上城区,望江新园,2026-08-02 22:00,0.101,9.8,0.33,30.9,正常,0
HZ004910,杭州,萧山区,宁围佳境,2026-08-07 17:00,0.110,9.5,0.29,32.5,正常,0
HZ004911,杭州,钱塘区,下沙社区,2026-08-03 19:00,0.072,5.1,0.29,28.2,正常,0
HZ004912,杭州,临平区,南苑小区,2026-08-02 05:00,0.014,1.3,0.36,30.3,正常,0
HZ004913,杭州,西湖区,转塘家园,2026-08-03 03:00,0.011,1.1,0.33,29.1,正常,0
HZ004914,杭州,滨江区,江南花园,2026-08-05 04:00,0.020,1.9,0.36,30.6,正常,0
HZ004915,杭州,余杭区,仓前家园,2026-08-04 23:00,0.225,17.7,0.37,28.1,异常,1
HZ004916,杭州,拱墅区,湖墅家园,2026-08-02 22:00,0.071,4.8,0.36,29.1,正常,0
HZ004917,杭州,上城区,近江家园,2026-08-07 11:00,0.063,5.0,0.34,33.7,正常,0
HZ004918,杭州,萧山区,钱江世纪城社区,2026-08-03 20:00,0.077,7.5,0.38,27.1,正常,0
HZ004919,杭州,钱塘区,河庄新苑,2026-08-07 15:00,0.121,8.6,0.33,30.2,正常,0
HZ004920,杭州,临平区,星桥社区,2026-08-03 09:00,0.143,9.2,0.30,28.9,正常,0
HZ004921,杭州,西湖区,转塘家园,2026-08-07 04:00,0.001,0.1,0.32,28.5,正常,0
HZ004922,杭州,滨江区,江南花园,2026-08-05 05:00,0.007,0.5,0.39,29.2,正常,0
HZ004923,杭州,余杭区,仓前家园,2026-08-04 21:00,0.084,5.4,0.34,27.5,正常,0
HZ004924,杭州,拱墅区,运河新城社区,2026-08-05 16:00,0.105,7.8,0.30,32.4,正常,0
HZ004925,杭州,上城区,望江新园,2026-08-04 11:00,0.095,8.0,0.28,33.0,正常,0
HZ004926,杭州,萧山区,钱江世纪城社区,2026-08-06 19:00,0.107,9.5,0.31,27.8,正常,0
HZ004927,杭州,钱塘区,江东家园,2026-08-06 18:00,0.067,6.1,0.34,30.6,正常,0
HZ004928,杭州,临平区,星桥社区,2026-08-05 05:00,0.012,0.9,0.39,27.7,正常,0
HZ004929,杭州,西湖区,三墩新天地,2026-08-02 04:00,0.002,0.2,0.33,29.9,正常,0
HZ004930,杭州,滨江区,江南花园,2026-08-01 19:00,0.034,2.4,0.35,28.9,正常,0
HZ004931,杭州,余杭区,仓前家园,2026-08-03 19:00,0.025,1.8,0.32,27.6,正常,0
HZ004932,杭州,拱墅区,大关小区,2026-08-07 07:00,0.152,10.5,0.35,29.5,正常,0
HZ004933,杭州,上城区,采荷小区,2026-08-04 11:00,0.152,10.0,0.36,30.8,正常,0
HZ004934,杭州,萧山区,湘湖家园,2026-08-07 08:00,0.064,4.1,0.38,28.3,正常,0
HZ004935,杭州,钱塘区,江东家园,2026-08-06 19:00,0.071,6.1,0.37,28.8,正常,0
HZ004936,杭州,临平区,星桥社区,2026-08-07 01:00,0.023,1.9,0.38,29.0,正常,0
HZ004937,杭州,西湖区,三墩新天地,2026-08-05 17:00,0.073,7.1,0.28,33.6,正常,0
HZ004938,杭州,滨江区,白马湖社区,2026-08-02 06:00,0.073,5.2,0.34,29.6,正常,0
HZ004939,杭州,余杭区,仓前家园,2026-08-06 03:00,0.007,0.6,0.33,27.7,正常,0
HZ004940,杭州,拱墅区,湖墅家园,2026-08-01 00:00,0.020,1.6,0.33,30.7,正常,0
HZ004941,杭州,上城区,望江新园,2026-08-07 21:00,0.258,19.3,0.37,30.5,异常,1
HZ004942,杭州,萧山区,湘湖家园,2026-08-05 15:00,0.016,1.3,0.34,30.4,正常,0
HZ004943,杭州,钱塘区,下沙社区,2026-08-06 09:00,0.112,10.2,0.39,27.9,正常,0
HZ004944,杭州,临平区,星桥社区,2026-08-06 17:00,0.119,8.2,0.34,31.4,正常,0
HZ004945,杭州,西湖区,翠苑小区,2026-08-02 19:00,0.119,10.4,0.32,29.4,正常,0
HZ004946,杭州,滨江区,白马湖社区,2026-08-07 03:00,0.005,0.3,0.38,29.5,正常,0
HZ004947,杭州,余杭区,未来科技城社区,2026-08-06 08:00,0.138,9.0,0.34,29.8,正常,0
HZ004948,杭州,拱墅区,运河新城社区,2026-08-03 19:00,0.045,4.3,0.29,30.9,正常,0
HZ004949,杭州,上城区,丁兰社区,2026-08-07 18:00,0.460,23.3,0.30,29.1,异常,1
HZ004950,杭州,萧山区,湘湖家园,2026-08-06 01:00,0.022,2.1,0.37,29.7,正常,0
HZ004951,杭州,钱塘区,河庄新苑,2026-08-01 22:00,0.053,5.1,0.31,27.3,正常,0
HZ004952,杭州,临平区,南苑小区,2026-08-05 08:00,0.161,10.2,0.30,30.8,正常,0
HZ004953,杭州,西湖区,翠苑小区,2026-08-07 13:00,0.119,8.6,0.31,32.0,正常,0
HZ004954,杭州,滨江区,钱塘春晓,2026-08-02 06:00,0.050,3.5,0.31,27.3,正常,0
HZ004955,杭州,余杭区,未来科技城社区,2026-08-03 13:00,0.102,7.6,0.34,33.4,正常,0
HZ004956,杭州,拱墅区,湖墅家园,2026-08-02 14:00,0.068,6.4,0.33,30.3,正常,0
HZ004957,杭州,上城区,近江家园,2026-08-02 23:00,0.010,0.9,0.37,28.8,正常,0
HZ004958,杭州,萧山区,钱江世纪城社区,2026-08-02 15:00,0.038,3.8,0.39,32.6,正常,0
HZ004959,杭州,钱塘区,河庄新苑,2026-08-05 07:00,0.365,23.9,0.35,27.6,异常,1
HZ004960,杭州,临平区,南苑小区,2026-08-06 09:00,0.035,2.8,0.38,30.0,正常,0
HZ004961,杭州,西湖区,三墩新天地,2026-08-02 02:00,0.030,2.2,0.39,29.9,正常,0
HZ004962,杭州,滨江区,钱塘春晓,2026-08-07 21:00,0.149,10.0,0.38,30.1,正常,0
HZ004963,杭州,余杭区,良渚文化村,2026-08-02 09:00,0.073,7.2,0.30,27.5,正常,0
HZ004964,杭州,拱墅区,半山家园,2026-08-04 14:00,0.092,7.1,0.36,31.7,正常,0
HZ004965,杭州,上城区,丁兰社区,2026-08-06 13:00,0.071,5.9,0.29,32.0,正常,0
HZ004966,杭州,萧山区,钱江世纪城社区,2026-08-01 01:00,0.024,2.2,0.34,30.2,正常,0
HZ004967,杭州,钱塘区,大学城北社区,2026-08-01 23:00,0.070,5.3,0.36,27.9,正常,0
HZ004968,杭州,临平区,乔司家园,2026-08-02 20:00,0.014,1.4,0.39,29.4,正常,0
HZ004969,杭州,西湖区,三墩新天地,2026-08-06 21:00,0.012,0.8,0.31,28.2,正常,0
HZ004970,杭州,滨江区,钱塘春晓,2026-08-04 00:00,0.025,1.7,0.31,27.1,正常,0
HZ004971,杭州,余杭区,良渚文化村,2026-08-04 09:00,0.078,7.7,0.30,28.8,正常,0
HZ004972,杭州,拱墅区,半山家园,2026-08-02 09:00,0.069,5.4,0.32,30.5,正常,0
HZ004973,杭州,上城区,望江新园,2026-08-07 08:00,0.099,9.2,0.31,28.9,正常,0
HZ004974,杭州,萧山区,钱江世纪城社区,2026-08-03 20:00,0.013,1.1,0.30,29.0,正常,0
HZ004975,杭州,钱塘区,大学城北社区,2026-08-01 21:00,0.042,2.9,0.34,27.3,正常,0
HZ004976,杭州,临平区,星桥社区,2026-08-06 13:00,0.061,4.5,0.33,31.3,正常,0
HZ004977,杭州,西湖区,转塘家园,2026-08-03 17:00,0.079,5.4,0.31,33.4,正常,0
HZ004978,杭州,滨江区,钱塘春晓,2026-08-05 21:00,0.078,5.8,0.30,28.9,正常,0
HZ004979,杭州,余杭区,仓前家园,2026-08-05 22:00,0.098,8.2,0.33,30.7,正常,0
HZ004980,杭州,拱墅区,大关小区,2026-08-07 20:00,0.037,3.0,0.34,29.4,正常,0
HZ004981,杭州,上城区,采荷小区,2026-08-06 16:00,0.047,3.7,0.31,32.5,正常,0
HZ004982,杭州,萧山区,钱江世纪城社区,2026-08-05 00:00,0.011,0.7,0.34,30.2,正常,0
HZ004983,杭州,钱塘区,下沙社区,2026-08-04 10:00,0.019,1.7,0.35,27.8,正常,0
HZ004984,杭州,临平区,塘栖人家,2026-08-02 23:00,0.108,8.3,0.30,28.4,正常,0
HZ004985,杭州,西湖区,三墩新天地,2026-08-05 17:00,0.033,3.3,0.29,31.6,正常,0
HZ004986,杭州,滨江区,白马湖社区,2026-08-06 13:00,0.069,5.8,0.39,32.4,正常,0
HZ004987,杭州,余杭区,闲林山水,2026-08-06 05:00,0.010,0.7,0.28,29.2,正常,0
HZ004988,杭州,拱墅区,大关小区,2026-08-01 14:00,0.024,1.8,0.28,31.7,正常,0
HZ004989,杭州,上城区,望江新园,2026-08-07 11:00,0.076,6.0,0.37,30.4,正常,0
HZ004990,杭州,萧山区,湘湖家园,2026-08-05 04:00,0.017,1.4,0.32,30.1,正常,0
HZ004991,杭州,钱塘区,下沙社区,2026-08-06 05:00,0.017,1.1,0.32,27.5,正常,0
HZ004992,杭州,临平区,星桥社区,2026-08-07 10:00,0.112,7.7,0.38,28.5,正常,0
HZ004993,杭州,西湖区,翠苑小区,2026-08-07 15:00,0.102,7.2,0.32,31.0,正常,0
HZ004994,杭州,滨江区,滨康小区,2026-08-06 15:00,0.028,2.4,0.37,33.0,正常,0
HZ004995,杭州,余杭区,仓前家园,2026-08-03 01:00,0.019,1.6,0.38,30.0,正常,0
HZ004996,杭州,拱墅区,半山家园,2026-08-06 19:00,0.027,1.8,0.31,30.3,正常,0
HZ004997,杭州,上城区,望江新园,2026-08-02 00:00,0.030,2.0,0.31,30.6,正常,0
HZ004998,杭州,萧山区,北干社区,2026-08-07 17:00,0.048,4.1,0.30,30.6,正常,0
HZ004999,杭州,钱塘区,江东家园,2026-08-06 17:00,0.044,3.2,0.35,33.9,正常,0
HZ005000,杭州,临平区,乔司家园,2026-08-06 18:00,0.066,5.4,0.37,27.2,正常,0
HZ005001,杭州,西湖区,三墩新天地,2026-08-01 06:00,0.093,8.6,0.30,27.6,正常,0
HZ005002,杭州,滨江区,滨康小区,2026-08-04 20:00,0.017,1.3,0.30,29.8,正常,0
HZ005003,杭州,余杭区,仓前家园,2026-08-01 04:00,0.017,1.2,0.35,29.2,正常,0
HZ005004,杭州,拱墅区,运河新城社区,2026-08-03 08:00,0.010,0.8,0.38,29.3,正常,0
HZ005005,杭州,上城区,望江新园,2026-08-01 00:00,0.017,1.4,0.31,27.3,正常,0
HZ005006,杭州,萧山区,钱江世纪城社区,2026-08-02 16:00,0.107,8.5,0.39,34.0,正常,0
HZ005007,杭州,钱塘区,大学城北社区,2026-08-02 05:00,0.014,1.1,0.34,29.0,正常,0
HZ005008,杭州,临平区,星桥社区,2026-08-06 10:00,0.019,1.5,0.31,29.9,正常,0
HZ005009,杭州,西湖区,三墩新天地,2026-08-04 12:00,0.022,1.7,0.29,31.9,正常,0
HZ005010,杭州,滨江区,钱塘春晓,2026-08-02 21:00,0.129,9.3,0.39,29.0,正常,0
HZ005011,杭州,余杭区,仓前家园,2026-08-06 13:00,0.042,3.1,0.28,33.2,正常,0
HZ005012,杭州,拱墅区,运河新城社区,2026-08-02 06:00,0.045,3.6,0.32,28.8,正常,0
HZ005013,杭州,上城区,望江新园,2026-08-07 07:00,0.071,6.3,0.36,30.6,正常,0
HZ005014,杭州,萧山区,湘湖家园,2026-08-06 11:00,0.096,6.8,0.36,31.8,正常,0
HZ005015,杭州,钱塘区,河庄新苑,2026-08-01 14:00,0.086,5.9,0.35,31.9,正常,0
HZ005016,杭州,临平区,塘栖人家,2026-08-06 23:00,0.034,2.8,0.37,27.0,正常,0
HZ005017,杭州,西湖区,转塘家园,2026-08-06 23:00,0.102,6.9,0.36,28.8,正常,0
HZ005018,杭州,滨江区,江南花园,2026-08-03 08:00,0.053,4.0,0.33,27.1,正常,0
HZ005019,杭州,余杭区,仓前家园,2026-08-06 14:00,0.066,5.2,0.38,31.6,正常,0
HZ005020,杭州,拱墅区,运河新城社区,2026-08-01 21:00,0.021,1.6,0.29,30.5,正常,0
HZ005021,杭州,上城区,望江新园,2026-08-02 18:00,0.077,5.7,0.29,27.2,正常,0
HZ005022,杭州,萧山区,北干社区,2026-08-03 18:00,0.019,1.2,0.18,28.5,异常,1
HZ005023,杭州,钱塘区,河庄新苑,2026-08-04 00:00,0.005,0.4,0.33,27.6,正常,0
HZ005024,杭州,临平区,星桥社区,2026-08-01 00:00,0.026,1.9,0.36,29.9,正常,0
HZ005025,杭州,西湖区,三墩新天地,2026-08-01 04:00,0.008,0.7,0.33,30.7,正常,0
HZ005026,杭州,滨江区,江南花园,2026-08-01 07:00,0.054,3.7,0.36,30.2,正常,0
HZ005027,杭州,余杭区,良渚文化村,2026-08-07 10:00,0.071,5.8,0.31,30.1,正常,0
HZ005028,杭州,拱墅区,湖墅家园,2026-08-07 08:00,0.144,10.2,0.33,29.8,正常,0
HZ005029,杭州,上城区,丁兰社区,2026-08-03 19:00,0.146,9.6,0.33,27.2,正常,0
HZ005030,杭州,萧山区,钱江世纪城社区,2026-08-04 02:00,0.020,2.0,0.30,29.1,正常,0
HZ005031,杭州,钱塘区,河庄新苑,2026-08-07 23:00,0.109,9.8,0.35,28.9,正常,0
HZ005032,杭州,临平区,塘栖人家,2026-08-07 20:00,0.145,9.7,0.33,27.2,正常,0
HZ005033,杭州,西湖区,转塘家园,2026-08-03 09:00,0.014,1.1,0.31,29.8,正常,0
HZ005034,杭州,滨江区,钱塘春晓,2026-08-03 08:00,0.032,2.5,0.20,28.2,异常,1
HZ005035,杭州,余杭区,仓前家园,2026-08-02 06:00,0.099,8.5,0.35,29.3,正常,0
HZ005036,杭州,拱墅区,湖墅家园,2026-08-06 06:00,0.082,7.0,0.33,29.2,正常,0
HZ005037,杭州,上城区,望江新园,2026-08-04 06:00,0.080,6.1,0.36,29.7,正常,0
HZ005038,杭州,萧山区,湘湖家园,2026-08-06 02:00,0.013,1.3,0.33,30.0,正常,0
HZ005039,杭州,钱塘区,江东家园,2026-08-05 00:00,0.014,0.9,0.34,29.7,正常,0
HZ005040,杭州,临平区,乔司家园,2026-08-04 17:00,0.080,6.8,0.32,32.1,正常,0
HZ005041,杭州,西湖区,文新社区,2026-08-06 18:00,0.059,4.5,0.29,27.8,正常,0
HZ005042,杭州,滨江区,江南花园,2026-08-06 13:00,0.117,8.3,0.37,32.1,正常,0
HZ005043,杭州,余杭区,未来科技城社区,2026-08-06 08:00,0.037,3.6,0.31,28.2,正常,0
HZ005044,杭州,拱墅区,大关小区,2026-08-05 20:00,0.045,3.2,0.33,28.5,正常,0
HZ005045,杭州,上城区,望江新园,2026-08-07 12:00,0.050,4.6,0.33,33.6,正常,0
HZ005046,杭州,萧山区,湘湖家园,2026-08-05 22:00,0.091,6.6,0.38,28.0,正常,0
HZ005047,杭州,钱塘区,大学城北社区,2026-08-01 09:00,0.121,7.8,0.29,29.2,正常,0
HZ005048,杭州,临平区,塘栖人家,2026-08-04 23:00,0.040,2.9,0.29,29.7,正常,0
HZ005049,杭州,西湖区,转塘家园,2026-08-06 02:00,0.021,2.0,0.39,27.4,正常,0
HZ005050,杭州,滨江区,滨康小区,2026-08-01 08:00,0.075,5.7,0.37,28.1,正常,0
HZ005051,杭州,余杭区,良渚文化村,2026-08-07 05:00,0.011,0.9,0.30,28.4,正常,0
HZ005052,杭州,拱墅区,大关小区,2026-08-04 21:00,0.050,4.3,0.32,28.8,正常,0
HZ005053,杭州,上城区,望江新园,2026-08-04 18:00,0.266,16.0,0.32,27.5,异常,1
HZ005054,杭州,萧山区,钱江世纪城社区,2026-08-01 07:00,0.091,8.7,0.33,29.7,正常,0
HZ005055,杭州,钱塘区,下沙社区,2026-08-02 23:00,0.443,22.9,0.32,29.3,异常,1
HZ005056,杭州,临平区,乔司家园,2026-08-01 03:00,0.007,0.5,0.29,29.7,正常,0
HZ005057,杭州,西湖区,文新社区,2026-08-04 02:00,0.029,1.9,0.38,29.3,正常,0
HZ005058,杭州,滨江区,滨康小区,2026-08-01 16:00,0.095,8.3,0.32,33.8,正常,0
HZ005059,杭州,余杭区,闲林山水,2026-08-07 03:00,0.002,0.1,0.29,28.8,正常,0
HZ005060,杭州,拱墅区,半山家园,2026-08-02 12:00,0.118,7.6,0.30,33.4,正常,0
HZ005061,杭州,上城区,近江家园,2026-08-03 23:00,0.112,10.4,0.39,27.6,正常,0
HZ005062,杭州,萧山区,湘湖家园,2026-08-04 07:00,0.138,10.3,0.32,29.2,正常,0
HZ005063,杭州,钱塘区,江东家园,2026-08-01 23:00,0.099,7.1,0.34,28.6,正常,0
HZ005064,杭州,临平区,南苑小区,2026-08-03 21:00,0.108,7.0,0.32,30.2,正常,0
HZ005065,杭州,西湖区,翠苑小区,2026-08-05 20:00,0.107,6.9,0.32,27.8,正常,0
HZ005066,杭州,滨江区,滨康小区,2026-08-07 22:00,0.126,9.4,0.36,27.8,正常,0
HZ005067,杭州,余杭区,闲林山水,2026-08-01 09:00,0.088,6.8,0.32,30.2,正常,0
HZ005068,杭州,拱墅区,大关小区,2026-08-05 23:00,0.033,2.9,0.37,28.5,正常,0
HZ005069,杭州,上城区,近江家园,2026-08-07 22:00,0.075,7.4,0.31,30.2,正常,0
HZ005070,杭州,萧山区,宁围佳境,2026-08-01 07:00,0.095,9.5,0.39,28.2,正常,0
HZ005071,杭州,钱塘区,江东家园,2026-08-05 20:00,0.043,4.0,0.37,28.4,正常,0
HZ005072,杭州,临平区,乔司家园,2026-08-02 07:00,0.095,7.1,0.33,30.6,正常,0
HZ005073,杭州,西湖区,文新社区,2026-08-05 06:00,0.129,10.0,0.37,28.4,正常,0
HZ005074,杭州,滨江区,白马湖社区,2026-08-05 10:00,0.040,3.8,0.34,27.8,正常,0
HZ005075,杭州,余杭区,仓前家园,2026-08-02 16:00,0.088,8.8,0.31,30.9,正常,0
HZ005076,杭州,拱墅区,湖墅家园,2026-08-02 10:00,0.022,1.8,0.50,28.4,异常,1
HZ005077,杭州,上城区,采荷小区,2026-08-04 07:00,0.047,4.4,0.39,28.9,正常,0
HZ005078,杭州,萧山区,湘湖家园,2026-08-06 00:00,0.024,1.6,0.30,29.1,正常,0
HZ005079,杭州,钱塘区,大学城北社区,2026-08-07 15:00,0.087,6.7,0.35,33.0,正常,0
HZ005080,杭州,临平区,乔司家园,2026-08-07 19:00,0.072,7.0,0.39,28.7,正常,0
HZ005081,杭州,西湖区,三墩新天地,2026-08-03 10:00,0.126,8.2,0.33,27.4,正常,0
HZ005082,杭州,滨江区,滨康小区,2026-08-03 05:00,0.029,2.0,0.32,27.7,正常,0
HZ005083,杭州,余杭区,闲林山水,2026-08-05 17:00,0.075,7.1,0.38,33.7,正常,0
HZ005084,杭州,拱墅区,半山家园,2026-08-03 02:00,0.002,0.1,0.36,30.6,正常,0
HZ005085,杭州,上城区,采荷小区,2026-08-07 01:00,0.017,1.2,0.28,27.6,正常,0
HZ005086,杭州,萧山区,宁围佳境,2026-08-01 04:00,0.008,0.6,0.38,27.7,正常,0
HZ005087,杭州,钱塘区,江东家园,2026-08-06 22:00,0.023,2.0,0.36,28.3,正常,0
HZ005088,杭州,临平区,星桥社区,2026-08-02 17:00,0.107,7.9,0.39,30.2,正常,0
HZ005089,杭州,西湖区,翠苑小区,2026-08-02 21:00,0.022,1.5,0.34,29.3,正常,0
HZ005090,杭州,滨江区,钱塘春晓,2026-08-05 10:00,0.018,1.6,0.31,27.8,正常,0
HZ005091,杭州,余杭区,仓前家园,2026-08-01 02:00,0.002,0.1,0.37,29.8,正常,0
HZ005092,杭州,拱墅区,大关小区,2026-08-06 19:00,0.115,10.2,0.37,28.2,正常,0
HZ005093,杭州,上城区,采荷小区,2026-08-04 22:00,0.057,3.8,0.30,30.8,正常,0
HZ005094,杭州,萧山区,钱江世纪城社区,2026-08-01 04:00,0.011,0.8,0.34,28.3,正常,0
HZ005095,杭州,钱塘区,河庄新苑,2026-08-05 08:00,0.138,9.1,0.37,29.2,正常,0
HZ005096,杭州,临平区,星桥社区,2026-08-02 10:00,0.163,10.5,0.29,27.7,正常,0
HZ005097,杭州,西湖区,翠苑小区,2026-08-06 15:00,0.014,0.9,0.32,33.8,正常,0
HZ005098,杭州,滨江区,江南花园,2026-08-02 08:00,0.100,7.8,0.36,28.7,正常,0
HZ005099,杭州,余杭区,仓前家园,2026-08-01 16:00,0.123,8.1,0.37,33.0,正常,0
HZ005100,杭州,拱墅区,大关小区,2026-08-02 16:00,0.019,1.6,0.37,32.1,正常,0
HZ005101,杭州,上城区,采荷小区,2026-08-04 10:00,0.125,9.6,0.39,30.2,正常,0
HZ005102,杭州,萧山区,北干社区,2026-08-06 12:00,0.077,4.9,0.30,30.1,正常,0
HZ005103,杭州,钱塘区,江东家园,2026-08-01 00:00,0.014,1.1,0.33,28.3,正常,0
HZ005104,杭州,临平区,星桥社区,2026-08-04 23:00,0.094,9.0,0.33,29.4,正常,0
HZ005105,杭州,西湖区,三墩新天地,2026-08-07 16:00,0.019,1.9,0.33,32.8,正常,0
HZ005106,杭州,滨江区,江南花园,2026-08-02 18:00,0.073,5.2,0.38,30.5,正常,0
HZ005107,杭州,余杭区,未来科技城社区,2026-08-02 15:00,0.138,8.9,0.36,31.0,正常,0
HZ005108,杭州,拱墅区,湖墅家园,2026-08-02 21:00,0.102,8.3,0.30,29.0,正常,0
HZ005109,杭州,上城区,望江新园,2026-08-07 04:00,0.020,1.4,0.33,29.0,正常,0
HZ005110,杭州,萧山区,钱江世纪城社区,2026-08-04 16:00,0.118,8.5,0.14,33.5,异常,1
HZ005111,杭州,钱塘区,大学城北社区,2026-08-04 15:00,0.059,4.9,0.39,30.5,正常,0
HZ005112,杭州,临平区,星桥社区,2026-08-04 02:00,0.004,0.4,0.30,30.4,正常,0
HZ005113,杭州,西湖区,翠苑小区,2026-08-02 23:00,0.090,7.6,0.34,28.2,正常,0
HZ005114,杭州,滨江区,钱塘春晓,2026-08-02 11:00,0.127,8.8,0.31,32.7,正常,0
HZ005115,杭州,余杭区,仓前家园,2026-08-02 19:00,0.036,3.4,0.28,28.3,正常,0
HZ005116,杭州,拱墅区,大关小区,2026-08-05 04:00,0.016,1.2,0.29,30.8,正常,0
HZ005117,杭州,上城区,望江新园,2026-08-01 12:00,0.015,1.3,0.37,33.3,正常,0
HZ005118,杭州,萧山区,钱江世纪城社区,2026-08-05 15:00,0.083,7.5,0.30,30.5,正常,0
HZ005119,杭州,钱塘区,江东家园,2026-08-06 04:00,0.023,1.5,0.28,30.7,正常,0
HZ005120,杭州,临平区,星桥社区,2026-08-04 13:00,0.118,8.5,0.30,31.8,正常,0
HZ005121,杭州,西湖区,翠苑小区,2026-08-04 23:00,0.116,10.2,0.37,28.1,正常,0
HZ005122,杭州,滨江区,滨康小区,2026-08-04 06:00,0.040,2.9,0.36,28.0,正常,0
HZ005123,杭州,余杭区,仓前家园,2026-08-06 10:00,0.018,1.3,0.31,29.6,正常,0
HZ005124,杭州,拱墅区,半山家园,2026-08-02 17:00,0.104,8.3,0.34,32.2,正常,0
HZ005125,杭州,上城区,近江家园,2026-08-07 13:00,0.087,6.4,0.34,33.1,正常,0
HZ005126,杭州,萧山区,湘湖家园,2026-08-06 05:00,0.002,0.2,0.31,30.9,正常,0
HZ005127,杭州,钱塘区,大学城北社区,2026-08-04 09:00,0.114,10.1,0.30,28.9,正常,0
HZ005128,杭州,临平区,南苑小区,2026-08-04 08:00,0.018,1.3,0.32,27.8,正常,0
HZ005129,杭州,西湖区,翠苑小区,2026-08-06 21:00,0.049,4.1,0.29,30.0,正常,0
HZ005130,杭州,滨江区,滨康小区,2026-08-06 00:00,0.023,1.8,0.29,27.6,正常,0
HZ005131,杭州,余杭区,闲林山水,2026-08-01 04:00,0.257,14.0,0.35,29.3,异常,1
HZ005132,杭州,拱墅区,大关小区,2026-08-05 15:00,0.132,8.5,0.35,32.6,正常,0
HZ005133,杭州,上城区,望江新园,2026-08-06 08:00,0.196,12.6,0.33,28.2,异常,1
HZ005134,杭州,萧山区,钱江世纪城社区,2026-08-01 19:00,0.011,0.7,0.33,30.9,正常,0
HZ005135,杭州,钱塘区,河庄新苑,2026-08-07 18:00,0.162,10.1,0.36,27.3,正常,0
HZ005136,杭州,临平区,南苑小区,2026-08-06 12:00,0.027,2.4,0.36,33.0,正常,0
HZ005137,杭州,西湖区,转塘家园,2026-08-01 14:00,0.089,6.3,0.36,33.9,正常,0
HZ005138,杭州,滨江区,白马湖社区,2026-08-04 16:00,0.012,1.0,0.38,31.4,正常,0
HZ005139,杭州,余杭区,闲林山水,2026-08-05 13:00,0.039,3.0,0.36,32.3,正常,0
HZ005140,杭州,拱墅区,大关小区,2026-08-03 08:00,0.100,8.6,0.35,29.6,正常,0
HZ005141,杭州,上城区,望江新园,2026-08-06 13:00,0.074,7.1,0.35,31.6,正常,0
HZ005142,杭州,萧山区,宁围佳境,2026-08-01 07:00,0.050,3.4,0.39,27.0,正常,0
HZ005143,杭州,钱塘区,大学城北社区,2026-08-03 12:00,0.109,7.3,0.33,32.6,正常,0
HZ005144,杭州,临平区,塘栖人家,2026-08-06 02:00,0.013,1.2,0.17,29.1,异常,1
HZ005145,杭州,西湖区,三墩新天地,2026-08-03 00:00,0.006,0.4,0.39,27.9,正常,0
HZ005146,杭州,滨江区,滨康小区,2026-08-03 16:00,0.115,9.5,0.35,33.3,正常,0
HZ005147,杭州,余杭区,未来科技城社区,2026-08-01 07:00,0.071,5.2,0.36,30.1,正常,0
HZ005148,杭州,拱墅区,运河新城社区,2026-08-05 22:00,0.117,9.8,0.31,28.7,正常,0
HZ005149,杭州,上城区,近江家园,2026-08-06 08:00,0.070,6.0,0.29,28.4,正常,0
HZ005150,杭州,萧山区,宁围佳境,2026-08-04 18:00,0.068,4.9,0.32,29.6,正常,0
HZ005151,杭州,钱塘区,河庄新苑,2026-08-04 11:00,0.038,3.3,0.32,30.6,正常,0
HZ005152,杭州,临平区,星桥社区,2026-08-06 06:00,0.013,1.1,0.33,27.2,正常,0
HZ005153,杭州,西湖区,文新社区,2026-08-02 18:00,0.084,5.4,0.37,28.8,正常,0
HZ005154,杭州,滨江区,白马湖社区,2026-08-05 03:00,0.029,2.1,0.37,29.8,正常,0
HZ005155,杭州,余杭区,良渚文化村,2026-08-03 00:00,0.008,0.6,0.39,29.5,正常,0
HZ005156,杭州,拱墅区,湖墅家园,2026-08-01 21:00,0.070,4.6,0.32,27.8,正常,0
HZ005157,杭州,上城区,近江家园,2026-08-06 19:00,0.143,9.2,0.33,28.1,正常,0
HZ005158,杭州,萧山区,湘湖家园,2026-08-04 14:00,0.042,3.9,0.31,30.2,正常,0
HZ005159,杭州,钱塘区,大学城北社区,2026-08-01 16:00,0.082,7.2,0.33,31.7,正常,0
HZ005160,杭州,临平区,塘栖人家,2026-08-05 16:00,0.076,5.1,0.38,30.8,正常,0
HZ005161,杭州,西湖区,转塘家园,2026-08-07 01:00,0.020,1.9,0.28,28.8,正常,0
HZ005162,杭州,滨江区,江南花园,2026-08-01 16:00,0.145,10.3,0.29,32.5,正常,0
HZ005163,杭州,余杭区,未来科技城社区,2026-08-07 09:00,0.077,7.4,0.32,28.8,正常,0
HZ005164,杭州,拱墅区,湖墅家园,2026-08-07 17:00,0.089,5.7,0.34,32.7,正常,0
HZ005165,杭州,上城区,望江新园,2026-08-01 13:00,0.038,3.8,0.35,32.1,正常,0
HZ005166,杭州,萧山区,湘湖家园,2026-08-05 20:00,0.031,2.6,0.34,27.6,正常,0
HZ005167,杭州,钱塘区,江东家园,2026-08-07 01:00,0.007,0.6,0.31,30.4,正常,0
HZ005168,杭州,临平区,南苑小区,2026-08-05 09:00,0.056,5.3,0.31,29.4,正常,0
HZ005169,杭州,西湖区,三墩新天地,2026-08-05 14:00,0.105,7.5,0.39,31.0,正常,0
HZ005170,杭州,滨江区,滨康小区,2026-08-04 21:00,0.069,5.3,0.37,30.9,正常,0
HZ005171,杭州,余杭区,未来科技城社区,2026-08-01 22:00,0.094,7.7,0.31,28.9,正常,0
HZ005172,杭州,拱墅区,半山家园,2026-08-02 05:00,0.027,2.1,0.37,27.3,正常,0
HZ005173,杭州,上城区,望江新园,2026-08-03 20:00,0.120,10.4,0.35,30.3,正常,0
HZ005174,杭州,萧山区,湘湖家园,2026-08-06 00:00,0.001,0.1,0.34,27.6,正常,0
HZ005175,杭州,钱塘区,江东家园,2026-08-07 06:00,0.058,4.0,0.39,28.6,正常,0
HZ005176,杭州,临平区,塘栖人家,2026-08-03 21:00,0.043,3.3,0.31,29.0,正常,0
HZ005177,杭州,西湖区,转塘家园,2026-08-01 07:00,0.014,0.9,0.37,28.1,正常,0
HZ005178,杭州,滨江区,江南花园,2026-08-03 22:00,0.050,4.2,0.15,28.2,异常,1
HZ005179,杭州,余杭区,闲林山水,2026-08-06 21:00,0.070,5.2,0.33,28.7,正常,0
HZ005180,杭州,拱墅区,半山家园,2026-08-04 03:00,0.015,1.2,0.34,28.8,正常,0
HZ005181,杭州,上城区,近江家园,2026-08-05 10:00,0.126,8.7,0.39,27.5,正常,0
HZ005182,杭州,萧山区,钱江世纪城社区,2026-08-02 12:00,0.120,7.6,0.31,33.4,正常,0
HZ005183,杭州,钱塘区,河庄新苑,2026-08-03 02:00,0.002,0.2,0.32,27.5,正常,0
HZ005184,杭州,临平区,乔司家园,2026-08-01 04:00,0.015,1.4,0.33,27.3,正常,0
HZ005185,杭州,西湖区,翠苑小区,2026-08-04 16:00,0.107,10.1,0.37,30.4,正常,0
HZ005186,杭州,滨江区,白马湖社区,2026-08-02 04:00,0.004,0.3,0.46,30.8,异常,1
HZ005187,杭州,余杭区,未来科技城社区,2026-08-04 23:00,0.017,1.5,0.35,28.9,正常,0
HZ005188,杭州,拱墅区,运河新城社区,2026-08-01 03:00,0.005,0.4,0.30,29.2,正常,0
HZ005189,杭州,上城区,丁兰社区,2026-08-02 23:00,0.079,6.1,0.31,27.8,正常,0
HZ005190,杭州,萧山区,湘湖家园,2026-08-04 10:00,0.078,5.6,0.38,28.1,正常,0
HZ005191,杭州,钱塘区,大学城北社区,2026-08-07 20:00,0.034,2.9,0.29,28.6,正常,0
HZ005192,杭州,临平区,乔司家园,2026-08-06 08:00,0.068,6.6,0.31,29.5,正常,0
HZ005193,杭州,西湖区,文新社区,2026-08-01 10:00,0.065,6.0,0.31,30.1,正常,0
HZ005194,杭州,滨江区,江南花园,2026-08-07 16:00,0.063,4.3,0.30,32.6,正常,0
HZ005195,杭州,余杭区,未来科技城社区,2026-08-03 09:00,0.019,1.6,0.32,29.4,正常,0
HZ005196,杭州,拱墅区,运河新城社区,2026-08-01 00:00,0.026,2.3,0.33,31.0,正常,0
HZ005197,杭州,上城区,采荷小区,2026-08-04 22:00,0.042,3.0,0.37,27.1,正常,0
HZ005198,杭州,萧山区,钱江世纪城社区,2026-08-06 10:00,0.062,5.8,0.32,28.9,正常,0
HZ005199,杭州,钱塘区,江东家园,2026-08-02 19:00,0.074,6.5,0.28,27.9,正常,0
HZ005200,杭州,临平区,星桥社区,2026-08-01 10:00,0.018,1.5,0.33,27.9,正常,0
HZ005201,杭州,西湖区,三墩新天地,2026-08-01 04:00,0.009,0.7,0.34,27.1,正常,0
HZ005202,杭州,滨江区,江南花园,2026-08-07 10:00,0.037,3.7,0.29,30.4,正常,0
HZ005203,杭州,余杭区,未来科技城社区,2026-08-02 10:00,0.027,2.0,0.36,30.3,正常,0
HZ005204,杭州,拱墅区,大关小区,2026-08-02 04:00,0.019,1.8,0.32,30.0,正常,0
HZ005205,杭州,上城区,望江新园,2026-08-05 00:00,0.020,1.2,0.33,27.9,正常,0
HZ005206,杭州,萧山区,湘湖家园,2026-08-02 06:00,0.116,8.1,0.30,27.7,正常,0
HZ005207,杭州,钱塘区,大学城北社区,2026-08-04 21:00,0.056,3.5,0.33,28.9,正常,0
HZ005208,杭州,临平区,星桥社区,2026-08-02 02:00,0.023,1.6,0.33,30.7,正常,0
HZ005209,杭州,西湖区,文新社区,2026-08-01 04:00,0.029,2.2,0.34,30.2,正常,0
HZ005210,杭州,滨江区,江南花园,2026-08-04 05:00,0.012,0.8,0.38,28.2,正常,0
HZ005211,杭州,余杭区,良渚文化村,2026-08-06 01:00,0.009,0.8,0.30,27.0,正常,0
HZ005212,杭州,拱墅区,半山家园,2026-08-06 22:00,0.087,5.9,0.31,29.6,正常,0
HZ005213,杭州,上城区,采荷小区,2026-08-06 19:00,0.031,2.7,0.39,27.7,正常,0
HZ005214,杭州,萧山区,宁围佳境,2026-08-05 04:00,0.022,2.0,0.37,28.0,正常,0
HZ005215,杭州,钱塘区,下沙社区,2026-08-03 03:00,0.018,1.2,0.36,27.9,正常,0
HZ005216,杭州,临平区,星桥社区,2026-08-07 02:00,0.019,1.3,0.31,30.0,正常,0
HZ005217,杭州,西湖区,三墩新天地,2026-08-07 18:00,0.037,2.8,0.31,29.3,正常,0
HZ005218,杭州,滨江区,江南花园,2026-08-06 14:00,0.012,1.1,0.29,31.6,正常,0
HZ005219,杭州,余杭区,良渚文化村,2026-08-03 13:00,0.035,2.6,0.35,31.4,正常,0
HZ005220,杭州,拱墅区,湖墅家园,2026-08-02 02:00,0.003,0.2,0.33,29.4,正常,0
HZ005221,杭州,上城区,望江新园,2026-08-01 07:00,0.045,4.0,0.31,29.7,正常,0
HZ005222,杭州,萧山区,钱江世纪城社区,2026-08-05 06:00,0.014,1.2,0.37,28.8,正常,0
HZ005223,杭州,钱塘区,大学城北社区,2026-08-05 22:00,0.136,8.8,0.38,28.2,正常,0
HZ005224,杭州,临平区,乔司家园,2026-08-07 07:00,0.122,8.7,0.36,29.4,正常,0
HZ005225,杭州,西湖区,三墩新天地,2026-08-03 03:00,0.016,1.2,0.38,27.8,正常,0
HZ005226,杭州,滨江区,江南花园,2026-08-04 02:00,0.017,1.2,0.28,29.2,正常,0
HZ005227,杭州,余杭区,良渚文化村,2026-08-02 13:00,0.070,6.7,0.35,30.8,正常,0
HZ005228,杭州,拱墅区,运河新城社区,2026-08-02 05:00,0.007,0.5,0.54,30.8,异常,1
HZ005229,杭州,上城区,采荷小区,2026-08-05 07:00,0.108,7.5,0.32,29.8,正常,0
HZ005230,杭州,萧山区,钱江世纪城社区,2026-08-04 01:00,0.013,0.9,0.30,28.5,正常,0
HZ005231,杭州,钱塘区,下沙社区,2026-08-02 20:00,0.137,8.7,0.37,27.1,正常,0
HZ005232,杭州,临平区,塘栖人家,2026-08-04 19:00,0.118,10.1,0.36,30.0,正常,0
HZ005233,杭州,西湖区,转塘家园,2026-08-04 16:00,0.045,3.5,0.32,31.6,正常,0
HZ005234,杭州,滨江区,白马湖社区,2026-08-01 20:00,0.009,0.8,0.29,29.6,正常,0
HZ005235,杭州,余杭区,闲林山水,2026-08-06 09:00,0.042,2.9,0.37,27.6,正常,0
HZ005236,杭州,拱墅区,湖墅家园,2026-08-01 14:00,0.136,10.2,0.31,31.7,正常,0
HZ005237,杭州,上城区,采荷小区,2026-08-03 15:00,0.068,6.2,0.30,31.7,正常,0
HZ005238,杭州,萧山区,宁围佳境,2026-08-04 07:00,0.121,9.0,0.30,27.5,正常,0
HZ005239,杭州,钱塘区,大学城北社区,2026-08-02 15:00,0.133,9.4,0.37,30.9,正常,0
HZ005240,杭州,临平区,星桥社区,2026-08-07 10:00,0.108,7.5,0.33,30.7,正常,0
HZ005241,杭州,西湖区,翠苑小区,2026-08-02 07:00,0.099,6.3,0.34,28.2,正常,0
HZ005242,杭州,滨江区,江南花园,2026-08-01 02:00,0.027,2.3,0.30,27.1,正常,0
HZ005243,杭州,余杭区,仓前家园,2026-08-05 19:00,0.102,7.4,0.38,29.6,正常,0
HZ005244,杭州,拱墅区,大关小区,2026-08-01 09:00,0.123,7.7,0.34,28.1,正常,0
HZ005245,杭州,上城区,近江家园,2026-08-06 10:00,0.079,6.4,0.31,29.3,正常,0
HZ005246,杭州,萧山区,北干社区,2026-08-02 15:00,0.130,8.4,0.32,32.0,正常,0
HZ005247,杭州,钱塘区,江东家园,2026-08-01 08:00,0.064,4.4,0.35,30.9,正常,0
HZ005248,杭州,临平区,南苑小区,2026-08-03 17:00,0.077,6.5,0.31,30.3,正常,0
HZ005249,杭州,西湖区,翠苑小区,2026-08-03 11:00,0.067,5.1,0.33,32.8,正常,0
HZ005250,杭州,滨江区,江南花园,2026-08-05 22:00,0.111,7.2,0.36,28.2,正常,0
HZ005251,杭州,余杭区,良渚文化村,2026-08-02 19:00,0.128,9.2,0.39,30.2,正常,0
HZ005252,杭州,拱墅区,湖墅家园,2026-08-01 22:00,0.071,4.7,0.35,30.4,正常,0
HZ005253,杭州,上城区,望江新园,2026-08-05 13:00,0.060,3.8,0.32,32.0,正常,0
HZ005254,杭州,萧山区,宁围佳境,2026-08-03 06:00,0.134,10.0,0.31,29.5,正常,0
HZ005255,杭州,钱塘区,河庄新苑,2026-08-07 09:00,0.141,8.9,0.38,28.3,正常,0
HZ005256,杭州,临平区,乔司家园,2026-08-03 08:00,0.027,1.8,0.37,30.0,正常,0
HZ005257,杭州,西湖区,转塘家园,2026-08-05 04:00,0.017,1.5,0.33,27.8,正常,0
HZ005258,杭州,滨江区,滨康小区,2026-08-04 20:00,0.042,3.8,0.30,30.6,正常,0
HZ005259,杭州,余杭区,仓前家园,2026-08-04 13:00,0.094,7.1,0.39,31.7,正常,0
HZ005260,杭州,拱墅区,湖墅家园,2026-08-03 15:00,0.112,8.0,0.35,30.8,正常,0
HZ005261,杭州,上城区,丁兰社区,2026-08-05 04:00,0.265,14.6,0.35,27.3,异常,1
HZ005262,杭州,萧山区,北干社区,2026-08-03 08:00,0.105,7.1,0.36,27.8,正常,0
HZ005263,杭州,钱塘区,大学城北社区,2026-08-03 09:00,0.069,6.1,0.37,29.5,正常,0
HZ005264,杭州,临平区,乔司家园,2026-08-05 03:00,0.009,0.7,0.32,28.4,正常,0
HZ005265,杭州,西湖区,文新社区,2026-08-05 13:00,0.042,3.2,0.31,32.7,正常,0
HZ005266,杭州,滨江区,钱塘春晓,2026-08-07 20:00,0.111,9.8,0.31,27.9,正常,0
HZ005267,杭州,余杭区,良渚文化村,2026-08-04 21:00,0.098,8.3,0.38,27.6,正常,0
HZ005268,杭州,拱墅区,湖墅家园,2026-08-04 04:00,0.003,0.2,0.38,27.7,正常,0
HZ005269,杭州,上城区,望江新园,2026-08-01 06:00,0.067,6.6,0.34,29.9,正常,0
HZ005270,杭州,萧山区,湘湖家园,2026-08-07 18:00,0.108,9.4,0.31,29.7,正常,0
HZ005271,杭州,钱塘区,下沙社区,2026-08-06 10:00,0.094,7.2,0.32,28.3,正常,0
HZ005272,杭州,临平区,星桥社区,2026-08-02 15:00,0.011,0.8,0.39,30.2,正常,0
HZ005273,杭州,西湖区,转塘家园,2026-08-01 22:00,0.086,8.4,0.32,29.6,正常,0
HZ005274,杭州,滨江区,白马湖社区,2026-08-02 11:00,0.074,6.0,0.36,30.5,正常,0
HZ005275,杭州,余杭区,良渚文化村,2026-08-02 06:00,0.088,7.7,0.39,30.3,正常,0
HZ005276,杭州,拱墅区,运河新城社区,2026-08-05 05:00,0.006,0.5,0.38,27.1,正常,0
HZ005277,杭州,上城区,丁兰社区,2026-08-01 04:00,0.023,2.1,0.38,27.5,正常,0
HZ005278,杭州,萧山区,湘湖家园,2026-08-03 13:00,0.029,2.1,0.54,32.3,异常,1
HZ005279,杭州,钱塘区,江东家园,2026-08-03 01:00,0.403,23.6,0.38,27.6,异常,1
HZ005280,杭州,临平区,乔司家园,2026-08-03 12:00,0.078,5.0,0.31,32.0,正常,0
HZ005281,杭州,西湖区,文新社区,2026-08-02 20:00,0.041,3.9,0.33,30.7,正常,0
HZ005282,杭州,滨江区,钱塘春晓,2026-08-01 18:00,0.021,1.4,0.37,28.5,正常,0
HZ005283,杭州,余杭区,未来科技城社区,2026-08-04 05:00,0.001,0.1,0.35,27.8,正常,0
HZ005284,杭州,拱墅区,大关小区,2026-08-01 21:00,0.072,4.7,0.34,28.9,正常,0
HZ005285,杭州,上城区,丁兰社区,2026-08-04 03:00,0.031,2.1,0.34,27.3,正常,0
HZ005286,杭州,萧山区,宁围佳境,2026-08-07 19:00,0.014,1.3,0.31,27.1,正常,0
HZ005287,杭州,钱塘区,江东家园,2026-08-07 20:00,0.057,5.4,0.36,27.9,正常,0
HZ005288,杭州,临平区,塘栖人家,2026-08-03 16:00,0.067,5.9,0.30,32.2,正常,0
HZ005289,杭州,西湖区,翠苑小区,2026-08-01 09:00,0.046,4.2,0.32,29.0,正常,0
HZ005290,杭州,滨江区,钱塘春晓,2026-08-03 17:00,0.141,10.3,0.36,31.1,正常,0
HZ005291,杭州,余杭区,仓前家园,2026-08-04 19:00,0.026,2.3,0.34,30.0,正常,0
HZ005292,杭州,拱墅区,湖墅家园,2026-08-07 18:00,0.042,3.1,0.34,28.0,正常,0
HZ005293,杭州,上城区,近江家园,2026-08-03 02:00,0.016,1.6,0.33,28.8,正常,0
HZ005294,杭州,萧山区,北干社区,2026-08-06 12:00,0.053,3.8,0.33,32.8,正常,0
HZ005295,杭州,钱塘区,大学城北社区,2026-08-01 02:00,0.005,0.4,0.38,30.1,正常,0
HZ005296,杭州,临平区,星桥社区,2026-08-06 12:00,0.093,6.8,0.39,33.4,正常,0
HZ005297,杭州,西湖区,三墩新天地,2026-08-01 22:00,0.031,2.1,0.32,29.2,正常,0
HZ005298,杭州,滨江区,白马湖社区,2026-08-05 19:00,0.104,7.0,0.33,27.8,正常,0
HZ005299,杭州,余杭区,闲林山水,2026-08-05 01:00,0.007,0.5,0.31,28.4,正常,0
HZ005300,杭州,拱墅区,湖墅家园,2026-08-06 00:00,0.028,2.0,0.30,29.0,正常,0
HZ005301,杭州,上城区,近江家园,2026-08-02 07:00,0.143,10.4,0.33,28.5,正常,0
HZ005302,杭州,萧山区,钱江世纪城社区,2026-08-01 14:00,0.133,9.9,0.30,30.6,正常,0
HZ005303,杭州,钱塘区,江东家园,2026-08-07 22:00,0.107,8.1,0.31,27.4,正常,0
HZ005304,杭州,临平区,乔司家园,2026-08-01 04:00,0.034,2.1,0.30,27.7,正常,0
HZ005305,杭州,西湖区,三墩新天地,2026-08-06 17:00,0.084,5.3,0.39,30.0,正常,0
HZ005306,杭州,滨江区,滨康小区,2026-08-04 01:00,0.011,0.7,0.32,28.0,正常,0
HZ005307,杭州,余杭区,良渚文化村,2026-08-07 01:00,0.031,2.2,0.37,28.8,正常,0
HZ005308,杭州,拱墅区,半山家园,2026-08-03 20:00,0.106,8.3,0.34,30.6,正常,0
HZ005309,杭州,上城区,近江家园,2026-08-02 03:00,0.003,0.2,0.28,30.1,正常,0
HZ005310,杭州,萧山区,钱江世纪城社区,2026-08-02 11:00,0.137,9.5,0.34,30.1,正常,0
HZ005311,杭州,钱塘区,江东家园,2026-08-01 12:00,0.050,3.9,0.33,30.7,正常,0
HZ005312,杭州,临平区,星桥社区,2026-08-04 16:00,0.119,7.4,0.33,32.8,正常,0
HZ005313,杭州,西湖区,文新社区,2026-08-03 05:00,0.011,0.7,0.38,30.8,正常,0
HZ005314,杭州,滨江区,江南花园,2026-08-07 17:00,0.048,3.5,0.32,32.2,正常,0
HZ005315,杭州,余杭区,仓前家园,2026-08-01 22:00,0.080,5.1,0.29,30.7,正常,0
HZ005316,杭州,拱墅区,湖墅家园,2026-08-02 01:00,0.025,2.2,0.38,27.4,正常,0
HZ005317,杭州,上城区,采荷小区,2026-08-04 14:00,0.086,6.7,0.35,32.2,正常,0
HZ005318,杭州,萧山区,湘湖家园,2026-08-01 01:00,0.035,2.3,0.34,27.7,正常,0
HZ005319,杭州,钱塘区,下沙社区,2026-08-06 01:00,0.008,0.5,0.31,30.0,正常,0
HZ005320,杭州,临平区,乔司家园,2026-08-07 02:00,0.019,1.9,0.31,27.5,正常,0
HZ005321,杭州,西湖区,翠苑小区,2026-08-04 00:00,0.022,1.7,0.28,28.2,正常,0
HZ005322,杭州,滨江区,钱塘春晓,2026-08-05 14:00,0.072,5.2,0.33,31.7,正常,0
HZ005323,杭州,余杭区,良渚文化村,2026-08-02 16:00,0.019,1.3,0.32,33.3,正常,0
HZ005324,杭州,拱墅区,湖墅家园,2026-08-03 03:00,0.030,2.2,0.30,30.7,正常,0
HZ005325,杭州,上城区,采荷小区,2026-08-04 08:00,0.013,1.2,0.37,28.4,正常,0
HZ005326,杭州,萧山区,湘湖家园,2026-08-07 22:00,0.039,3.2,0.50,30.1,异常,1
HZ005327,杭州,钱塘区,河庄新苑,2026-08-05 11:00,0.025,2.4,0.34,33.9,正常,0
HZ005328,杭州,临平区,星桥社区,2026-08-05 08:00,0.150,9.7,0.34,27.9,正常,0
HZ005329,杭州,西湖区,转塘家园,2026-08-05 13:00,0.070,5.3,0.30,30.8,正常,0
HZ005330,杭州,滨江区,白马湖社区,2026-08-03 09:00,0.136,9.7,0.30,30.5,正常,0
HZ005331,杭州,余杭区,良渚文化村,2026-08-03 06:00,0.102,10.2,0.39,29.7,正常,0
HZ005332,杭州,拱墅区,大关小区,2026-08-01 16:00,0.056,4.3,0.34,33.6,正常,0
HZ005333,杭州,上城区,近江家园,2026-08-07 22:00,0.088,8.0,0.36,29.1,正常,0
HZ005334,杭州,萧山区,湘湖家园,2026-08-02 05:00,0.001,0.1,0.39,27.7,正常,0
HZ005335,杭州,钱塘区,江东家园,2026-08-07 19:00,0.122,9.2,0.31,28.3,正常,0
HZ005336,杭州,临平区,南苑小区,2026-08-02 21:00,0.078,6.3,0.29,30.1,正常,0
HZ005337,杭州,西湖区,转塘家园,2026-08-04 20:00,0.042,3.4,0.28,29.9,正常,0
HZ005338,杭州,滨江区,江南花园,2026-08-07 05:00,0.010,0.8,0.31,28.0,正常,0
HZ005339,杭州,余杭区,仓前家园,2026-08-04 10:00,0.064,4.2,0.30,29.6,正常,0
HZ005340,杭州,拱墅区,大关小区,2026-08-03 14:00,0.017,1.3,0.29,33.6,正常,0
HZ005341,杭州,上城区,望江新园,2026-08-01 20:00,0.074,7.1,0.28,27.2,正常,0
HZ005342,杭州,萧山区,湘湖家园,2026-08-02 11:00,0.122,9.2,0.18,32.1,异常,1
HZ005343,杭州,钱塘区,下沙社区,2026-08-04 05:00,0.013,1.2,0.38,27.5,正常,0
HZ005344,杭州,临平区,星桥社区,2026-08-01 17:00,0.105,7.4,0.29,30.4,正常,0
HZ005345,杭州,西湖区,三墩新天地,2026-08-03 21:00,0.130,8.2,0.37,30.7,正常,0
HZ005346,杭州,滨江区,江南花园,2026-08-02 23:00,0.105,7.3,0.30,29.2,正常,0
HZ005347,杭州,余杭区,仓前家园,2026-08-01 06:00,0.063,4.8,0.33,28.4,正常,0
HZ005348,杭州,拱墅区,大关小区,2026-08-02 10:00,0.137,9.8,0.30,28.0,正常,0
HZ005349,杭州,上城区,采荷小区,2026-08-07 08:00,0.031,2.8,0.31,27.8,正常,0
HZ005350,杭州,萧山区,北干社区,2026-08-02 19:00,0.035,2.2,0.38,29.7,正常,0
HZ005351,杭州,钱塘区,大学城北社区,2026-08-05 20:00,0.088,7.2,0.38,29.5,正常,0
HZ005352,杭州,临平区,星桥社区,2026-08-06 09:00,0.088,8.3,0.30,27.6,正常,0
HZ005353,杭州,西湖区,三墩新天地,2026-08-07 06:00,0.021,1.6,0.30,27.7,正常,0
HZ005354,杭州,滨江区,江南花园,2026-08-07 10:00,0.062,4.4,0.30,27.4,正常,0
HZ005355,杭州,余杭区,仓前家园,2026-08-01 02:00,0.012,1.0,0.29,27.5,正常,0
HZ005356,杭州,拱墅区,湖墅家园,2026-08-07 13:00,0.071,4.4,0.37,30.6,正常,0
HZ005357,杭州,上城区,采荷小区,2026-08-07 13:00,0.051,5.0,0.37,31.3,正常,0
HZ005358,杭州,萧山区,钱江世纪城社区,2026-08-07 07:00,0.132,9.3,0.36,28.0,正常,0
HZ005359,杭州,钱塘区,下沙社区,2026-08-03 05:00,0.025,2.1,0.39,28.1,正常,0
HZ005360,杭州,临平区,塘栖人家,2026-08-05 16:00,0.114,7.3,0.30,33.0,正常,0
HZ005361,杭州,西湖区,文新社区,2026-08-03 04:00,0.022,2.2,0.31,27.8,正常,0
HZ005362,杭州,滨江区,白马湖社区,2026-08-06 00:00,0.034,2.3,0.32,27.9,正常,0
HZ005363,杭州,余杭区,闲林山水,2026-08-07 06:00,0.026,1.7,0.35,29.8,正常,0
HZ005364,杭州,拱墅区,湖墅家园,2026-08-07 21:00,0.039,3.7,0.29,30.4,正常,0
HZ005365,杭州,上城区,采荷小区,2026-08-05 01:00,0.005,0.4,0.37,30.7,正常,0
HZ005366,杭州,萧山区,湘湖家园,2026-08-07 22:00,0.042,3.4,0.30,28.0,正常,0
HZ005367,杭州,钱塘区,江东家园,2026-08-03 13:00,0.124,10.0,0.32,30.8,正常,0
HZ005368,杭州,临平区,塘栖人家,2026-08-06 03:00,0.021,2.1,0.34,27.9,正常,0
HZ005369,杭州,西湖区,三墩新天地,2026-08-02 04:00,0.013,1.1,0.31,27.2,正常,0
HZ005370,杭州,滨江区,江南花园,2026-08-02 23:00,0.015,1.3,0.30,30.4,正常,0
HZ005371,杭州,余杭区,仓前家园,2026-08-01 09:00,0.088,6.1,0.33,29.5,正常,0
HZ005372,杭州,拱墅区,大关小区,2026-08-07 15:00,0.062,5.6,0.34,33.1,正常,0
HZ005373,杭州,上城区,采荷小区,2026-08-01 12:00,0.130,10.3,0.37,30.7,正常,0
HZ005374,杭州,萧山区,宁围佳境,2026-08-04 09:00,0.075,5.1,0.35,29.8,正常,0
HZ005375,杭州,钱塘区,河庄新苑,2026-08-04 07:00,0.025,1.8,0.38,30.9,正常,0
HZ005376,杭州,临平区,乔司家园,2026-08-06 07:00,0.089,6.8,0.33,28.4,正常,0
HZ005377,杭州,西湖区,转塘家园,2026-08-05 05:00,0.001,0.1,0.29,30.7,正常,0
HZ005378,杭州,滨江区,江南花园,2026-08-06 05:00,0.015,1.4,0.39,30.0,正常,0
HZ005379,杭州,余杭区,仓前家园,2026-08-06 18:00,0.094,8.3,0.37,29.4,正常,0
HZ005380,杭州,拱墅区,湖墅家园,2026-08-07 02:00,0.006,0.5,0.30,30.8,正常,0
HZ005381,杭州,上城区,采荷小区,2026-08-02 03:00,0.024,1.6,0.38,30.0,正常,0
HZ005382,杭州,萧山区,湘湖家园,2026-08-07 22:00,0.024,1.9,0.33,27.7,正常,0
HZ005383,杭州,钱塘区,河庄新苑,2026-08-05 02:00,0.005,0.4,0.35,27.9,正常,0
HZ005384,杭州,临平区,乔司家园,2026-08-05 03:00,0.007,0.5,0.38,29.7,正常,0
HZ005385,杭州,西湖区,翠苑小区,2026-08-01 21:00,0.126,10.1,0.32,30.7,正常,0
HZ005386,杭州,滨江区,钱塘春晓,2026-08-07 18:00,0.045,4.0,0.35,30.1,正常,0
HZ005387,杭州,余杭区,闲林山水,2026-08-02 06:00,0.104,7.9,0.31,28.3,正常,0
HZ005388,杭州,拱墅区,湖墅家园,2026-08-04 01:00,0.015,1.0,0.36,27.7,正常,0
HZ005389,杭州,上城区,丁兰社区,2026-08-06 11:00,0.129,10.3,0.38,32.3,正常,0
HZ005390,杭州,萧山区,钱江世纪城社区,2026-08-07 07:00,0.019,1.7,0.35,30.8,正常,0
HZ005391,杭州,钱塘区,河庄新苑,2026-08-05 13:00,0.032,2.6,0.39,31.3,正常,0
HZ005392,杭州,临平区,乔司家园,2026-08-03 01:00,0.016,1.3,0.32,29.4,正常,0
HZ005393,杭州,西湖区,转塘家园,2026-08-03 00:00,0.023,1.7,0.35,29.8,正常,0
HZ005394,杭州,滨江区,钱塘春晓,2026-08-05 20:00,0.067,5.7,0.37,27.8,正常,0
HZ005395,杭州,余杭区,闲林山水,2026-08-04 04:00,0.197,14.8,0.39,27.2,异常,1
HZ005396,杭州,拱墅区,大关小区,2026-08-02 16:00,0.045,4.1,0.37,33.0,正常,0
HZ005397,杭州,上城区,丁兰社区,2026-08-07 10:00,0.091,7.2,0.31,29.6,正常,0
HZ005398,杭州,萧山区,钱江世纪城社区,2026-08-04 01:00,0.020,1.7,0.29,28.1,正常,0
HZ005399,杭州,钱塘区,河庄新苑,2026-08-07 06:00,0.031,2.9,0.29,28.5,正常,0
HZ005400,杭州,临平区,乔司家园,2026-08-04 00:00,0.023,1.8,0.30,28.4,正常,0
HZ005401,杭州,西湖区,三墩新天地,2026-08-05 17:00,0.108,9.9,0.38,33.1,正常,0
HZ005402,杭州,滨江区,钱塘春晓,2026-08-04 13:00,0.133,9.6,0.29,33.9,正常,0
HZ005403,杭州,余杭区,未来科技城社区,2026-08-06 22:00,0.042,3.5,0.32,29.3,正常,0
HZ005404,杭州,拱墅区,大关小区,2026-08-01 02:00,0.031,2.0,0.34,28.9,正常,0
HZ005405,杭州,上城区,丁兰社区,2026-08-07 21:00,0.128,8.8,0.38,30.2,正常,0
HZ005406,杭州,萧山区,北干社区,2026-08-01 19:00,0.113,10.1,0.31,28.9,正常,0
HZ005407,杭州,钱塘区,大学城北社区,2026-08-05 19:00,0.019,1.5,0.38,30.9,正常,0
HZ005408,杭州,临平区,乔司家园,2026-08-02 02:00,0.011,1.0,0.31,27.1,正常,0
HZ005409,杭州,西湖区,翠苑小区,2026-08-02 01:00,0.022,2.1,0.38,28.5,正常,0
HZ005410,杭州,滨江区,白马湖社区,2026-08-04 21:00,0.099,7.6,0.31,30.3,正常,0
HZ005411,杭州,余杭区,闲林山水,2026-08-04 22:00,0.028,1.9,0.32,28.7,正常,0
HZ005412,杭州,拱墅区,大关小区,2026-08-07 13:00,0.021,1.5,0.32,32.5,正常,0
HZ005413,杭州,上城区,采荷小区,2026-08-07 05:00,0.026,2.3,0.35,28.3,正常,0
HZ005414,杭州,萧山区,北干社区,2026-08-06 14:00,0.012,1.0,0.19,31.0,异常,1
HZ005415,杭州,钱塘区,下沙社区,2026-08-03 09:00,0.094,6.0,0.33,27.5,正常,0
HZ005416,杭州,临平区,星桥社区,2026-08-05 20:00,0.047,4.5,0.38,27.2,正常,0
HZ005417,杭州,西湖区,转塘家园,2026-08-07 10:00,0.059,5.6,0.31,29.1,正常,0
HZ005418,杭州,滨江区,白马湖社区,2026-08-07 16:00,0.128,10.2,0.37,33.2,正常,0
HZ005419,杭州,余杭区,良渚文化村,2026-08-04 02:00,0.032,2.2,0.37,27.1,正常,0
HZ005420,杭州,拱墅区,半山家园,2026-08-03 09:00,0.129,8.9,0.35,30.4,正常,0
HZ005421,杭州,上城区,近江家园,2026-08-03 12:00,0.031,2.1,0.30,31.2,正常,0
HZ005422,杭州,萧山区,北干社区,2026-08-06 16:00,0.023,1.8,0.55,30.1,异常,1
HZ005423,杭州,钱塘区,河庄新苑,2026-08-02 11:00,0.018,1.5,0.30,33.4,正常,0
HZ005424,杭州,临平区,南苑小区,2026-08-01 16:00,0.056,3.7,0.30,31.7,正常,0
HZ005425,杭州,西湖区,转塘家园,2026-08-01 23:00,0.074,5.4,0.30,28.2,正常,0
HZ005426,杭州,滨江区,钱塘春晓,2026-08-03 06:00,0.078,6.8,0.34,31.0,正常,0
HZ005427,杭州,余杭区,未来科技城社区,2026-08-04 06:00,0.069,6.3,0.32,28.1,正常,0
HZ005428,杭州,拱墅区,大关小区,2026-08-01 22:00,0.050,4.5,0.16,29.2,异常,1
HZ005429,杭州,上城区,望江新园,2026-08-03 02:00,0.020,1.9,0.29,27.9,正常,0
HZ005430,杭州,萧山区,钱江世纪城社区,2026-08-06 07:00,0.133,9.7,0.38,30.3,正常,0
HZ005431,杭州,钱塘区,大学城北社区,2026-08-07 18:00,0.374,20.7,0.36,27.6,异常,1
HZ005432,杭州,临平区,星桥社区,2026-08-03 09:00,0.094,6.7,0.33,29.9,正常,0
HZ005433,杭州,西湖区,三墩新天地,2026-08-01 03:00,0.012,0.8,0.31,28.9,正常,0
HZ005434,杭州,滨江区,钱塘春晓,2026-08-07 20:00,0.039,2.6,0.32,30.1,正常,0
HZ005435,杭州,余杭区,未来科技城社区,2026-08-07 20:00,0.074,6.2,0.29,29.2,正常,0
HZ005436,杭州,拱墅区,半山家园,2026-08-03 16:00,0.016,1.2,0.37,30.6,正常,0
HZ005437,杭州,上城区,采荷小区,2026-08-04 08:00,0.408,21.3,0.32,28.8,异常,1
HZ005438,杭州,萧山区,湘湖家园,2026-08-02 17:00,0.063,5.8,0.30,31.5,正常,0
HZ005439,杭州,钱塘区,大学城北社区,2026-08-04 02:00,0.010,0.6,0.31,27.3,正常,0
HZ005440,杭州,临平区,乔司家园,2026-08-06 22:00,0.036,3.2,0.35,27.2,正常,0
HZ005441,杭州,西湖区,转塘家园,2026-08-06 13:00,0.060,5.7,0.36,32.9,正常,0
HZ005442,杭州,滨江区,钱塘春晓,2026-08-03 20:00,0.066,4.9,0.38,30.9,正常,0
HZ005443,杭州,余杭区,良渚文化村,2026-08-06 20:00,0.025,1.6,0.39,29.0,正常,0
HZ005444,杭州,拱墅区,大关小区,2026-08-04 10:00,0.067,5.4,0.38,29.5,正常,0
HZ005445,杭州,上城区,采荷小区,2026-08-06 09:00,0.101,7.1,0.31,29.7,正常,0
HZ005446,杭州,萧山区,北干社区,2026-08-03 23:00,0.110,8.2,0.34,27.3,正常,0
HZ005447,杭州,钱塘区,大学城北社区,2026-08-01 11:00,0.113,9.3,0.29,31.6,正常,0
HZ005448,杭州,临平区,南苑小区,2026-08-07 21:00,0.054,3.9,0.34,30.6,正常,0
HZ005449,杭州,西湖区,转塘家园,2026-08-01 10:00,0.116,7.5,0.36,30.9,正常,0
HZ005450,杭州,滨江区,江南花园,2026-08-05 20:00,0.029,2.6,0.29,27.3,正常,0
HZ005451,杭州,余杭区,良渚文化村,2026-08-07 20:00,0.057,4.7,0.32,27.9,正常,0
HZ005452,杭州,拱墅区,运河新城社区,2026-08-06 23:00,0.020,1.4,0.37,27.6,正常,0
HZ005453,杭州,上城区,近江家园,2026-08-03 04:00,0.018,1.4,0.36,27.7,正常,0
HZ005454,杭州,萧山区,宁围佳境,2026-08-01 11:00,0.063,5.6,0.32,32.0,正常,0
HZ005455,杭州,钱塘区,江东家园,2026-08-05 10:00,0.126,9.2,0.33,27.7,正常,0
HZ005456,杭州,临平区,南苑小区,2026-08-07 02:00,0.024,2.1,0.31,30.6,正常,0
HZ005457,杭州,西湖区,三墩新天地,2026-08-03 23:00,0.057,4.7,0.31,29.3,正常,0
HZ005458,杭州,滨江区,白马湖社区,2026-08-05 05:00,0.001,0.1,0.36,29.3,正常,0
HZ005459,杭州,余杭区,闲林山水,2026-08-03 17:00,0.058,5.3,0.31,31.4,正常,0
HZ005460,杭州,拱墅区,运河新城社区,2026-08-06 19:00,0.093,8.0,0.32,27.2,正常,0
HZ005461,杭州,上城区,望江新园,2026-08-03 16:00,0.030,2.7,0.32,32.2,正常,0
HZ005462,杭州,萧山区,宁围佳境,2026-08-06 17:00,0.063,4.0,0.32,31.3,正常,0
HZ005463,杭州,钱塘区,下沙社区,2026-08-07 22:00,0.010,0.7,0.35,31.0,正常,0
HZ005464,杭州,临平区,塘栖人家,2026-08-07 00:00,0.016,1.0,0.37,28.6,正常,0
HZ005465,杭州,西湖区,三墩新天地,2026-08-02 04:00,0.017,1.5,0.36,27.5,正常,0
HZ005466,杭州,滨江区,钱塘春晓,2026-08-04 21:00,0.075,4.7,0.32,28.5,正常,0
HZ005467,杭州,余杭区,仓前家园,2026-08-06 09:00,0.022,1.9,0.28,29.8,正常,0
HZ005468,杭州,拱墅区,湖墅家园,2026-08-03 00:00,0.004,0.3,0.29,31.0,正常,0
HZ005469,杭州,上城区,丁兰社区,2026-08-05 18:00,0.046,4.4,0.34,29.1,正常,0
HZ005470,杭州,萧山区,宁围佳境,2026-08-03 21:00,0.108,8.8,0.32,27.1,正常,0
HZ005471,杭州,钱塘区,江东家园,2026-08-07 04:00,0.017,1.1,0.34,30.4,正常,0
HZ005472,杭州,临平区,塘栖人家,2026-08-01 16:00,0.017,1.1,0.30,33.4,正常,0
HZ005473,杭州,西湖区,转塘家园,2026-08-06 14:00,0.078,6.0,0.30,33.0,正常,0
HZ005474,杭州,滨江区,钱塘春晓,2026-08-05 17:00,0.071,6.1,0.37,31.1,正常,0
HZ005475,杭州,余杭区,良渚文化村,2026-08-05 05:00,0.018,1.5,0.34,30.5,正常,0
HZ005476,杭州,拱墅区,半山家园,2026-08-07 14:00,0.099,7.3,0.36,31.5,正常,0
HZ005477,杭州,上城区,丁兰社区,2026-08-04 02:00,0.018,1.5,0.38,28.0,正常,0
HZ005478,杭州,萧山区,北干社区,2026-08-07 06:00,0.117,9.2,0.37,27.0,正常,0
HZ005479,杭州,钱塘区,下沙社区,2026-08-05 19:00,0.112,8.5,0.33,30.5,正常,0
HZ005480,杭州,临平区,乔司家园,2026-08-05 21:00,0.141,10.3,0.32,27.5,正常,0
HZ005481,杭州,西湖区,翠苑小区,2026-08-06 00:00,0.019,1.3,0.34,29.8,正常,0
HZ005482,杭州,滨江区,钱塘春晓,2026-08-07 18:00,0.118,7.6,0.31,27.3,正常,0
HZ005483,杭州,余杭区,仓前家园,2026-08-06 16:00,0.056,5.3,0.34,33.9,正常,0
HZ005484,杭州,拱墅区,运河新城社区,2026-08-05 05:00,0.008,0.6,0.36,29.1,正常,0
HZ005485,杭州,上城区,近江家园,2026-08-02 00:00,0.009,0.6,0.36,30.3,正常,0
HZ005486,杭州,萧山区,钱江世纪城社区,2026-08-06 13:00,0.028,2.7,0.29,33.0,正常,0
HZ005487,杭州,钱塘区,河庄新苑,2026-08-01 08:00,0.092,8.0,0.33,27.1,正常,0
HZ005488,杭州,临平区,乔司家园,2026-08-07 13:00,0.015,0.9,0.31,32.5,正常,0
HZ005489,杭州,西湖区,翠苑小区,2026-08-07 08:00,0.044,2.9,0.33,27.6,正常,0
HZ005490,杭州,滨江区,江南花园,2026-08-04 15:00,0.093,7.4,0.31,33.3,正常,0
HZ005491,杭州,余杭区,闲林山水,2026-08-04 01:00,0.012,1.1,0.32,27.8,正常,0
HZ005492,杭州,拱墅区,运河新城社区,2026-08-03 03:00,0.016,1.1,0.35,30.7,正常,0
HZ005493,杭州,上城区,采荷小区,2026-08-02 10:00,0.139,10.4,0.34,27.2,正常,0
HZ005494,杭州,萧山区,北干社区,2026-08-03 03:00,0.029,1.9,0.33,27.6,正常,0
HZ005495,杭州,钱塘区,下沙社区,2026-08-05 03:00,0.010,0.8,0.37,29.9,正常,0
HZ005496,杭州,临平区,塘栖人家,2026-08-03 23:00,0.130,9.8,0.35,28.8,正常,0
HZ005497,杭州,西湖区,文新社区,2026-08-05 10:00,0.022,1.8,0.29,29.8,正常,0
HZ005498,杭州,滨江区,滨康小区,2026-08-05 20:00,0.038,3.0,0.35,30.8,正常,0
HZ005499,杭州,余杭区,良渚文化村,2026-08-03 13:00,0.076,6.2,0.30,32.5,正常,0
HZ005500,杭州,拱墅区,半山家园,2026-08-04 17:00,0.018,1.2,0.17,31.8,异常,1
HZ005501,杭州,上城区,采荷小区,2026-08-01 18:00,0.059,5.6,0.33,29.0,正常,0
HZ005502,杭州,萧山区,湘湖家园,2026-08-07 12:00,0.087,6.6,0.34,32.5,正常,0
HZ005503,杭州,钱塘区,大学城北社区,2026-08-02 19:00,0.021,1.5,0.37,28.2,正常,0
HZ005504,杭州,临平区,塘栖人家,2026-08-01 15:00,0.031,2.2,0.36,30.5,正常,0
HZ005505,杭州,西湖区,转塘家园,2026-08-07 05:00,0.011,1.0,0.30,28.2,正常,0
HZ005506,杭州,滨江区,白马湖社区,2026-08-04 08:00,0.026,2.0,0.34,30.9,正常,0
HZ005507,杭州,余杭区,仓前家园,2026-08-04 23:00,0.087,5.8,0.30,28.6,正常,0
HZ005508,杭州,拱墅区,运河新城社区,2026-08-01 01:00,0.010,0.8,0.34,30.3,正常,0
HZ005509,杭州,上城区,望江新园,2026-08-02 02:00,0.018,1.5,0.32,28.9,正常,0
HZ005510,杭州,萧山区,钱江世纪城社区,2026-08-03 16:00,0.020,1.3,0.35,33.1,正常,0
HZ005511,杭州,钱塘区,河庄新苑,2026-08-01 11:00,0.026,2.5,0.29,31.8,正常,0
HZ005512,杭州,临平区,塘栖人家,2026-08-07 11:00,0.017,1.3,0.34,30.9,正常,0
HZ005513,杭州,西湖区,转塘家园,2026-08-02 18:00,0.085,6.1,0.31,30.1,正常,0
HZ005514,杭州,滨江区,白马湖社区,2026-08-02 08:00,0.109,9.4,0.38,30.4,正常,0
HZ005515,杭州,余杭区,良渚文化村,2026-08-04 21:00,0.080,5.8,0.36,30.3,正常,0
HZ005516,杭州,拱墅区,运河新城社区,2026-08-04 22:00,0.148,10.1,0.36,27.3,正常,0
HZ005517,杭州,上城区,采荷小区,2026-08-02 04:00,0.020,1.5,0.32,29.2,正常,0
HZ005518,杭州,萧山区,宁围佳境,2026-08-01 22:00,0.095,9.0,0.32,29.9,正常,0
HZ005519,杭州,钱塘区,大学城北社区,2026-08-02 16:00,0.046,3.9,0.36,32.6,正常,0
HZ005520,杭州,临平区,乔司家园,2026-08-05 17:00,0.056,4.7,0.29,30.8,正常,0
HZ005521,杭州,西湖区,转塘家园,2026-08-07 17:00,0.063,5.4,0.38,31.7,正常,0
HZ005522,杭州,滨江区,白马湖社区,2026-08-04 23:00,0.097,9.5,0.32,28.9,正常,0
HZ005523,杭州,余杭区,未来科技城社区,2026-08-05 12:00,0.094,6.6,0.35,32.9,正常,0
HZ005524,杭州,拱墅区,运河新城社区,2026-08-06 13:00,0.031,2.3,0.17,31.5,异常,1
HZ005525,杭州,上城区,采荷小区,2026-08-04 05:00,0.028,2.1,0.34,29.2,正常,0
HZ005526,杭州,萧山区,湘湖家园,2026-08-02 09:00,0.102,6.6,0.34,27.3,正常,0
HZ005527,杭州,钱塘区,大学城北社区,2026-08-04 00:00,0.008,0.6,0.31,27.1,正常,0
HZ005528,杭州,临平区,塘栖人家,2026-08-01 16:00,0.074,6.5,0.37,32.9,正常,0
HZ005529,杭州,西湖区,翠苑小区,2026-08-06 18:00,0.043,3.2,0.36,28.4,正常,0
HZ005530,杭州,滨江区,江南花园,2026-08-06 11:00,0.092,6.1,0.33,32.6,正常,0
HZ005531,杭州,余杭区,仓前家园,2026-08-03 06:00,0.041,3.6,0.37,30.5,正常,0
HZ005532,杭州,拱墅区,半山家园,2026-08-06 07:00,0.091,8.4,0.51,28.0,异常,1
HZ005533,杭州,上城区,望江新园,2026-08-06 12:00,0.048,4.4,0.39,31.5,正常,0
HZ005534,杭州,萧山区,湘湖家园,2026-08-02 01:00,0.003,0.2,0.36,30.0,正常,0
HZ005535,杭州,钱塘区,河庄新苑,2026-08-07 09:00,0.110,9.3,0.32,29.0,正常,0
HZ005536,杭州,临平区,南苑小区,2026-08-02 22:00,0.122,9.3,0.32,30.9,正常,0
HZ005537,杭州,西湖区,翠苑小区,2026-08-05 01:00,0.003,0.2,0.35,30.1,正常,0
HZ005538,杭州,滨江区,钱塘春晓,2026-08-02 19:00,0.010,0.9,0.30,27.3,正常,0
HZ005539,杭州,余杭区,未来科技城社区,2026-08-06 17:00,0.135,10.2,0.38,32.6,正常,0
HZ005540,杭州,拱墅区,湖墅家园,2026-08-06 07:00,0.043,3.9,0.33,28.0,正常,0
HZ005541,杭州,上城区,丁兰社区,2026-08-04 08:00,0.262,17.4,0.35,28.2,异常,1
HZ005542,杭州,萧山区,北干社区,2026-08-05 07:00,0.092,8.9,0.30,30.0,正常,0
HZ005543,杭州,钱塘区,下沙社区,2026-08-02 17:00,0.147,9.4,0.39,32.8,正常,0
HZ005544,杭州,临平区,南苑小区,2026-08-07 05:00,0.016,1.6,0.29,29.0,正常,0
HZ005545,杭州,西湖区,文新社区,2026-08-02 09:00,0.017,1.1,0.31,31.0,正常,0
HZ005546,杭州,滨江区,白马湖社区,2026-08-04 15:00,0.054,4.2,0.37,32.1,正常,0
HZ005547,杭州,余杭区,仓前家园,2026-08-05 16:00,0.163,10.4,0.35,31.8,正常,0
HZ005548,杭州,拱墅区,运河新城社区,2026-08-07 22:00,0.027,2.1,0.29,30.1,正常,0
HZ005549,杭州,上城区,近江家园,2026-08-07 06:00,0.025,2.2,0.35,28.3,正常,0
HZ005550,杭州,萧山区,北干社区,2026-08-03 09:00,0.057,4.4,0.35,29.3,正常,0
HZ005551,杭州,钱塘区,大学城北社区,2026-08-05 19:00,0.040,3.9,0.31,30.7,正常,0
HZ005552,杭州,临平区,乔司家园,2026-08-01 02:00,0.003,0.2,0.30,30.0,正常,0
HZ005553,杭州,西湖区,翠苑小区,2026-08-07 16:00,0.131,10.2,0.34,33.5,正常,0
HZ005554,杭州,滨江区,白马湖社区,2026-08-04 05:00,0.027,1.9,0.33,27.8,正常,0
HZ005555,杭州,余杭区,未来科技城社区,2026-08-02 02:00,0.015,1.5,0.29,30.3,正常,0
HZ005556,杭州,拱墅区,湖墅家园,2026-08-03 02:00,0.010,0.8,0.33,31.0,正常,0
HZ005557,杭州,上城区,近江家园,2026-08-01 01:00,0.013,1.1,0.36,27.6,正常,0
HZ005558,杭州,萧山区,宁围佳境,2026-08-01 15:00,0.069,6.1,0.35,31.9,正常,0
HZ005559,杭州,钱塘区,河庄新苑,2026-08-02 06:00,0.031,2.4,0.31,27.6,正常,0
HZ005560,杭州,临平区,星桥社区,2026-08-07 20:00,0.104,6.7,0.29,29.2,正常,0
HZ005561,杭州,西湖区,翠苑小区,2026-08-07 01:00,0.018,1.7,0.36,27.6,正常,0
HZ005562,杭州,滨江区,江南花园,2026-08-06 17:00,0.056,5.0,0.34,32.1,正常,0
HZ005563,杭州,余杭区,仓前家园,2026-08-04 04:00,0.014,1.3,0.36,29.4,正常,0
HZ005564,杭州,拱墅区,湖墅家园,2026-08-04 16:00,0.084,8.3,0.17,33.3,异常,1
HZ005565,杭州,上城区,丁兰社区,2026-08-04 10:00,0.117,10.1,0.30,29.8,正常,0
HZ005566,杭州,萧山区,钱江世纪城社区,2026-08-01 02:00,0.006,0.5,0.33,29.9,正常,0
HZ005567,杭州,钱塘区,下沙社区,2026-08-04 13:00,0.075,7.3,0.32,33.6,正常,0
HZ005568,杭州,临平区,南苑小区,2026-08-06 22:00,0.076,7.1,0.29,27.0,正常,0
HZ005569,杭州,西湖区,翠苑小区,2026-08-04 05:00,0.022,1.4,0.38,30.9,正常,0
HZ005570,杭州,滨江区,钱塘春晓,2026-08-04 22:00,0.026,2.1,0.32,28.2,正常,0
HZ005571,杭州,余杭区,仓前家园,2026-08-04 07:00,0.080,6.8,0.33,28.1,正常,0
HZ005572,杭州,拱墅区,大关小区,2026-08-07 08:00,0.131,9.9,0.34,28.5,正常,0
HZ005573,杭州,上城区,采荷小区,2026-08-02 11:00,0.079,5.2,0.36,30.5,正常,0
HZ005574,杭州,萧山区,北干社区,2026-08-01 06:00,0.071,5.9,0.34,29.0,正常,0
HZ005575,杭州,钱塘区,江东家园,2026-08-07 03:00,0.025,2.0,0.35,27.8,正常,0
HZ005576,杭州,临平区,星桥社区,2026-08-04 10:00,0.100,6.8,0.35,28.5,正常,0
HZ005577,杭州,西湖区,转塘家园,2026-08-02 05:00,0.004,0.4,0.31,30.7,正常,0
HZ005578,杭州,滨江区,滨康小区,2026-08-01 04:00,0.002,0.2,0.33,28.7,正常,0
HZ005579,杭州,余杭区,良渚文化村,2026-08-03 23:00,0.150,9.6,0.37,29.1,正常,0
HZ005580,杭州,拱墅区,运河新城社区,2026-08-07 06:00,0.027,2.5,0.39,27.3,正常,0
HZ005581,杭州,上城区,望江新园,2026-08-01 14:00,0.129,9.1,0.36,32.3,正常,0
HZ005582,杭州,萧山区,湘湖家园,2026-08-04 19:00,0.025,1.9,0.37,28.9,正常,0
HZ005583,杭州,钱塘区,河庄新苑,2026-08-02 10:00,0.091,9.0,0.31,29.8,正常,0
HZ005584,杭州,临平区,星桥社区,2026-08-06 17:00,0.065,5.8,0.28,32.4,正常,0
HZ005585,杭州,西湖区,翠苑小区,2026-08-05 03:00,0.027,2.2,0.28,29.6,正常,0
HZ005586,杭州,滨江区,江南花园,2026-08-02 13:00,0.091,8.9,0.38,30.8,正常,0
HZ005587,杭州,余杭区,未来科技城社区,2026-08-06 19:00,0.052,3.6,0.29,30.0,正常,0
HZ005588,杭州,拱墅区,运河新城社区,2026-08-06 11:00,0.078,6.3,0.39,32.2,正常,0
HZ005589,杭州,上城区,丁兰社区,2026-08-03 07:00,0.090,6.1,0.36,29.6,正常,0
HZ005590,杭州,萧山区,宁围佳境,2026-08-04 12:00,0.082,6.6,0.38,30.3,正常,0
HZ005591,杭州,钱塘区,河庄新苑,2026-08-01 11:00,0.035,2.3,0.37,33.3,正常,0
HZ005592,杭州,临平区,星桥社区,2026-08-05 05:00,0.021,1.6,0.36,29.5,正常,0
HZ005593,杭州,西湖区,翠苑小区,2026-08-05 16:00,0.091,6.8,0.30,30.1,正常,0
HZ005594,杭州,滨江区,钱塘春晓,2026-08-07 05:00,0.025,1.7,0.29,28.5,正常,0
HZ005595,杭州,余杭区,仓前家园,2026-08-01 13:00,0.090,6.0,0.30,30.6,正常,0
HZ005596,杭州,拱墅区,湖墅家园,2026-08-07 20:00,0.089,7.1,0.32,28.0,正常,0
HZ005597,杭州,上城区,近江家园,2026-08-07 11:00,0.048,3.0,0.36,32.8,正常,0
HZ005598,杭州,萧山区,宁围佳境,2026-08-03 05:00,0.019,1.6,0.29,27.1,正常,0
HZ005599,杭州,钱塘区,河庄新苑,2026-08-02 12:00,0.133,10.1,0.29,33.4,正常,0
HZ005600,杭州,临平区,乔司家园,2026-08-01 14:00,0.015,1.1,0.37,31.4,正常,0
HZ005601,杭州,西湖区,转塘家园,2026-08-02 10:00,0.052,3.2,0.33,28.2,正常,0
HZ005602,杭州,滨江区,滨康小区,2026-08-04 15:00,0.062,4.4,0.31,32.9,正常,0
HZ005603,杭州,余杭区,闲林山水,2026-08-03 09:00,0.136,9.4,0.38,30.5,正常,0
HZ005604,杭州,拱墅区,半山家园,2026-08-02 16:00,0.092,7.0,0.36,30.0,正常,0
HZ005605,杭州,上城区,采荷小区,2026-08-06 10:00,0.051,3.4,0.30,30.3,正常,0
HZ005606,杭州,萧山区,湘湖家园,2026-08-04 14:00,0.017,1.5,0.38,33.5,正常,0
HZ005607,杭州,钱塘区,下沙社区,2026-08-06 09:00,0.073,6.8,0.29,27.2,正常,0
HZ005608,杭州,临平区,星桥社区,2026-08-05 18:00,0.051,3.9,0.35,28.6,正常,0
HZ005609,杭州,西湖区,转塘家园,2026-08-01 02:00,0.023,2.1,0.36,27.2,正常,0
HZ005610,杭州,滨江区,白马湖社区,2026-08-01 15:00,0.029,2.0,0.39,33.1,正常,0
HZ005611,杭州,余杭区,良渚文化村,2026-08-06 02:00,0.013,1.1,0.32,27.5,正常,0
HZ005612,杭州,拱墅区,大关小区,2026-08-03 05:00,0.012,0.9,0.29,29.5,正常,0
HZ005613,杭州,上城区,近江家园,2026-08-07 11:00,0.027,2.6,0.34,30.7,正常,0
HZ005614,杭州,萧山区,宁围佳境,2026-08-03 23:00,0.083,6.4,0.31,30.0,正常,0
HZ005615,杭州,钱塘区,下沙社区,2026-08-03 17:00,0.026,1.9,0.38,33.5,正常,0
HZ005616,杭州,临平区,星桥社区,2026-08-05 12:00,0.119,8.4,0.37,33.0,正常,0
HZ005617,杭州,西湖区,转塘家园,2026-08-02 03:00,0.030,2.0,0.38,28.9,正常,0
HZ005618,杭州,滨江区,白马湖社区,2026-08-05 23:00,0.105,7.0,0.33,28.7,正常,0
HZ005619,杭州,余杭区,闲林山水,2026-08-04 11:00,0.101,7.4,0.35,31.6,正常,0
HZ005620,杭州,拱墅区,湖墅家园,2026-08-05 12:00,0.046,3.2,0.37,32.7,正常,0
HZ005621,杭州,上城区,近江家园,2026-08-06 01:00,0.003,0.2,0.36,27.4,正常,0
HZ005622,杭州,萧山区,北干社区,2026-08-07 02:00,0.028,1.9,0.29,27.1,正常,0
HZ005623,杭州,钱塘区,江东家园,2026-08-04 08:00,0.065,5.8,0.35,27.7,正常,0
HZ005624,杭州,临平区,南苑小区,2026-08-06 12:00,0.029,2.3,0.30,31.6,正常,0
HZ005625,杭州,西湖区,文新社区,2026-08-01 15:00,0.052,3.9,0.33,32.6,正常,0
HZ005626,杭州,滨江区,白马湖社区,2026-08-03 07:00,0.153,10.3,0.31,29.8,正常,0
HZ005627,杭州,余杭区,闲林山水,2026-08-02 13:00,0.133,9.0,0.39,32.6,正常,0
HZ005628,杭州,拱墅区,湖墅家园,2026-08-01 11:00,0.029,2.1,0.31,30.3,正常,0
HZ005629,杭州,上城区,丁兰社区,2026-08-01 04:00,0.001,0.1,0.36,28.3,正常,0
HZ005630,杭州,萧山区,宁围佳境,2026-08-06 23:00,0.035,3.1,0.15,27.1,异常,1
HZ005631,杭州,钱塘区,江东家园,2026-08-07 08:00,0.326,20.9,0.39,27.6,异常,1
HZ005632,杭州,临平区,塘栖人家,2026-08-02 03:00,0.012,0.8,0.36,28.1,正常,0
HZ005633,杭州,西湖区,三墩新天地,2026-08-04 16:00,0.082,6.5,0.34,31.0,正常,0
HZ005634,杭州,滨江区,滨康小区,2026-08-04 01:00,0.002,0.2,0.32,29.7,正常,0
HZ005635,杭州,余杭区,良渚文化村,2026-08-04 15:00,0.067,5.2,0.32,32.0,正常,0
HZ005636,杭州,拱墅区,运河新城社区,2026-08-06 21:00,0.023,1.9,0.35,27.0,正常,0
HZ005637,杭州,上城区,丁兰社区,2026-08-02 01:00,0.025,2.2,0.30,29.4,正常,0
HZ005638,杭州,萧山区,宁围佳境,2026-08-06 09:00,0.079,6.3,0.30,29.2,正常,0
HZ005639,杭州,钱塘区,大学城北社区,2026-08-04 12:00,0.059,4.2,0.39,33.1,正常,0
HZ005640,杭州,临平区,南苑小区,2026-08-02 13:00,0.122,10.5,0.29,31.0,正常,0
HZ005641,杭州,西湖区,翠苑小区,2026-08-03 03:00,0.015,1.0,0.28,29.7,正常,0
HZ005642,杭州,滨江区,滨康小区,2026-08-07 10:00,0.117,8.3,0.33,30.9,正常,0
HZ005643,杭州,余杭区,未来科技城社区,2026-08-04 04:00,0.009,0.7,0.34,27.1,正常,0
HZ005644,杭州,拱墅区,湖墅家园,2026-08-06 13:00,0.079,7.1,0.18,32.9,异常,1
HZ005645,杭州,上城区,近江家园,2026-08-04 08:00,0.100,6.6,0.32,29.0,正常,0
HZ005646,杭州,萧山区,湘湖家园,2026-08-04 05:00,0.019,1.7,0.29,30.0,正常,0
HZ005647,杭州,钱塘区,江东家园,2026-08-07 00:00,0.030,2.3,0.37,30.6,正常,0
HZ005648,杭州,临平区,乔司家园,2026-08-02 05:00,0.021,1.5,0.29,29.1,正常,0
HZ005649,杭州,西湖区,转塘家园,2026-08-06 01:00,0.005,0.4,0.33,29.4,正常,0
HZ005650,杭州,滨江区,钱塘春晓,2026-08-07 14:00,0.031,3.0,0.29,33.8,正常,0
HZ005651,杭州,余杭区,未来科技城社区,2026-08-03 17:00,0.084,7.5,0.33,30.8,正常,0
HZ005652,杭州,拱墅区,湖墅家园,2026-08-07 14:00,0.083,7.3,0.38,33.9,正常,0
HZ005653,杭州,上城区,丁兰社区,2026-08-02 12:00,0.298,17.3,0.38,32.2,异常,1
HZ005654,杭州,萧山区,钱江世纪城社区,2026-08-01 00:00,0.018,1.5,0.33,29.5,正常,0
HZ005655,杭州,钱塘区,河庄新苑,2026-08-05 22:00,0.058,4.9,0.37,29.0,正常,0
HZ005656,杭州,临平区,星桥社区,2026-08-07 04:00,0.002,0.2,0.33,29.7,正常,0
HZ005657,杭州,西湖区,转塘家园,2026-08-03 03:00,0.022,1.5,0.32,29.2,正常,0
HZ005658,杭州,滨江区,滨康小区,2026-08-06 12:00,0.014,0.9,0.33,30.9,正常,0
HZ005659,杭州,余杭区,未来科技城社区,2026-08-05 14:00,0.044,3.4,0.32,31.5,正常,0
HZ005660,杭州,拱墅区,运河新城社区,2026-08-04 10:00,0.052,4.8,0.35,27.3,正常,0
HZ005661,杭州,上城区,采荷小区,2026-08-05 17:00,0.130,8.5,0.34,33.5,正常,0
HZ005662,杭州,萧山区,北干社区,2026-08-06 12:00,0.129,9.2,0.30,32.9,正常,0
HZ005663,杭州,钱塘区,江东家园,2026-08-05 14:00,0.066,6.2,0.39,32.2,正常,0
HZ005664,杭州,临平区,星桥社区,2026-08-02 05:00,0.005,0.4,0.34,27.0,正常,0
HZ005665,杭州,西湖区,三墩新天地,2026-08-02 04:00,0.025,2.1,0.34,29.1,正常,0
HZ005666,杭州,滨江区,钱塘春晓,2026-08-07 08:00,0.031,1.9,0.36,27.5,正常,0
HZ005667,杭州,余杭区,仓前家园,2026-08-06 23:00,0.131,8.8,0.29,29.7,正常,0
HZ005668,杭州,拱墅区,运河新城社区,2026-08-05 03:00,0.018,1.2,0.29,28.0,正常,0
HZ005669,杭州,上城区,近江家园,2026-08-01 04:00,0.005,0.3,0.35,30.6,正常,0
HZ005670,杭州,萧山区,湘湖家园,2026-08-06 13:00,0.015,1.0,0.38,32.7,正常,0
HZ005671,杭州,钱塘区,大学城北社区,2026-08-01 02:00,0.022,2.1,0.38,27.6,正常,0
HZ005672,杭州,临平区,南苑小区,2026-08-03 05:00,0.013,1.0,0.33,27.5,正常,0
HZ005673,杭州,西湖区,转塘家园,2026-08-05 08:00,0.021,1.8,0.30,28.6,正常,0
HZ005674,杭州,滨江区,滨康小区,2026-08-01 02:00,0.022,1.8,0.32,29.7,正常,0
HZ005675,杭州,余杭区,仓前家园,2026-08-02 10:00,0.058,5.7,0.35,29.4,正常,0
HZ005676,杭州,拱墅区,大关小区,2026-08-03 16:00,0.125,8.2,0.30,31.1,正常,0
HZ005677,杭州,上城区,采荷小区,2026-08-02 05:00,0.035,2.2,0.29,29.0,正常,0
HZ005678,杭州,萧山区,钱江世纪城社区,2026-08-03 09:00,0.014,1.0,0.32,28.2,正常,0
HZ005679,杭州,钱塘区,江东家园,2026-08-01 01:00,0.007,0.4,0.30,30.5,正常,0
HZ005680,杭州,临平区,星桥社区,2026-08-06 16:00,0.094,7.1,0.38,30.4,正常,0
HZ005681,杭州,西湖区,转塘家园,2026-08-07 22:00,0.071,4.9,0.35,28.3,正常,0
HZ005682,杭州,滨江区,江南花园,2026-08-01 17:00,0.053,4.4,0.29,32.5,正常,0
HZ005683,杭州,余杭区,良渚文化村,2026-08-03 04:00,0.012,1.1,0.32,30.1,正常,0
HZ005684,杭州,拱墅区,半山家园,2026-08-02 12:00,0.048,4.5,0.30,32.7,正常,0
HZ005685,杭州,上城区,望江新园,2026-08-02 22:00,0.111,8.7,0.36,30.0,正常,0
HZ005686,杭州,萧山区,钱江世纪城社区,2026-08-04 17:00,0.056,4.0,0.30,31.9,正常,0
HZ005687,杭州,钱塘区,大学城北社区,2026-08-05 13:00,0.086,6.2,0.30,30.7,正常,0
HZ005688,杭州,临平区,乔司家园,2026-08-04 12:00,0.048,3.4,0.31,31.3,正常,0
HZ005689,杭州,西湖区,三墩新天地,2026-08-04 17:00,0.084,7.5,0.32,30.9,正常,0
HZ005690,杭州,滨江区,滨康小区,2026-08-03 00:00,0.014,1.1,0.13,29.5,异常,1
HZ005691,杭州,余杭区,未来科技城社区,2026-08-07 19:00,0.036,2.4,0.39,29.4,正常,0
HZ005692,杭州,拱墅区,运河新城社区,2026-08-02 01:00,0.005,0.4,0.38,29.0,正常,0
HZ005693,杭州,上城区,近江家园,2026-08-07 05:00,0.013,1.3,0.36,30.7,正常,0
HZ005694,杭州,萧山区,宁围佳境,2026-08-03 17:00,0.070,4.8,0.36,33.6,正常,0
HZ005695,杭州,钱塘区,下沙社区,2026-08-07 23:00,0.126,9.1,0.34,27.9,正常,0
HZ005696,杭州,临平区,乔司家园,2026-08-05 02:00,0.023,2.0,0.33,29.5,正常,0
HZ005697,杭州,西湖区,转塘家园,2026-08-05 00:00,0.006,0.6,0.39,29.0,正常,0
HZ005698,杭州,滨江区,滨康小区,2026-08-03 07:00,0.150,9.7,0.32,27.7,正常,0
HZ005699,杭州,余杭区,未来科技城社区,2026-08-01 06:00,0.108,8.2,0.37,30.4,正常,0
HZ005700,杭州,拱墅区,半山家园,2026-08-05 20:00,0.126,8.7,0.32,27.8,正常,0
HZ005701,杭州,上城区,采荷小区,2026-08-01 17:00,0.124,9.7,0.38,30.9,正常,0
HZ005702,杭州,萧山区,北干社区,2026-08-06 22:00,0.101,8.7,0.31,30.4,正常,0
HZ005703,杭州,钱塘区,江东家园,2026-08-02 21:00,0.101,9.8,0.37,29.2,正常,0
HZ005704,杭州,临平区,乔司家园,2026-08-04 11:00,0.148,9.5,0.30,33.8,正常,0
HZ005705,杭州,西湖区,三墩新天地,2026-08-06 00:00,0.008,0.8,0.28,27.7,正常,0
HZ005706,杭州,滨江区,白马湖社区,2026-08-07 10:00,0.154,9.8,0.47,29.7,异常,1
HZ005707,杭州,余杭区,未来科技城社区,2026-08-01 17:00,0.114,7.3,0.30,32.8,正常,0
HZ005708,杭州,拱墅区,半山家园,2026-08-05 07:00,0.115,10.1,0.38,29.8,正常,0
HZ005709,杭州,上城区,近江家园,2026-08-07 07:00,0.203,16.5,0.39,28.4,异常,1
HZ005710,杭州,萧山区,钱江世纪城社区,2026-08-07 13:00,0.080,6.2,0.34,33.0,正常,0
HZ005711,杭州,钱塘区,下沙社区,2026-08-03 10:00,0.110,8.1,0.34,30.8,正常,0
HZ005712,杭州,临平区,南苑小区,2026-08-06 05:00,0.009,0.8,0.36,31.0,正常,0
HZ005713,杭州,西湖区,翠苑小区,2026-08-07 00:00,0.012,0.8,0.35,27.7,正常,0
HZ005714,杭州,滨江区,钱塘春晓,2026-08-06 14:00,0.139,9.5,0.39,31.0,正常,0
HZ005715,杭州,余杭区,闲林山水,2026-08-07 09:00,0.087,6.5,0.34,29.4,正常,0
HZ005716,杭州,拱墅区,运河新城社区,2026-08-07 15:00,0.111,7.5,0.33,30.7,正常,0
HZ005717,杭州,上城区,丁兰社区,2026-08-02 22:00,0.059,3.8,0.35,27.0,正常,0
HZ005718,杭州,萧山区,北干社区,2026-08-01 17:00,0.163,10.4,0.30,32.9,正常,0
HZ005719,杭州,钱塘区,河庄新苑,2026-08-05 15:00,0.407,21.6,0.28,33.8,异常,1
HZ005720,杭州,临平区,星桥社区,2026-08-06 13:00,0.126,8.8,0.29,30.2,正常,0
HZ005721,杭州,西湖区,文新社区,2026-08-01 02:00,0.028,2.0,0.30,30.3,正常,0
HZ005722,杭州,滨江区,滨康小区,2026-08-04 13:00,0.052,4.1,0.31,33.4,正常,0
HZ005723,杭州,余杭区,未来科技城社区,2026-08-03 20:00,0.079,6.0,0.29,29.2,正常,0
HZ005724,杭州,拱墅区,半山家园,2026-08-06 00:00,0.024,2.0,0.38,28.5,正常,0
HZ005725,杭州,上城区,丁兰社区,2026-08-02 16:00,0.042,3.2,0.30,30.0,正常,0
HZ005726,杭州,萧山区,宁围佳境,2026-08-01 01:00,0.004,0.3,0.36,27.9,正常,0
HZ005727,杭州,钱塘区,下沙社区,2026-08-04 12:00,0.011,1.0,0.36,30.3,正常,0
HZ005728,杭州,临平区,塘栖人家,2026-08-04 17:00,0.104,8.9,0.29,33.1,正常,0
HZ005729,杭州,西湖区,转塘家园,2026-08-07 03:00,0.016,1.1,0.28,28.3,正常,0
HZ005730,杭州,滨江区,江南花园,2026-08-07 18:00,0.103,9.4,0.33,28.6,正常,0
HZ005731,杭州,余杭区,闲林山水,2026-08-01 11:00,0.031,2.7,0.32,30.6,正常,0
HZ005732,杭州,拱墅区,湖墅家园,2026-08-05 12:00,0.040,2.8,0.39,31.8,正常,0
HZ005733,杭州,上城区,近江家园,2026-08-02 04:00,0.014,1.2,0.35,27.7,正常,0
HZ005734,杭州,萧山区,北干社区,2026-08-05 09:00,0.086,6.2,0.37,28.1,正常,0
HZ005735,杭州,钱塘区,江东家园,2026-08-05 10:00,0.065,4.3,0.34,27.8,正常,0
HZ005736,杭州,临平区,星桥社区,2026-08-01 03:00,0.001,0.1,0.30,28.2,正常,0
HZ005737,杭州,西湖区,转塘家园,2026-08-04 23:00,0.045,2.9,0.33,28.4,正常,0
HZ005738,杭州,滨江区,江南花园,2026-08-07 02:00,0.006,0.4,0.33,29.0,正常,0
HZ005739,杭州,余杭区,仓前家园,2026-08-04 06:00,0.065,4.8,0.36,27.3,正常,0
HZ005740,杭州,拱墅区,大关小区,2026-08-03 12:00,0.024,2.1,0.32,31.2,正常,0
HZ005741,杭州,上城区,近江家园,2026-08-05 14:00,0.068,5.4,0.34,30.9,正常,0
HZ005742,杭州,萧山区,宁围佳境,2026-08-02 06:00,0.043,3.2,0.35,27.3,正常,0
HZ005743,杭州,钱塘区,河庄新苑,2026-08-07 21:00,0.040,2.9,0.32,28.3,正常,0
HZ005744,杭州,临平区,乔司家园,2026-08-03 07:00,0.080,5.8,0.37,30.2,正常,0
HZ005745,杭州,西湖区,翠苑小区,2026-08-05 01:00,0.002,0.2,0.32,29.5,正常,0
HZ005746,杭州,滨江区,钱塘春晓,2026-08-05 13:00,0.065,4.7,0.29,30.1,正常,0
HZ005747,杭州,余杭区,未来科技城社区,2026-08-06 00:00,0.009,0.7,0.29,30.9,正常,0
HZ005748,杭州,拱墅区,大关小区,2026-08-07 04:00,0.002,0.2,0.34,30.8,正常,0
HZ005749,杭州,上城区,近江家园,2026-08-01 08:00,0.082,7.7,0.32,27.3,正常,0
HZ005750,杭州,萧山区,湘湖家园,2026-08-01 14:00,0.025,1.6,0.36,33.4,正常,0
HZ005751,杭州,钱塘区,下沙社区,2026-08-06 22:00,0.092,7.2,0.37,30.8,正常,0
HZ005752,杭州,临平区,星桥社区,2026-08-05 08:00,0.056,3.9,0.55,27.4,异常,1
HZ005753,杭州,西湖区,三墩新天地,2026-08-01 11:00,0.131,8.9,0.31,30.6,正常,0
HZ005754,杭州,滨江区,白马湖社区,2026-08-05 05:00,0.004,0.3,0.35,28.3,正常,0
HZ005755,杭州,余杭区,良渚文化村,2026-08-07 06:00,0.091,9.1,0.34,27.8,正常,0
HZ005756,杭州,拱墅区,湖墅家园,2026-08-03 21:00,0.084,6.8,0.50,28.0,异常,1
HZ005757,杭州,上城区,采荷小区,2026-08-01 06:00,0.124,9.5,0.29,29.9,正常,0
HZ005758,杭州,萧山区,湘湖家园,2026-08-02 17:00,0.128,9.9,0.29,32.9,正常,0
HZ005759,杭州,钱塘区,河庄新苑,2026-08-02 15:00,0.153,10.1,0.30,33.3,正常,0
HZ005760,杭州,临平区,南苑小区,2026-08-03 03:00,0.008,0.7,0.29,27.2,正常,0
HZ005761,杭州,西湖区,三墩新天地,2026-08-03 18:00,0.090,7.8,0.34,30.7,正常,0
HZ005762,杭州,滨江区,钱塘春晓,2026-08-01 09:00,0.016,1.4,0.34,29.3,正常,0
HZ005763,杭州,余杭区,良渚文化村,2026-08-01 16:00,0.152,9.8,0.34,31.3,正常,0
HZ005764,杭州,拱墅区,运河新城社区,2026-08-03 02:00,0.011,0.7,0.35,29.0,正常,0
HZ005765,杭州,上城区,近江家园,2026-08-01 18:00,0.043,4.2,0.34,30.7,正常,0
HZ005766,杭州,萧山区,湘湖家园,2026-08-01 18:00,0.123,10.2,0.34,30.9,正常,0
HZ005767,杭州,钱塘区,下沙社区,2026-08-01 19:00,0.018,1.4,0.34,28.8,正常,0
HZ005768,杭州,临平区,星桥社区,2026-08-04 19:00,0.055,3.6,0.37,28.9,正常,0
HZ005769,杭州,西湖区,文新社区,2026-08-03 16:00,0.093,6.7,0.30,32.2,正常,0
HZ005770,杭州,滨江区,滨康小区,2026-08-04 06:00,0.048,3.4,0.37,28.9,正常,0
HZ005771,杭州,余杭区,仓前家园,2026-08-01 05:00,0.020,1.3,0.37,28.5,正常,0
HZ005772,杭州,拱墅区,运河新城社区,2026-08-05 16:00,0.067,4.6,0.30,30.0,正常,0
HZ005773,杭州,上城区,采荷小区,2026-08-01 15:00,0.122,9.8,0.33,31.2,正常,0
HZ005774,杭州,萧山区,湘湖家园,2026-08-02 08:00,0.011,1.0,0.16,29.9,异常,1
HZ005775,杭州,钱塘区,河庄新苑,2026-08-01 05:00,0.011,1.1,0.29,29.4,正常,0
HZ005776,杭州,临平区,乔司家园,2026-08-04 20:00,0.077,7.4,0.38,27.1,正常,0
HZ005777,杭州,西湖区,翠苑小区,2026-08-04 21:00,0.057,4.5,0.32,28.9,正常,0
HZ005778,杭州,滨江区,江南花园,2026-08-01 13:00,0.062,4.4,0.30,32.9,正常,0
HZ005779,杭州,余杭区,仓前家园,2026-08-02 19:00,0.040,2.5,0.33,29.0,正常,0
HZ005780,杭州,拱墅区,半山家园,2026-08-03 03:00,0.030,1.9,0.37,30.3,正常,0
HZ005781,杭州,上城区,丁兰社区,2026-08-01 14:00,0.029,1.9,0.28,33.3,正常,0
HZ005782,杭州,萧山区,宁围佳境,2026-08-04 09:00,0.067,6.7,0.12,29.8,异常,1
HZ005783,杭州,钱塘区,大学城北社区,2026-08-02 12:00,0.032,2.3,0.38,33.5,正常,0
HZ005784,杭州,临平区,塘栖人家,2026-08-06 02:00,0.012,1.1,0.28,27.9,正常,0
HZ005785,杭州,西湖区,翠苑小区,2026-08-07 00:00,0.021,1.8,0.33,29.1,正常,0
HZ005786,杭州,滨江区,白马湖社区,2026-08-02 10:00,0.046,3.9,0.32,28.9,正常,0
HZ005787,杭州,余杭区,闲林山水,2026-08-03 09:00,0.026,2.0,0.39,29.9,正常,0
HZ005788,杭州,拱墅区,运河新城社区,2026-08-02 07:00,0.040,3.3,0.30,27.5,正常,0
HZ005789,杭州,上城区,丁兰社区,2026-08-06 06:00,0.182,13.5,0.38,27.8,异常,1
HZ005790,杭州,萧山区,北干社区,2026-08-01 12:00,0.112,8.9,0.32,32.9,正常,0
HZ005791,杭州,钱塘区,河庄新苑,2026-08-07 05:00,0.388,21.5,0.37,27.6,异常,1
HZ005792,杭州,临平区,塘栖人家,2026-08-06 11:00,0.019,1.5,0.30,33.6,正常,0
HZ005793,杭州,西湖区,转塘家园,2026-08-02 18:00,0.073,5.3,0.32,29.2,正常,0
HZ005794,杭州,滨江区,滨康小区,2026-08-05 03:00,0.007,0.5,0.33,30.5,正常,0
HZ005795,杭州,余杭区,良渚文化村,2026-08-04 19:00,0.019,1.5,0.35,27.2,正常,0
HZ005796,杭州,拱墅区,大关小区,2026-08-05 22:00,0.085,8.4,0.29,30.7,正常,0
HZ005797,杭州,上城区,丁兰社区,2026-08-03 15:00,0.064,4.8,0.36,33.0,正常,0
HZ005798,杭州,萧山区,钱江世纪城社区,2026-08-04 08:00,0.042,2.8,0.32,28.1,正常,0
HZ005799,杭州,钱塘区,大学城北社区,2026-08-06 09:00,0.078,5.9,0.35,27.8,正常,0
HZ005800,杭州,临平区,乔司家园,2026-08-07 11:00,0.140,10.0,0.35,32.0,正常,0
HZ005801,杭州,西湖区,三墩新天地,2026-08-01 14:00,0.104,6.9,0.34,32.6,正常,0
HZ005802,杭州,滨江区,滨康小区,2026-08-06 01:00,0.026,2.1,0.33,30.1,正常,0
HZ005803,杭州,余杭区,仓前家园,2026-08-07 20:00,0.049,3.5,0.33,30.9,正常,0
HZ005804,杭州,拱墅区,运河新城社区,2026-08-07 04:00,0.011,1.0,0.30,27.4,正常,0
HZ005805,杭州,上城区,采荷小区,2026-08-01 23:00,0.103,9.9,0.29,29.2,正常,0
HZ005806,杭州,萧山区,湘湖家园,2026-08-02 23:00,0.041,3.2,0.33,27.9,正常,0
HZ005807,杭州,钱塘区,河庄新苑,2026-08-05 00:00,0.004,0.3,0.28,29.0,正常,0
HZ005808,杭州,临平区,星桥社区,2026-08-04 14:00,0.117,9.1,0.30,32.1,正常,0
HZ005809,杭州,西湖区,三墩新天地,2026-08-04 12:00,0.017,1.1,0.36,33.2,正常,0
HZ005810,杭州,滨江区,钱塘春晓,2026-08-06 00:00,0.022,1.7,0.29,27.7,正常,0
HZ005811,杭州,余杭区,未来科技城社区,2026-08-01 22:00,0.073,4.8,0.31,30.4,正常,0
HZ005812,杭州,拱墅区,大关小区,2026-08-02 22:00,0.138,9.7,0.32,29.1,正常,0
HZ005813,杭州,上城区,望江新园,2026-08-07 06:00,0.085,5.3,0.33,28.1,正常,0
HZ005814,杭州,萧山区,宁围佳境,2026-08-05 02:00,0.026,2.1,0.33,27.9,正常,0
HZ005815,杭州,钱塘区,下沙社区,2026-08-07 14:00,0.112,7.5,0.37,33.3,正常,0
HZ005816,杭州,临平区,星桥社区,2026-08-03 07:00,0.016,1.6,0.35,29.4,正常,0
HZ005817,杭州,西湖区,转塘家园,2026-08-07 05:00,0.022,2.0,0.39,27.8,正常,0
HZ005818,杭州,滨江区,白马湖社区,2026-08-07 01:00,0.003,0.3,0.38,29.3,正常,0
HZ005819,杭州,余杭区,仓前家园,2026-08-02 05:00,0.007,0.5,0.33,28.8,正常,0
HZ005820,杭州,拱墅区,大关小区,2026-08-06 04:00,0.011,1.0,0.28,29.9,正常,0
HZ005821,杭州,上城区,丁兰社区,2026-08-04 22:00,0.095,6.7,0.29,30.2,正常,0
HZ005822,杭州,萧山区,宁围佳境,2026-08-03 23:00,0.097,8.4,0.29,29.4,正常,0
HZ005823,杭州,钱塘区,河庄新苑,2026-08-04 17:00,0.145,9.7,0.35,34.0,正常,0
HZ005824,杭州,临平区,塘栖人家,2026-08-06 03:00,0.002,0.1,0.34,28.0,正常,0
HZ005825,杭州,西湖区,三墩新天地,2026-08-06 00:00,0.026,1.8,0.36,28.0,正常,0
HZ005826,杭州,滨江区,钱塘春晓,2026-08-05 03:00,0.020,1.6,0.30,29.1,正常,0
HZ005827,杭州,余杭区,仓前家园,2026-08-04 17:00,0.013,1.0,0.33,32.5,正常,0
HZ005828,杭州,拱墅区,运河新城社区,2026-08-01 10:00,0.078,6.3,0.33,30.4,正常,0
HZ005829,杭州,上城区,近江家园,2026-08-05 21:00,0.031,2.9,0.30,28.4,正常,0
HZ005830,杭州,萧山区,湘湖家园,2026-08-06 12:00,0.090,8.5,0.34,30.6,正常,0
HZ005831,杭州,钱塘区,大学城北社区,2026-08-03 06:00,0.063,4.8,0.32,29.0,正常,0
HZ005832,杭州,临平区,乔司家园,2026-08-03 12:00,0.029,2.6,0.37,31.9,正常,0
HZ005833,杭州,西湖区,三墩新天地,2026-08-05 23:00,0.058,4.3,0.34,30.0,正常,0
HZ005834,杭州,滨江区,江南花园,2026-08-02 02:00,0.010,0.7,0.37,29.0,正常,0
HZ005835,杭州,余杭区,仓前家园,2026-08-01 09:00,0.088,7.0,0.33,29.2,正常,0
HZ005836,杭州,拱墅区,大关小区,2026-08-05 13:00,0.101,7.0,0.35,31.9,正常,0
HZ005837,杭州,上城区,采荷小区,2026-08-06 04:00,0.029,2.0,0.31,29.5,正常,0
HZ005838,杭州,萧山区,北干社区,2026-08-03 11:00,0.114,10.0,0.32,33.4,正常,0
HZ005839,杭州,钱塘区,江东家园,2026-08-06 21:00,0.049,3.2,0.32,30.0,正常,0
HZ005840,杭州,临平区,星桥社区,2026-08-06 16:00,0.012,0.9,0.33,32.4,正常,0
HZ005841,杭州,西湖区,翠苑小区,2026-08-01 08:00,0.101,7.8,0.30,27.5,正常,0
HZ005842,杭州,滨江区,白马湖社区,2026-08-03 04:00,0.024,2.0,0.14,28.8,异常,1
HZ005843,杭州,余杭区,良渚文化村,2026-08-04 13:00,0.066,4.2,0.29,30.9,正常,0
HZ005844,杭州,拱墅区,运河新城社区,2026-08-02 07:00,0.069,6.0,0.29,27.7,正常,0
HZ005845,杭州,上城区,采荷小区,2026-08-01 15:00,0.085,8.2,0.30,30.6,正常,0
HZ005846,杭州,萧山区,湘湖家园,2026-08-05 06:00,0.037,2.7,0.35,28.3,正常,0
HZ005847,杭州,钱塘区,江东家园,2026-08-06 12:00,0.109,9.2,0.35,31.3,正常,0
HZ005848,杭州,临平区,塘栖人家,2026-08-03 04:00,0.012,0.8,0.36,29.3,正常,0
HZ005849,杭州,西湖区,三墩新天地,2026-08-05 12:00,0.087,6.6,0.30,30.1,正常,0
HZ005850,杭州,滨江区,滨康小区,2026-08-06 17:00,0.098,7.4,0.33,31.5,正常,0
HZ005851,杭州,余杭区,良渚文化村,2026-08-03 02:00,0.024,2.1,0.31,28.9,正常,0
HZ005852,杭州,拱墅区,大关小区,2026-08-04 20:00,0.106,8.0,0.31,29.9,正常,0
HZ005853,杭州,上城区,采荷小区,2026-08-03 22:00,0.092,6.0,0.35,27.8,正常,0
HZ005854,杭州,萧山区,北干社区,2026-08-07 08:00,0.049,3.4,0.47,30.8,异常,1
HZ005855,杭州,钱塘区,大学城北社区,2026-08-07 22:00,0.059,4.5,0.31,30.5,正常,0
HZ005856,杭州,临平区,乔司家园,2026-08-05 21:00,0.100,6.4,0.34,28.3,正常,0
HZ005857,杭州,西湖区,三墩新天地,2026-08-02 07:00,0.064,6.0,0.36,29.3,正常,0
HZ005858,杭州,滨江区,江南花园,2026-08-07 00:00,0.003,0.2,0.38,29.0,正常,0
HZ005859,杭州,余杭区,良渚文化村,2026-08-06 00:00,0.281,20.5,0.32,29.8,异常,1
HZ005860,杭州,拱墅区,运河新城社区,2026-08-04 18:00,0.065,5.0,0.15,28.9,异常,1
HZ005861,杭州,上城区,采荷小区,2026-08-06 09:00,0.062,6.2,0.37,30.7,正常,0
HZ005862,杭州,萧山区,宁围佳境,2026-08-07 07:00,0.050,4.6,0.33,30.8,正常,0
HZ005863,杭州,钱塘区,下沙社区,2026-08-04 08:00,0.070,5.2,0.38,30.2,正常,0
HZ005864,杭州,临平区,塘栖人家,2026-08-05 16:00,0.039,3.2,0.29,34.0,正常,0
HZ005865,杭州,西湖区,翠苑小区,2026-08-06 19:00,0.086,8.4,0.34,30.5,正常,0
HZ005866,杭州,滨江区,白马湖社区,2026-08-05 12:00,0.114,7.7,0.32,33.8,正常,0
HZ005867,杭州,余杭区,仓前家园,2026-08-05 22:00,0.011,1.0,0.39,28.4,正常,0
HZ005868,杭州,拱墅区,运河新城社区,2026-08-02 02:00,0.001,0.1,0.38,30.0,正常,0
HZ005869,杭州,上城区,望江新园,2026-08-07 21:00,0.079,5.1,0.31,30.1,正常,0
HZ005870,杭州,萧山区,北干社区,2026-08-07 12:00,0.150,10.3,0.16,34.0,异常,1
HZ005871,杭州,钱塘区,下沙社区,2026-08-03 16:00,0.020,1.9,0.29,31.1,正常,0
HZ005872,杭州,临平区,星桥社区,2026-08-06 06:00,0.036,3.0,0.38,29.2,正常,0
HZ005873,杭州,西湖区,文新社区,2026-08-01 06:00,0.027,2.0,0.34,30.3,正常,0
HZ005874,杭州,滨江区,滨康小区,2026-08-01 14:00,0.094,6.6,0.33,30.2,正常,0
HZ005875,杭州,余杭区,良渚文化村,2026-08-03 23:00,0.028,2.0,0.35,27.8,正常,0
HZ005876,杭州,拱墅区,半山家园,2026-08-05 21:00,0.044,3.0,0.34,29.7,正常,0
HZ005877,杭州,上城区,采荷小区,2026-08-06 01:00,0.030,2.3,0.37,28.2,正常,0
HZ005878,杭州,萧山区,北干社区,2026-08-05 18:00,0.046,3.9,0.33,30.7,正常,0
HZ005879,杭州,钱塘区,河庄新苑,2026-08-07 02:00,0.034,2.2,0.35,30.6,正常,0
HZ005880,杭州,临平区,星桥社区,2026-08-04 16:00,0.117,8.0,0.38,32.3,正常,0
HZ005881,杭州,西湖区,文新社区,2026-08-06 05:00,0.009,0.7,0.28,28.3,正常,0
HZ005882,杭州,滨江区,江南花园,2026-08-06 03:00,0.027,1.9,0.28,30.3,正常,0
HZ005883,杭州,余杭区,闲林山水,2026-08-01 10:00,0.096,8.9,0.38,30.5,正常,0
HZ005884,杭州,拱墅区,半山家园,2026-08-01 05:00,0.028,2.2,0.28,28.9,正常,0
HZ005885,杭州,上城区,望江新园,2026-08-07 08:00,0.147,9.7,0.33,27.7,正常,0
HZ005886,杭州,萧山区,湘湖家园,2026-08-06 18:00,0.063,4.3,0.37,27.9,正常,0
HZ005887,杭州,钱塘区,江东家园,2026-08-01 14:00,0.124,10.2,0.28,30.9,正常,0
HZ005888,杭州,临平区,乔司家园,2026-08-05 06:00,0.044,3.3,0.18,30.5,异常,1
HZ005889,杭州,西湖区,文新社区,2026-08-03 01:00,0.009,0.7,0.30,28.9,正常,0
HZ005890,杭州,滨江区,钱塘春晓,2026-08-06 22:00,0.145,9.5,0.32,29.6,正常,0
HZ005891,杭州,余杭区,未来科技城社区,2026-08-03 15:00,0.119,8.6,0.30,33.5,正常,0
HZ005892,杭州,拱墅区,大关小区,2026-08-03 12:00,0.095,6.7,0.36,33.9,正常,0
HZ005893,杭州,上城区,丁兰社区,2026-08-02 06:00,0.037,2.9,0.34,28.3,正常,0
HZ005894,杭州,萧山区,宁围佳境,2026-08-07 12:00,0.013,0.8,0.28,30.6,正常,0
HZ005895,杭州,钱塘区,下沙社区,2026-08-07 04:00,0.017,1.3,0.32,30.3,正常,0
HZ005896,杭州,临平区,南苑小区,2026-08-02 11:00,0.075,5.3,0.38,33.1,正常,0
HZ005897,杭州,西湖区,翠苑小区,2026-08-04 23:00,0.062,4.0,0.32,30.5,正常,0
HZ005898,杭州,滨江区,钱塘春晓,2026-08-02 21:00,0.043,4.1,0.37,29.4,正常,0
HZ005899,杭州,余杭区,良渚文化村,2026-08-04 07:00,0.035,2.3,0.34,29.7,正常,0
HZ005900,杭州,拱墅区,运河新城社区,2026-08-02 22:00,0.034,2.5,0.37,27.5,正常,0
HZ005901,杭州,上城区,望江新园,2026-08-01 14:00,0.362,19.5,0.28,33.0,异常,1
HZ005902,杭州,萧山区,湘湖家园,2026-08-03 15:00,0.099,6.5,0.36,30.3,正常,0
HZ005903,杭州,钱塘区,下沙社区,2026-08-01 06:00,0.351,19.2,0.37,28.5,异常,1
HZ005904,杭州,临平区,南苑小区,2026-08-07 09:00,0.021,1.7,0.32,30.7,正常,0
HZ005905,杭州,西湖区,文新社区,2026-08-04 21:00,0.152,10.0,0.35,28.4,正常,0
HZ005906,杭州,滨江区,滨康小区,2026-08-06 19:00,0.024,2.3,0.32,29.0,正常,0
HZ005907,杭州,余杭区,未来科技城社区,2026-08-01 19:00,0.042,2.9,0.31,29.0,正常,0
HZ005908,杭州,拱墅区,半山家园,2026-08-07 06:00,0.115,9.6,0.32,28.0,正常,0
HZ005909,杭州,上城区,丁兰社区,2026-08-02 22:00,0.087,6.3,0.36,29.1,正常,0
HZ005910,杭州,萧山区,北干社区,2026-08-04 18:00,0.107,7.6,0.31,28.4,正常,0
HZ005911,杭州,钱塘区,大学城北社区,2026-08-05 04:00,0.012,1.1,0.38,29.3,正常,0
HZ005912,杭州,临平区,乔司家园,2026-08-05 20:00,0.089,7.3,0.28,29.2,正常,0
HZ005913,杭州,西湖区,三墩新天地,2026-08-03 00:00,0.020,1.9,0.38,27.4,正常,0
HZ005914,杭州,滨江区,江南花园,2026-08-05 02:00,0.020,1.6,0.36,30.1,正常,0
HZ005915,杭州,余杭区,未来科技城社区,2026-08-02 12:00,0.126,7.9,0.37,33.7,正常,0
HZ005916,杭州,拱墅区,运河新城社区,2026-08-07 05:00,0.022,2.2,0.35,29.1,正常,0
HZ005917,杭州,上城区,丁兰社区,2026-08-07 01:00,0.026,2.0,0.39,28.9,正常,0
HZ005918,杭州,萧山区,宁围佳境,2026-08-04 08:00,0.058,4.1,0.38,28.6,正常,0
HZ005919,杭州,钱塘区,大学城北社区,2026-08-01 03:00,0.030,2.2,0.29,28.3,正常,0
HZ005920,杭州,临平区,南苑小区,2026-08-02 01:00,0.011,0.8,0.49,29.2,异常,1
HZ005921,杭州,西湖区,翠苑小区,2026-08-03 21:00,0.021,1.9,0.32,27.1,正常,0
HZ005922,杭州,滨江区,白马湖社区,2026-08-07 15:00,0.057,3.7,0.38,32.3,正常,0
HZ005923,杭州,余杭区,未来科技城社区,2026-08-02 23:00,0.079,5.1,0.33,28.9,正常,0
HZ005924,杭州,拱墅区,运河新城社区,2026-08-07 19:00,0.070,5.7,0.39,28.9,正常,0
HZ005925,杭州,上城区,望江新园,2026-08-06 06:00,0.071,6.6,0.31,30.4,正常,0
HZ005926,杭州,萧山区,宁围佳境,2026-08-05 23:00,0.079,6.0,0.35,29.7,正常,0
HZ005927,杭州,钱塘区,河庄新苑,2026-08-01 10:00,0.032,2.6,0.29,28.6,正常,0
HZ005928,杭州,临平区,星桥社区,2026-08-04 20:00,0.094,9.1,0.36,28.1,正常,0
HZ005929,杭州,西湖区,三墩新天地,2026-08-03 15:00,0.023,2.2,0.36,33.7,正常,0
HZ005930,杭州,滨江区,江南花园,2026-08-07 12:00,0.142,10.0,0.32,32.3,正常,0
HZ005931,杭州,余杭区,未来科技城社区,2026-08-07 10:00,0.114,10.1,0.37,28.6,正常,0
HZ005932,杭州,拱墅区,湖墅家园,2026-08-05 18:00,0.063,4.2,0.38,27.9,正常,0
HZ005933,杭州,上城区,近江家园,2026-08-03 10:00,0.036,3.6,0.33,28.0,正常,0
HZ005934,杭州,萧山区,北干社区,2026-08-07 17:00,0.028,1.8,0.36,33.0,正常,0
HZ005935,杭州,钱塘区,下沙社区,2026-08-02 03:00,0.020,1.7,0.37,28.1,正常,0
HZ005936,杭州,临平区,塘栖人家,2026-08-02 00:00,0.008,0.7,0.33,30.4,正常,0
HZ005937,杭州,西湖区,文新社区,2026-08-07 18:00,0.066,5.3,0.37,28.8,正常,0
HZ005938,杭州,滨江区,白马湖社区,2026-08-01 13:00,0.115,9.4,0.35,31.8,正常,0
HZ005939,杭州,余杭区,闲林山水,2026-08-06 11:00,0.075,6.5,0.35,32.4,正常,0
HZ005940,杭州,拱墅区,大关小区,2026-08-05 14:00,0.075,5.0,0.36,32.5,正常,0
HZ005941,杭州,上城区,望江新园,2026-08-07 07:00,0.144,9.3,0.37,29.0,正常,0
HZ005942,杭州,萧山区,钱江世纪城社区,2026-08-05 06:00,0.111,7.8,0.39,28.8,正常,0
HZ005943,杭州,钱塘区,大学城北社区,2026-08-06 21:00,0.042,4.1,0.29,27.7,正常,0
HZ005944,杭州,临平区,乔司家园,2026-08-07 18:00,0.132,8.6,0.32,28.9,正常,0
HZ005945,杭州,西湖区,翠苑小区,2026-08-03 22:00,0.046,3.2,0.29,29.7,正常,0
HZ005946,杭州,滨江区,滨康小区,2026-08-04 23:00,0.028,2.6,0.33,29.6,正常,0
HZ005947,杭州,余杭区,良渚文化村,2026-08-01 05:00,0.026,2.0,0.37,30.0,正常,0
HZ005948,杭州,拱墅区,运河新城社区,2026-08-04 23:00,0.104,6.7,0.33,29.8,正常,0
HZ005949,杭州,上城区,采荷小区,2026-08-05 14:00,0.054,4.1,0.33,30.9,正常,0
HZ005950,杭州,萧山区,钱江世纪城社区,2026-08-07 05:00,0.001,0.1,0.38,27.6,正常,0
HZ005951,杭州,钱塘区,大学城北社区,2026-08-02 03:00,0.003,0.2,0.33,29.3,正常,0
HZ005952,杭州,临平区,乔司家园,2026-08-07 15:00,0.082,6.7,0.35,33.0,正常,0
HZ005953,杭州,西湖区,三墩新天地,2026-08-07 11:00,0.054,3.5,0.38,31.7,正常,0
HZ005954,杭州,滨江区,滨康小区,2026-08-02 13:00,0.034,2.3,0.35,33.5,正常,0
HZ005955,杭州,余杭区,未来科技城社区,2026-08-06 17:00,0.067,4.4,0.32,30.3,正常,0
HZ005956,杭州,拱墅区,半山家园,2026-08-03 22:00,0.116,7.8,0.29,27.9,正常,0
HZ005957,杭州,上城区,近江家园,2026-08-02 00:00,0.019,1.8,0.31,29.3,正常,0
HZ005958,杭州,萧山区,湘湖家园,2026-08-03 00:00,0.018,1.3,0.12,30.0,异常,1
HZ005959,杭州,钱塘区,下沙社区,2026-08-02 16:00,0.079,5.4,0.36,31.9,正常,0
HZ005960,杭州,临平区,星桥社区,2026-08-01 23:00,0.046,3.3,0.38,28.1,正常,0
HZ005961,杭州,西湖区,转塘家园,2026-08-02 15:00,0.120,7.7,0.35,33.0,正常,0
HZ005962,杭州,滨江区,钱塘春晓,2026-08-06 14:00,0.033,2.7,0.38,33.8,正常,0
HZ005963,杭州,余杭区,未来科技城社区,2026-08-02 17:00,0.134,8.5,0.37,33.0,正常,0
HZ005964,杭州,拱墅区,湖墅家园,2026-08-02 14:00,0.078,5.1,0.33,33.4,正常,0
HZ005965,杭州,上城区,采荷小区,2026-08-04 18:00,0.113,7.1,0.34,30.0,正常,0
HZ005966,杭州,萧山区,湘湖家园,2026-08-03 11:00,0.120,8.7,0.37,33.2,正常,0
HZ005967,杭州,钱塘区,大学城北社区,2026-08-04 05:00,0.029,2.1,0.37,29.1,正常,0
HZ005968,杭州,临平区,星桥社区,2026-08-03 02:00,0.004,0.3,0.29,29.3,正常,0
HZ005969,杭州,西湖区,转塘家园,2026-08-06 10:00,0.082,6.3,0.36,30.6,正常,0
HZ005970,杭州,滨江区,江南花园,2026-08-04 09:00,0.031,2.9,0.30,29.4,正常,0
HZ005971,杭州,余杭区,仓前家园,2026-08-04 00:00,0.025,1.8,0.29,30.2,正常,0
HZ005972,杭州,拱墅区,大关小区,2026-08-04 14:00,0.018,1.4,0.30,33.7,正常,0
HZ005973,杭州,上城区,丁兰社区,2026-08-02 06:00,0.072,4.9,0.32,30.6,正常,0
HZ005974,杭州,萧山区,湘湖家园,2026-08-07 02:00,0.021,1.3,0.29,27.5,正常,0
HZ005975,杭州,钱塘区,河庄新苑,2026-08-04 02:00,0.007,0.6,0.29,30.7,正常,0
HZ005976,杭州,临平区,塘栖人家,2026-08-04 21:00,0.070,6.7,0.31,30.7,正常,0
HZ005977,杭州,西湖区,文新社区,2026-08-03 09:00,0.033,3.1,0.30,29.7,正常,0
HZ005978,杭州,滨江区,钱塘春晓,2026-08-01 08:00,0.032,2.2,0.31,30.8,正常,0
HZ005979,杭州,余杭区,闲林山水,2026-08-07 02:00,0.013,0.8,0.35,30.1,正常,0
HZ005980,杭州,拱墅区,半山家园,2026-08-03 08:00,0.025,2.2,0.29,30.3,正常,0
HZ005981,杭州,上城区,望江新园,2026-08-04 21:00,0.025,1.6,0.34,27.5,正常,0
HZ005982,杭州,萧山区,湘湖家园,2026-08-07 05:00,0.012,1.2,0.29,28.8,正常,0
HZ005983,杭州,钱塘区,江东家园,2026-08-01 16:00,0.045,3.4,0.32,32.0,正常,0
HZ005984,杭州,临平区,星桥社区,2026-08-06 02:00,0.033,2.2,0.54,27.3,异常,1
HZ005985,杭州,西湖区,文新社区,2026-08-02 16:00,0.097,7.6,0.38,30.5,正常,0
HZ005986,杭州,滨江区,钱塘春晓,2026-08-03 02:00,0.029,1.8,0.32,30.9,正常,0
HZ005987,杭州,余杭区,闲林山水,2026-08-05 22:00,0.153,10.0,0.30,28.5,正常,0
HZ005988,杭州,拱墅区,大关小区,2026-08-04 18:00,0.090,8.6,0.34,28.0,正常,0
HZ005989,杭州,上城区,近江家园,2026-08-04 07:00,0.056,3.7,0.33,30.6,正常,0
HZ005990,杭州,萧山区,钱江世纪城社区,2026-08-01 09:00,0.095,6.3,0.29,30.5,正常,0
HZ005991,杭州,钱塘区,江东家园,2026-08-01 13:00,0.286,23.1,0.29,32.0,异常,1
HZ005992,杭州,临平区,南苑小区,2026-08-02 11:00,0.047,4.0,0.38,32.2,正常,0
HZ005993,杭州,西湖区,文新社区,2026-08-02 16:00,0.131,10.2,0.29,33.1,正常,0
HZ005994,杭州,滨江区,江南花园,2026-08-07 07:00,0.098,8.3,0.35,27.8,正常,0
HZ005995,杭州,余杭区,未来科技城社区,2026-08-05 23:00,0.246,13.0,0.34,30.1,异常,1
HZ005996,杭州,拱墅区,运河新城社区,2026-08-02 03:00,0.006,0.4,0.38,30.2,正常,0
HZ005997,杭州,上城区,丁兰社区,2026-08-07 06:00,0.100,6.8,0.28,29.3,正常,0
HZ005998,杭州,萧山区,湘湖家园,2026-08-07 20:00,0.133,9.4,0.28,29.0,正常,0
HZ005999,杭州,钱塘区,河庄新苑,2026-08-01 20:00,0.070,6.2,0.38,29.1,正常,0
HZ006000,杭州,临平区,塘栖人家,2026-08-02 17:00,0.081,6.3,0.36,33.6,正常,0
HZ006001,杭州,西湖区,翠苑小区,2026-08-06 07:00,0.058,4.0,0.38,28.2,正常,0
HZ006002,杭州,滨江区,白马湖社区,2026-08-05 22:00,0.126,8.3,0.29,28.0,正常,0
HZ006003,杭州,余杭区,仓前家园,2026-08-07 09:00,0.013,1.3,0.32,30.3,正常,0
HZ006004,杭州,拱墅区,运河新城社区,2026-08-05 20:00,0.137,9.9,0.38,30.7,正常,0
HZ006005,杭州,上城区,近江家园,2026-08-01 10:00,0.063,5.1,0.33,30.8,正常,0
HZ006006,杭州,萧山区,北干社区,2026-08-04 16:00,0.091,8.3,0.32,31.1,正常,0
HZ006007,杭州,钱塘区,江东家园,2026-08-01 03:00,0.021,1.9,0.33,30.7,正常,0
HZ006008,杭州,临平区,乔司家园,2026-08-06 16:00,0.083,5.3,0.37,30.7,正常,0
HZ006009,杭州,西湖区,转塘家园,2026-08-01 17:00,0.107,8.9,0.32,31.5,正常,0
HZ006010,杭州,滨江区,江南花园,2026-08-05 08:00,0.047,3.3,0.36,27.7,正常,0
HZ006011,杭州,余杭区,良渚文化村,2026-08-01 01:00,0.012,1.0,0.31,29.5,正常,0
HZ006012,杭州,拱墅区,运河新城社区,2026-08-07 11:00,0.044,3.7,0.36,33.5,正常,0
HZ006013,杭州,上城区,近江家园,2026-08-04 01:00,0.019,1.3,0.36,30.4,正常,0
HZ006014,杭州,萧山区,钱江世纪城社区,2026-08-06 04:00,0.032,2.0,0.29,27.8,正常,0
HZ006015,杭州,钱塘区,江东家园,2026-08-05 00:00,0.020,1.5,0.29,30.3,正常,0
HZ006016,杭州,临平区,南苑小区,2026-08-06 22:00,0.032,3.1,0.31,27.3,正常,0
HZ006017,杭州,西湖区,翠苑小区,2026-08-07 03:00,0.031,2.2,0.37,30.3,正常,0
HZ006018,杭州,滨江区,白马湖社区,2026-08-01 23:00,0.020,1.6,0.36,27.0,正常,0
HZ006019,杭州,余杭区,良渚文化村,2026-08-06 21:00,0.034,2.5,0.28,30.1,正常,0
HZ006020,杭州,拱墅区,运河新城社区,2026-08-06 20:00,0.135,8.7,0.38,27.0,正常,0
HZ006021,杭州,上城区,近江家园,2026-08-05 08:00,0.024,1.6,0.39,28.9,正常,0
HZ006022,杭州,萧山区,钱江世纪城社区,2026-08-02 00:00,0.013,0.9,0.39,30.9,正常,0
HZ006023,杭州,钱塘区,大学城北社区,2026-08-06 05:00,0.017,1.3,0.38,29.8,正常,0
HZ006024,杭州,临平区,南苑小区,2026-08-02 10:00,0.114,7.3,0.32,30.7,正常,0
HZ006025,杭州,西湖区,翠苑小区,2026-08-03 09:00,0.045,3.5,0.28,29.1,正常,0
HZ006026,杭州,滨江区,白马湖社区,2026-08-02 18:00,0.055,3.7,0.37,28.1,正常,0
HZ006027,杭州,余杭区,未来科技城社区,2026-08-04 02:00,0.010,0.9,0.35,27.7,正常,0
HZ006028,杭州,拱墅区,大关小区,2026-08-04 01:00,0.011,0.8,0.29,29.7,正常,0
HZ006029,杭州,上城区,望江新园,2026-08-04 04:00,0.002,0.1,0.29,27.2,正常,0
HZ006030,杭州,萧山区,宁围佳境,2026-08-06 07:00,0.047,3.8,0.35,28.2,正常,0
HZ006031,杭州,钱塘区,河庄新苑,2026-08-06 15:00,0.035,2.6,0.35,33.4,正常,0
HZ006032,杭州,临平区,南苑小区,2026-08-07 05:00,0.003,0.2,0.34,29.5,正常,0
HZ006033,杭州,西湖区,文新社区,2026-08-03 09:00,0.064,5.7,0.38,27.9,正常,0
HZ006034,杭州,滨江区,白马湖社区,2026-08-01 05:00,0.017,1.2,0.33,30.0,正常,0
HZ006035,杭州,余杭区,闲林山水,2026-08-07 20:00,0.033,2.6,0.37,30.8,正常,0
HZ006036,杭州,拱墅区,运河新城社区,2026-08-01 04:00,0.015,1.1,0.34,28.3,正常,0
HZ006037,杭州,上城区,望江新园,2026-08-05 23:00,0.099,9.1,0.28,28.9,正常,0
HZ006038,杭州,萧山区,宁围佳境,2026-08-02 19:00,0.130,10.2,0.32,28.1,正常,0
HZ006039,杭州,钱塘区,河庄新苑,2026-08-07 22:00,0.067,5.9,0.32,27.3,正常,0
HZ006040,杭州,临平区,乔司家园,2026-08-02 18:00,0.107,8.4,0.38,30.0,正常,0
HZ006041,杭州,西湖区,文新社区,2026-08-07 22:00,0.055,4.7,0.34,27.8,正常,0
HZ006042,杭州,滨江区,滨康小区,2026-08-06 18:00,0.034,3.2,0.37,29.4,正常,0
HZ006043,杭州,余杭区,未来科技城社区,2026-08-03 23:00,0.158,10.4,0.39,30.9,正常,0
HZ006044,杭州,拱墅区,湖墅家园,2026-08-03 03:00,0.004,0.3,0.34,30.3,正常,0
HZ006045,杭州,上城区,近江家园,2026-08-06 11:00,0.274,20.2,0.34,30.3,异常,1
HZ006046,杭州,萧山区,湘湖家园,2026-08-06 13:00,0.026,2.1,0.28,30.8,正常,0
HZ006047,杭州,钱塘区,大学城北社区,2026-08-03 18:00,0.085,7.1,0.32,27.7,正常,0
HZ006048,杭州,临平区,南苑小区,2026-08-06 10:00,0.105,6.9,0.28,28.5,正常,0
HZ006049,杭州,西湖区,转塘家园,2026-08-06 19:00,0.154,9.8,0.32,28.7,正常,0
HZ006050,杭州,滨江区,白马湖社区,2026-08-06 04:00,0.019,1.4,0.31,28.2,正常,0
HZ006051,杭州,余杭区,未来科技城社区,2026-08-05 17:00,0.128,8.9,0.28,32.5,正常,0
HZ006052,杭州,拱墅区,大关小区,2026-08-05 06:00,0.033,2.7,0.38,28.5,正常,0
HZ006053,杭州,上城区,丁兰社区,2026-08-07 16:00,0.040,3.6,0.33,30.6,正常,0
HZ006054,杭州,萧山区,湘湖家园,2026-08-03 18:00,0.071,6.7,0.39,29.7,正常,0
HZ006055,杭州,钱塘区,大学城北社区,2026-08-05 15:00,0.009,0.7,0.37,31.0,正常,0
HZ006056,杭州,临平区,塘栖人家,2026-08-04 12:00,0.055,4.0,0.37,31.0,正常,0
HZ006057,杭州,西湖区,文新社区,2026-08-05 23:00,0.061,4.0,0.30,28.0,正常,0
HZ006058,杭州,滨江区,江南花园,2026-08-06 15:00,0.058,4.8,0.36,31.0,正常,0
HZ006059,杭州,余杭区,良渚文化村,2026-08-02 09:00,0.154,10.3,0.30,27.6,正常,0
HZ006060,杭州,拱墅区,半山家园,2026-08-05 06:00,0.022,2.0,0.31,27.6,正常,0
HZ006061,杭州,上城区,采荷小区,2026-08-06 13:00,0.083,5.2,0.29,33.9,正常,0
HZ006062,杭州,萧山区,宁围佳境,2026-08-01 05:00,0.028,2.3,0.49,30.0,异常,1
HZ006063,杭州,钱塘区,江东家园,2026-08-07 06:00,0.028,2.8,0.35,28.6,正常,0
HZ006064,杭州,临平区,乔司家园,2026-08-07 15:00,0.078,5.6,0.34,33.0,正常,0
HZ006065,杭州,西湖区,三墩新天地,2026-08-07 19:00,0.126,9.3,0.29,29.3,正常,0
HZ006066,杭州,滨江区,江南花园,2026-08-03 00:00,0.034,2.2,0.31,27.8,正常,0
HZ006067,杭州,余杭区,未来科技城社区,2026-08-07 02:00,0.023,2.3,0.33,28.8,正常,0
HZ006068,杭州,拱墅区,大关小区,2026-08-01 00:00,0.020,1.5,0.31,30.5,正常,0
HZ006069,杭州,上城区,采荷小区,2026-08-01 02:00,0.026,1.7,0.31,30.8,正常,0
HZ006070,杭州,萧山区,宁围佳境,2026-08-04 03:00,0.007,0.6,0.37,29.5,正常,0
HZ006071,杭州,钱塘区,下沙社区,2026-08-02 14:00,0.090,8.8,0.33,31.0,正常,0
HZ006072,杭州,临平区,星桥社区,2026-08-03 02:00,0.018,1.3,0.28,30.3,正常,0
HZ006073,杭州,西湖区,翠苑小区,2026-08-05 03:00,0.028,1.9,0.30,27.7,正常,0
HZ006074,杭州,滨江区,江南花园,2026-08-01 21:00,0.121,10.1,0.28,30.9,正常,0
HZ006075,杭州,余杭区,良渚文化村,2026-08-07 22:00,0.025,1.8,0.35,30.8,正常,0
HZ006076,杭州,拱墅区,半山家园,2026-08-07 07:00,0.062,5.6,0.33,29.5,正常,0
HZ006077,杭州,上城区,丁兰社区,2026-08-01 00:00,0.019,1.3,0.37,29.1,正常,0
HZ006078,杭州,萧山区,钱江世纪城社区,2026-08-06 12:00,0.058,5.4,0.30,33.8,正常,0
HZ006079,杭州,钱塘区,下沙社区,2026-08-01 08:00,0.065,5.7,0.31,28.9,正常,0
HZ006080,杭州,临平区,塘栖人家,2026-08-06 09:00,0.078,7.2,0.37,28.0,正常,0
HZ006081,杭州,西湖区,文新社区,2026-08-01 00:00,0.013,1.2,0.34,27.6,正常,0
HZ006082,杭州,滨江区,滨康小区,2026-08-07 05:00,0.030,1.9,0.29,29.4,正常,0
HZ006083,杭州,余杭区,良渚文化村,2026-08-05 04:00,0.200,15.4,0.38,28.5,异常,1
HZ006084,杭州,拱墅区,运河新城社区,2026-08-07 15:00,0.104,6.7,0.34,31.9,正常,0
HZ006085,杭州,上城区,采荷小区,2026-08-02 19:00,0.279,18.4,0.35,28.1,异常,1
HZ006086,杭州,萧山区,钱江世纪城社区,2026-08-01 11:00,0.083,6.3,0.35,33.7,正常,0
HZ006087,杭州,钱塘区,下沙社区,2026-08-07 15:00,0.086,7.2,0.32,31.1,正常,0
HZ006088,杭州,临平区,塘栖人家,2026-08-06 00:00,0.024,2.2,0.34,29.8,正常,0
HZ006089,杭州,西湖区,文新社区,2026-08-03 04:00,0.023,2.1,0.38,28.0,正常,0
HZ006090,杭州,滨江区,白马湖社区,2026-08-07 20:00,0.110,10.5,0.37,28.2,正常,0
HZ006091,杭州,余杭区,良渚文化村,2026-08-03 03:00,0.017,1.4,0.32,28.5,正常,0
HZ006092,杭州,拱墅区,大关小区,2026-08-01 21:00,0.016,1.2,0.39,27.1,正常,0
HZ006093,杭州,上城区,近江家园,2026-08-01 02:00,0.020,1.6,0.39,29.3,正常,0
HZ006094,杭州,萧山区,钱江世纪城社区,2026-08-02 07:00,0.096,8.5,0.29,27.7,正常,0
HZ006095,杭州,钱塘区,河庄新苑,2026-08-05 03:00,0.007,0.4,0.30,28.3,正常,0
HZ006096,杭州,临平区,南苑小区,2026-08-05 18:00,0.016,1.3,0.37,30.5,正常,0
HZ006097,杭州,西湖区,三墩新天地,2026-08-02 20:00,0.034,3.2,0.36,27.2,正常,0
HZ006098,杭州,滨江区,滨康小区,2026-08-02 12:00,0.121,9.4,0.34,33.0,正常,0
HZ006099,杭州,余杭区,良渚文化村,2026-08-02 08:00,0.290,17.8,0.29,28.6,异常,1
HZ006100,杭州,拱墅区,运河新城社区,2026-08-02 12:00,0.134,8.8,0.33,32.6,正常,0
HZ006101,杭州,上城区,望江新园,2026-08-05 03:00,0.023,1.8,0.36,28.0,正常,0
HZ006102,杭州,萧山区,钱江世纪城社区,2026-08-04 18:00,0.037,2.5,0.30,27.3,正常,0
HZ006103,杭州,钱塘区,下沙社区,2026-08-01 00:00,0.006,0.5,0.28,28.8,正常,0
HZ006104,杭州,临平区,塘栖人家,2026-08-07 11:00,0.012,0.8,0.31,30.9,正常,0
HZ006105,杭州,西湖区,文新社区,2026-08-01 05:00,0.025,1.7,0.37,29.7,正常,0
HZ006106,杭州,滨江区,滨康小区,2026-08-01 19:00,0.139,8.9,0.34,27.4,正常,0
HZ006107,杭州,余杭区,仓前家园,2026-08-03 08:00,0.409,21.8,0.31,28.3,异常,1
HZ006108,杭州,拱墅区,运河新城社区,2026-08-07 18:00,0.026,1.9,0.36,27.3,正常,0
HZ006109,杭州,上城区,采荷小区,2026-08-01 14:00,0.090,8.4,0.33,32.7,正常,0
HZ006110,杭州,萧山区,湘湖家园,2026-08-05 19:00,0.117,8.9,0.39,27.2,正常,0
HZ006111,杭州,钱塘区,大学城北社区,2026-08-07 19:00,0.444,23.3,0.32,30.8,异常,1
HZ006112,杭州,临平区,星桥社区,2026-08-05 04:00,0.017,1.5,0.31,29.1,正常,0
HZ006113,杭州,西湖区,文新社区,2026-08-02 12:00,0.040,3.2,0.28,33.7,正常,0
HZ006114,杭州,滨江区,钱塘春晓,2026-08-03 17:00,0.065,5.3,0.38,31.8,正常,0
HZ006115,杭州,余杭区,未来科技城社区,2026-08-06 19:00,0.008,0.8,0.37,27.2,正常,0
HZ006116,杭州,拱墅区,湖墅家园,2026-08-05 04:00,0.015,1.2,0.31,27.8,正常,0
HZ006117,杭州,上城区,近江家园,2026-08-06 00:00,0.011,1.0,0.38,30.9,正常,0
HZ006118,杭州,萧山区,北干社区,2026-08-02 07:00,0.111,9.0,0.38,30.1,正常,0
HZ006119,杭州,钱塘区,河庄新苑,2026-08-01 19:00,0.158,10.1,0.28,27.9,正常,0
HZ006120,杭州,临平区,乔司家园,2026-08-06 10:00,0.057,5.6,0.39,29.2,正常,0
HZ006121,杭州,西湖区,文新社区,2026-08-03 12:00,0.131,10.1,0.29,30.7,正常,0
HZ006122,杭州,滨江区,江南花园,2026-08-03 17:00,0.022,1.6,0.36,32.9,正常,0
HZ006123,杭州,余杭区,仓前家园,2026-08-06 06:00,0.140,9.5,0.28,29.3,正常,0
HZ006124,杭州,拱墅区,湖墅家园,2026-08-01 13:00,0.088,6.9,0.37,30.8,正常,0
HZ006125,杭州,上城区,丁兰社区,2026-08-02 09:00,0.037,2.7,0.34,27.7,正常,0
HZ006126,杭州,萧山区,宁围佳境,2026-08-02 02:00,0.011,1.1,0.53,28.2,异常,1
HZ006127,杭州,钱塘区,河庄新苑,2026-08-04 01:00,0.029,2.2,0.29,30.0,正常,0
HZ006128,杭州,临平区,南苑小区,2026-08-06 01:00,0.022,2.0,0.33,29.0,正常,0
HZ006129,杭州,西湖区,文新社区,2026-08-06 17:00,0.113,8.4,0.34,30.4,正常,0
HZ006130,杭州,滨江区,江南花园,2026-08-07 09:00,0.096,7.2,0.31,28.3,正常,0
HZ006131,杭州,余杭区,闲林山水,2026-08-07 10:00,0.011,0.7,0.34,30.3,正常,0
HZ006132,杭州,拱墅区,大关小区,2026-08-06 01:00,0.012,0.9,0.37,27.9,正常,0
HZ006133,杭州,上城区,望江新园,2026-08-03 13:00,0.102,8.3,0.35,30.0,正常,0
HZ006134,杭州,萧山区,湘湖家园,2026-08-02 22:00,0.044,3.3,0.29,30.4,正常,0
HZ006135,杭州,钱塘区,下沙社区,2026-08-06 22:00,0.143,9.0,0.37,30.1,正常,0
HZ006136,杭州,临平区,星桥社区,2026-08-07 03:00,0.004,0.3,0.38,27.2,正常,0
HZ006137,杭州,西湖区,文新社区,2026-08-07 23:00,0.072,5.0,0.32,30.4,正常,0
HZ006138,杭州,滨江区,白马湖社区,2026-08-04 22:00,0.039,3.2,0.30,28.9,正常,0
HZ006139,杭州,余杭区,良渚文化村,2026-08-01 03:00,0.194,12.9,0.37,27.6,异常,1
HZ006140,杭州,拱墅区,大关小区,2026-08-02 01:00,0.005,0.5,0.38,27.6,正常,0
HZ006141,杭州,上城区,望江新园,2026-08-04 10:00,0.129,9.8,0.35,27.6,正常,0
HZ006142,杭州,萧山区,钱江世纪城社区,2026-08-07 05:00,0.018,1.8,0.34,27.1,正常,0
HZ006143,杭州,钱塘区,大学城北社区,2026-08-04 04:00,0.006,0.6,0.38,27.2,正常,0
HZ006144,杭州,临平区,乔司家园,2026-08-05 17:00,0.130,9.1,0.38,31.6,正常,0
HZ006145,杭州,西湖区,转塘家园,2026-08-01 22:00,0.086,8.4,0.33,29.9,正常,0
HZ006146,杭州,滨江区,白马湖社区,2026-08-02 00:00,0.016,1.6,0.29,30.7,正常,0
HZ006147,杭州,余杭区,仓前家园,2026-08-03 19:00,0.097,6.8,0.29,29.4,正常,0
HZ006148,杭州,拱墅区,大关小区,2026-08-05 23:00,0.141,9.5,0.34,30.5,正常,0
HZ006149,杭州,上城区,丁兰社区,2026-08-03 16:00,0.117,9.4,0.36,31.2,正常,0
HZ006150,杭州,萧山区,北干社区,2026-08-03 11:00,0.144,10.0,0.37,33.9,正常,0
HZ006151,杭州,钱塘区,下沙社区,2026-08-05 20:00,0.235,14.5,0.36,30.1,异常,1
HZ006152,杭州,临平区,南苑小区,2026-08-04 23:00,0.062,4.1,0.37,28.3,正常,0
HZ006153,杭州,西湖区,文新社区,2026-08-06 15:00,0.084,6.4,0.32,30.5,正常,0
HZ006154,杭州,滨江区,钱塘春晓,2026-08-01 07:00,0.048,3.8,0.37,29.3,正常,0
HZ006155,杭州,余杭区,良渚文化村,2026-08-02 11:00,0.141,10.1,0.34,33.1,正常,0
HZ006156,杭州,拱墅区,运河新城社区,2026-08-05 07:00,0.075,6.7,0.37,27.3,正常,0
HZ006157,杭州,上城区,采荷小区,2026-08-06 20:00,0.064,4.2,0.28,29.9,正常,0
HZ006158,杭州,萧山区,宁围佳境,2026-08-05 22:00,0.065,4.9,0.29,29.2,正常,0
HZ006159,杭州,钱塘区,下沙社区,2026-08-02 23:00,0.142,9.4,0.34,27.4,正常,0
HZ006160,杭州,临平区,乔司家园,2026-08-03 05:00,0.020,1.8,0.37,27.3,正常,0
HZ006161,杭州,西湖区,三墩新天地,2026-08-05 14:00,0.050,4.5,0.30,31.8,正常,0
HZ006162,杭州,滨江区,江南花园,2026-08-05 12:00,0.014,1.2,0.30,30.4,正常,0
HZ006163,杭州,余杭区,闲林山水,2026-08-01 06:00,0.383,20.8,0.29,29.8,异常,1
HZ006164,杭州,拱墅区,半山家园,2026-08-03 09:00,0.052,3.4,0.38,28.4,正常,0
HZ006165,杭州,上城区,采荷小区,2026-08-06 11:00,0.095,9.5,0.29,33.9,正常,0
HZ006166,杭州,萧山区,北干社区,2026-08-02 18:00,0.053,5.0,0.33,29.8,正常,0
HZ006167,杭州,钱塘区,河庄新苑,2026-08-04 09:00,0.014,1.4,0.31,28.9,正常,0
HZ006168,杭州,临平区,星桥社区,2026-08-04 19:00,0.041,3.0,0.29,28.0,正常,0
HZ006169,杭州,西湖区,转塘家园,2026-08-02 22:00,0.134,8.6,0.36,29.3,正常,0
HZ006170,杭州,滨江区,江南花园,2026-08-02 08:00,0.060,4.1,0.29,31.0,正常,0
HZ006171,杭州,余杭区,良渚文化村,2026-08-01 13:00,0.091,6.8,0.32,30.4,正常,0
HZ006172,杭州,拱墅区,湖墅家园,2026-08-05 13:00,0.150,10.0,0.32,31.5,正常,0
HZ006173,杭州,上城区,近江家园,2026-08-06 15:00,0.059,5.3,0.36,30.7,正常,0
HZ006174,杭州,萧山区,宁围佳境,2026-08-05 11:00,0.064,4.1,0.35,31.2,正常,0
HZ006175,杭州,钱塘区,江东家园,2026-08-03 23:00,0.106,8.2,0.38,29.0,正常,0
HZ006176,杭州,临平区,乔司家园,2026-08-07 21:00,0.106,6.9,0.36,30.9,正常,0
HZ006177,杭州,西湖区,翠苑小区,2026-08-07 06:00,0.096,7.0,0.31,27.6,正常,0
HZ006178,杭州,滨江区,白马湖社区,2026-08-03 03:00,0.001,0.1,0.30,30.9,正常,0
HZ006179,杭州,余杭区,闲林山水,2026-08-03 05:00,0.021,1.5,0.34,30.2,正常,0
HZ006180,杭州,拱墅区,运河新城社区,2026-08-03 12:00,0.111,8.9,0.31,30.0,正常,0
HZ006181,杭州,上城区,采荷小区,2026-08-07 02:00,0.019,1.3,0.31,29.8,正常,0
HZ006182,杭州,萧山区,北干社区,2026-08-02 23:00,0.043,3.7,0.31,29.5,正常,0
HZ006183,杭州,钱塘区,江东家园,2026-08-02 20:00,0.043,2.9,0.29,27.4,正常,0
HZ006184,杭州,临平区,塘栖人家,2026-08-01 21:00,0.114,8.8,0.39,30.1,正常,0
HZ006185,杭州,西湖区,翠苑小区,2026-08-06 19:00,0.085,6.1,0.36,29.5,正常,0
HZ006186,杭州,滨江区,钱塘春晓,2026-08-03 12:00,0.042,3.8,0.38,32.5,正常,0
HZ006187,杭州,余杭区,未来科技城社区,2026-08-04 10:00,0.093,6.7,0.30,30.8,正常,0
HZ006188,杭州,拱墅区,湖墅家园,2026-08-02 17:00,0.073,6.6,0.35,32.5,正常,0
HZ006189,杭州,上城区,近江家园,2026-08-02 06:00,0.048,3.0,0.36,30.3,正常,0
HZ006190,杭州,萧山区,北干社区,2026-08-03 11:00,0.027,2.6,0.34,31.5,正常,0
HZ006191,杭州,钱塘区,下沙社区,2026-08-04 15:00,0.026,2.4,0.37,31.0,正常,0
HZ006192,杭州,临平区,南苑小区,2026-08-04 00:00,0.021,2.0,0.33,29.7,正常,0
HZ006193,杭州,西湖区,转塘家园,2026-08-06 06:00,0.089,6.1,0.32,27.8,正常,0
HZ006194,杭州,滨江区,钱塘春晓,2026-08-04 23:00,0.088,6.7,0.32,27.2,正常,0
HZ006195,杭州,余杭区,未来科技城社区,2026-08-03 02:00,0.013,1.0,0.31,29.4,正常,0
HZ006196,杭州,拱墅区,湖墅家园,2026-08-03 11:00,0.093,6.3,0.16,32.5,异常,1
HZ006197,杭州,上城区,丁兰社区,2026-08-05 05:00,0.221,14.0,0.31,28.2,异常,1
HZ006198,杭州,萧山区,北干社区,2026-08-01 05:00,0.029,1.9,0.38,28.0,正常,0
HZ006199,杭州,钱塘区,河庄新苑,2026-08-04 16:00,0.059,3.8,0.37,32.3,正常,0
HZ006200,杭州,临平区,星桥社区,2026-08-05 09:00,0.055,4.4,0.30,27.2,正常,0
HZ006201,杭州,西湖区,转塘家园,2026-08-03 09:00,0.099,8.4,0.34,29.6,正常,0
HZ006202,杭州,滨江区,江南花园,2026-08-05 00:00,0.015,1.0,0.34,30.4,正常,0
HZ006203,杭州,余杭区,闲林山水,2026-08-07 08:00,0.084,6.1,0.36,27.4,正常,0
HZ006204,杭州,拱墅区,运河新城社区,2026-08-02 02:00,0.008,0.8,0.35,28.4,正常,0
HZ006205,杭州,上城区,近江家园,2026-08-01 21:00,0.028,2.1,0.34,29.6,正常,0
HZ006206,杭州,萧山区,宁围佳境,2026-08-04 23:00,0.127,10.1,0.34,28.1,正常,0
HZ006207,杭州,钱塘区,河庄新苑,2026-08-02 18:00,0.143,9.2,0.38,27.7,正常,0
HZ006208,杭州,临平区,南苑小区,2026-08-01 14:00,0.066,4.3,0.38,32.9,正常,0
HZ006209,杭州,西湖区,翠苑小区,2026-08-07 08:00,0.103,7.3,0.38,28.7,正常,0
HZ006210,杭州,滨江区,白马湖社区,2026-08-02 20:00,0.018,1.7,0.50,28.4,异常,1
HZ006211,杭州,余杭区,闲林山水,2026-08-05 15:00,0.062,4.7,0.29,32.7,正常,0
HZ006212,杭州,拱墅区,大关小区,2026-08-02 01:00,0.014,1.1,0.35,28.2,正常,0
HZ006213,杭州,上城区,采荷小区,2026-08-01 23:00,0.108,9.1,0.32,27.6,正常,0
HZ006214,杭州,萧山区,北干社区,2026-08-05 18:00,0.110,10.0,0.28,29.6,正常,0
HZ006215,杭州,钱塘区,大学城北社区,2026-08-05 18:00,0.062,4.4,0.33,29.9,正常,0
HZ006216,杭州,临平区,乔司家园,2026-08-05 11:00,0.101,7.0,0.38,31.4,正常,0
HZ006217,杭州,西湖区,文新社区,2026-08-04 07:00,0.102,7.0,0.35,30.1,正常,0
HZ006218,杭州,滨江区,白马湖社区,2026-08-05 16:00,0.116,8.8,0.34,33.9,正常,0
HZ006219,杭州,余杭区,未来科技城社区,2026-08-03 07:00,0.076,7.4,0.33,30.0,正常,0
HZ006220,杭州,拱墅区,半山家园,2026-08-01 18:00,0.155,10.5,0.30,29.0,正常,0
HZ006221,杭州,上城区,丁兰社区,2026-08-05 02:00,0.022,1.6,0.28,30.2,正常,0
HZ006222,杭州,萧山区,钱江世纪城社区,2026-08-07 15:00,0.074,5.5,0.37,30.2,正常,0
HZ006223,杭州,钱塘区,大学城北社区,2026-08-01 23:00,0.062,4.4,0.33,27.6,正常,0
HZ006224,杭州,临平区,塘栖人家,2026-08-06 08:00,0.026,2.1,0.35,30.7,正常,0
HZ006225,杭州,西湖区,翠苑小区,2026-08-04 09:00,0.112,7.7,0.32,30.7,正常,0
HZ006226,杭州,滨江区,滨康小区,2026-08-01 09:00,0.099,8.5,0.36,28.7,正常,0
HZ006227,杭州,余杭区,闲林山水,2026-08-04 14:00,0.123,9.1,0.33,32.7,正常,0
HZ006228,杭州,拱墅区,半山家园,2026-08-03 22:00,0.121,8.9,0.35,29.3,正常,0
HZ006229,杭州,上城区,采荷小区,2026-08-03 09:00,0.091,6.7,0.38,27.3,正常,0
HZ006230,杭州,萧山区,湘湖家园,2026-08-04 00:00,0.002,0.1,0.29,27.3,正常,0
HZ006231,杭州,钱塘区,河庄新苑,2026-08-04 18:00,0.138,9.8,0.34,29.4,正常,0
HZ006232,杭州,临平区,星桥社区,2026-08-02 15:00,0.054,4.7,0.32,33.2,正常,0
HZ006233,杭州,西湖区,文新社区,2026-08-04 12:00,0.024,1.6,0.35,31.9,正常,0
HZ006234,杭州,滨江区,白马湖社区,2026-08-02 06:00,0.127,8.7,0.32,28.5,正常,0
HZ006235,杭州,余杭区,闲林山水,2026-08-06 10:00,0.239,19.8,0.29,28.0,异常,1
HZ006236,杭州,拱墅区,大关小区,2026-08-02 16:00,0.020,1.6,0.39,32.5,正常,0
HZ006237,杭州,上城区,采荷小区,2026-08-02 07:00,0.150,9.9,0.32,28.6,正常,0
HZ006238,杭州,萧山区,北干社区,2026-08-05 00:00,0.007,0.4,0.36,27.7,正常,0
HZ006239,杭州,钱塘区,河庄新苑,2026-08-02 12:00,0.124,9.5,0.37,30.1,正常,0
HZ006240,杭州,临平区,星桥社区,2026-08-04 09:00,0.036,2.9,0.32,30.4,正常,0
HZ006241,杭州,西湖区,三墩新天地,2026-08-01 08:00,0.107,7.3,0.32,27.3,正常,0
HZ006242,杭州,滨江区,钱塘春晓,2026-08-07 10:00,0.089,6.9,0.16,27.1,异常,1
HZ006243,杭州,余杭区,闲林山水,2026-08-03 09:00,0.076,6.1,0.29,28.0,正常,0
HZ006244,杭州,拱墅区,湖墅家园,2026-08-01 23:00,0.043,4.2,0.38,28.8,正常,0
HZ006245,杭州,上城区,近江家园,2026-08-07 04:00,0.016,1.3,0.33,30.3,正常,0
HZ006246,杭州,萧山区,北干社区,2026-08-02 12:00,0.072,7.1,0.38,31.1,正常,0
HZ006247,杭州,钱塘区,河庄新苑,2026-08-03 17:00,0.010,0.9,0.32,33.8,正常,0
HZ006248,杭州,临平区,星桥社区,2026-08-03 11:00,0.091,8.4,0.30,30.2,正常,0
HZ006249,杭州,西湖区,三墩新天地,2026-08-03 18:00,0.043,3.9,0.31,28.0,正常,0
HZ006250,杭州,滨江区,白马湖社区,2026-08-05 16:00,0.057,4.9,0.30,32.0,正常,0
HZ006251,杭州,余杭区,闲林山水,2026-08-05 19:00,0.074,7.3,0.33,27.1,正常,0
HZ006252,杭州,拱墅区,大关小区,2026-08-03 09:00,0.031,2.5,0.29,30.4,正常,0
HZ006253,杭州,上城区,望江新园,2026-08-04 13:00,0.130,9.4,0.33,30.6,正常,0
HZ006254,杭州,萧山区,钱江世纪城社区,2026-08-06 09:00,0.033,2.6,0.30,28.1,正常,0
HZ006255,杭州,钱塘区,大学城北社区,2026-08-03 15:00,0.119,8.7,0.33,32.4,正常,0
HZ006256,杭州,临平区,星桥社区,2026-08-07 19:00,0.040,2.6,0.30,29.0,正常,0
HZ006257,杭州,西湖区,三墩新天地,2026-08-07 11:00,0.106,8.5,0.29,32.1,正常,0
HZ006258,杭州,滨江区,白马湖社区,2026-08-03 14:00,0.086,7.6,0.34,30.8,正常,0
HZ006259,杭州,余杭区,未来科技城社区,2026-08-04 14:00,0.010,0.9,0.36,32.0,正常,0
HZ006260,杭州,拱墅区,湖墅家园,2026-08-02 12:00,0.019,1.8,0.35,31.0,正常,0
HZ006261,杭州,上城区,近江家园,2026-08-04 01:00,0.023,1.7,0.31,29.6,正常,0
HZ006262,杭州,萧山区,湘湖家园,2026-08-02 14:00,0.090,8.7,0.36,31.3,正常,0
HZ006263,杭州,钱塘区,江东家园,2026-08-07 15:00,0.050,4.7,0.38,30.9,正常,0
HZ006264,杭州,临平区,塘栖人家,2026-08-02 08:00,0.098,8.6,0.28,27.8,正常,0
HZ006265,杭州,西湖区,文新社区,2026-08-05 00:00,0.023,1.8,0.39,28.4,正常,0
HZ006266,杭州,滨江区,滨康小区,2026-08-05 09:00,0.030,2.9,0.34,29.0,正常,0
HZ006267,杭州,余杭区,良渚文化村,2026-08-02 16:00,0.083,7.3,0.38,33.4,正常,0
HZ006268,杭州,拱墅区,湖墅家园,2026-08-06 12:00,0.100,9.2,0.34,31.4,正常,0
HZ006269,杭州,上城区,采荷小区,2026-08-03 06:00,0.122,7.7,0.39,27.8,正常,0
HZ006270,杭州,萧山区,宁围佳境,2026-08-04 17:00,0.103,6.5,0.28,31.8,正常,0
HZ006271,杭州,钱塘区,河庄新苑,2026-08-05 12:00,0.150,10.4,0.35,30.9,正常,0
HZ006272,杭州,临平区,乔司家园,2026-08-07 04:00,0.006,0.4,0.35,27.6,正常,0
HZ006273,杭州,西湖区,三墩新天地,2026-08-07 06:00,0.017,1.6,0.37,30.9,正常,0
HZ006274,杭州,滨江区,钱塘春晓,2026-08-03 04:00,0.037,2.3,0.35,28.2,正常,0
HZ006275,杭州,余杭区,良渚文化村,2026-08-02 05:00,0.019,1.6,0.28,27.3,正常,0
HZ006276,杭州,拱墅区,半山家园,2026-08-01 11:00,0.108,7.3,0.28,32.5,正常,0
HZ006277,杭州,上城区,采荷小区,2026-08-04 18:00,0.117,9.9,0.30,27.4,正常,0
HZ006278,杭州,萧山区,宁围佳境,2026-08-01 06:00,0.099,6.4,0.28,29.8,正常,0
HZ006279,杭州,钱塘区,河庄新苑,2026-08-06 00:00,0.021,1.8,0.36,27.9,正常,0
HZ006280,杭州,临平区,乔司家园,2026-08-01 01:00,0.021,1.4,0.35,30.7,正常,0
HZ006281,杭州,西湖区,三墩新天地,2026-08-04 07:00,0.064,5.7,0.29,31.0,正常,0
HZ006282,杭州,滨江区,钱塘春晓,2026-08-03 05:00,0.018,1.7,0.33,29.3,正常,0
HZ006283,杭州,余杭区,未来科技城社区,2026-08-02 10:00,0.020,1.5,0.38,30.3,正常,0
HZ006284,杭州,拱墅区,半山家园,2026-08-02 20:00,0.078,7.8,0.30,29.8,正常,0
HZ006285,杭州,上城区,近江家园,2026-08-06 14:00,0.096,8.0,0.29,33.2,正常,0
HZ006286,杭州,萧山区,宁围佳境,2026-08-06 00:00,0.010,0.6,0.31,28.5,正常,0
HZ006287,杭州,钱塘区,河庄新苑,2026-08-06 21:00,0.121,7.8,0.30,30.1,正常,0
HZ006288,杭州,临平区,塘栖人家,2026-08-06 15:00,0.076,5.1,0.29,33.0,正常,0
HZ006289,杭州,西湖区,三墩新天地,2026-08-05 02:00,0.016,1.2,0.33,30.5,正常,0
HZ006290,杭州,滨江区,滨康小区,2026-08-06 03:00,0.007,0.7,0.31,30.1,正常,0
HZ006291,杭州,余杭区,良渚文化村,2026-08-04 04:00,0.019,1.7,0.32,31.0,正常,0
HZ006292,杭州,拱墅区,大关小区,2026-08-07 17:00,0.077,6.4,0.33,31.8,正常,0
HZ006293,杭州,上城区,望江新园,2026-08-07 05:00,0.020,1.7,0.35,29.3,正常,0
HZ006294,杭州,萧山区,宁围佳境,2026-08-03 09:00,0.128,10.5,0.33,27.8,正常,0
HZ006295,杭州,钱塘区,大学城北社区,2026-08-06 13:00,0.132,9.0,0.29,30.1,正常,0
HZ006296,杭州,临平区,南苑小区,2026-08-01 01:00,0.023,2.1,0.35,29.7,正常,0
HZ006297,杭州,西湖区,翠苑小区,2026-08-07 13:00,0.029,2.7,0.38,33.4,正常,0
HZ006298,杭州,滨江区,白马湖社区,2026-08-01 09:00,0.027,2.0,0.31,30.0,正常,0
HZ006299,杭州,余杭区,仓前家园,2026-08-01 02:00,0.008,0.6,0.35,28.8,正常,0
HZ006300,杭州,拱墅区,运河新城社区,2026-08-03 02:00,0.021,1.6,0.38,27.8,正常,0
HZ006301,杭州,上城区,丁兰社区,2026-08-03 06:00,0.062,6.0,0.38,27.7,正常,0
HZ006302,杭州,萧山区,湘湖家园,2026-08-05 13:00,0.077,5.3,0.38,32.4,正常,0
HZ006303,杭州,钱塘区,江东家园,2026-08-01 23:00,0.122,8.1,0.36,29.0,正常,0
HZ006304,杭州,临平区,南苑小区,2026-08-07 19:00,0.133,9.9,0.33,30.3,正常,0
HZ006305,杭州,西湖区,文新社区,2026-08-03 01:00,0.015,1.0,0.35,28.6,正常,0
HZ006306,杭州,滨江区,江南花园,2026-08-03 09:00,0.095,8.4,0.35,27.8,正常,0
HZ006307,杭州,余杭区,未来科技城社区,2026-08-05 06:00,0.019,1.6,0.39,29.9,正常,0
HZ006308,杭州,拱墅区,大关小区,2026-08-02 05:00,0.018,1.5,0.12,30.7,异常,1
HZ006309,杭州,上城区,采荷小区,2026-08-01 19:00,0.107,7.9,0.31,29.4,正常,0
HZ006310,杭州,萧山区,北干社区,2026-08-04 02:00,0.028,1.9,0.39,30.7,正常,0
HZ006311,杭州,钱塘区,河庄新苑,2026-08-05 06:00,0.120,8.6,0.34,30.7,正常,0
HZ006312,杭州,临平区,星桥社区,2026-08-04 07:00,0.115,8.6,0.39,27.8,正常,0
HZ006313,杭州,西湖区,文新社区,2026-08-02 08:00,0.108,10.0,0.35,28.7,正常,0
HZ006314,杭州,滨江区,江南花园,2026-08-02 12:00,0.019,1.4,0.37,31.1,正常,0
HZ006315,杭州,余杭区,良渚文化村,2026-08-04 06:00,0.013,1.0,0.33,28.7,正常,0
HZ006316,杭州,拱墅区,半山家园,2026-08-01 17:00,0.127,10.3,0.12,30.7,异常,1
HZ006317,杭州,上城区,采荷小区,2026-08-05 19:00,0.128,10.2,0.33,30.1,正常,0
HZ006318,杭州,萧山区,宁围佳境,2026-08-06 18:00,0.110,9.1,0.29,29.2,正常,0
HZ006319,杭州,钱塘区,江东家园,2026-08-05 07:00,0.065,6.1,0.30,29.8,正常,0
HZ006320,杭州,临平区,乔司家园,2026-08-05 21:00,0.058,4.1,0.31,27.9,正常,0
HZ006321,杭州,西湖区,文新社区,2026-08-03 12:00,0.025,2.4,0.30,33.9,正常,0
HZ006322,杭州,滨江区,钱塘春晓,2026-08-05 09:00,0.052,5.1,0.35,29.7,正常,0
HZ006323,杭州,余杭区,未来科技城社区,2026-08-01 11:00,0.039,3.8,0.36,31.2,正常,0
HZ006324,杭州,拱墅区,运河新城社区,2026-08-04 01:00,0.015,1.1,0.36,29.3,正常,0
HZ006325,杭州,上城区,近江家园,2026-08-07 02:00,0.010,1.0,0.37,29.6,正常,0
HZ006326,杭州,萧山区,宁围佳境,2026-08-02 10:00,0.065,5.1,0.30,27.8,正常,0
HZ006327,杭州,钱塘区,河庄新苑,2026-08-07 11:00,0.301,18.1,0.37,30.9,异常,1
HZ006328,杭州,临平区,乔司家园,2026-08-07 10:00,0.023,1.8,0.38,30.1,正常,0
HZ006329,杭州,西湖区,文新社区,2026-08-03 01:00,0.001,0.1,0.31,27.8,正常,0
HZ006330,杭州,滨江区,江南花园,2026-08-05 18:00,0.050,3.6,0.29,29.5,正常,0
HZ006331,杭州,余杭区,良渚文化村,2026-08-02 11:00,0.069,5.2,0.28,30.3,正常,0
HZ006332,杭州,拱墅区,运河新城社区,2026-08-04 10:00,0.076,5.3,0.39,30.3,正常,0
HZ006333,杭州,上城区,丁兰社区,2026-08-07 06:00,0.065,5.5,0.32,29.6,正常,0
HZ006334,杭州,萧山区,钱江世纪城社区,2026-08-07 03:00,0.007,0.6,0.38,27.6,正常,0
HZ006335,杭州,钱塘区,河庄新苑,2026-08-04 04:00,0.023,1.5,0.37,28.7,正常,0
HZ006336,杭州,临平区,星桥社区,2026-08-07 03:00,0.023,1.5,0.31,27.9,正常,0
HZ006337,杭州,西湖区,三墩新天地,2026-08-02 19:00,0.103,6.9,0.34,29.7,正常,0
HZ006338,杭州,滨江区,滨康小区,2026-08-03 03:00,0.001,0.1,0.29,28.1,正常,0
HZ006339,杭州,余杭区,未来科技城社区,2026-08-06 13:00,0.016,1.5,0.32,32.9,正常,0
HZ006340,杭州,拱墅区,运河新城社区,2026-08-05 09:00,0.106,10.0,0.38,27.8,正常,0
HZ006341,杭州,上城区,近江家园,2026-08-05 03:00,0.359,23.2,0.32,28.9,异常,1
HZ006342,杭州,萧山区,宁围佳境,2026-08-02 06:00,0.032,2.4,0.31,30.9,正常,0
HZ006343,杭州,钱塘区,大学城北社区,2026-08-01 04:00,0.027,2.2,0.36,27.4,正常,0
HZ006344,杭州,临平区,塘栖人家,2026-08-07 08:00,0.076,6.4,0.29,30.1,正常,0
HZ006345,杭州,西湖区,翠苑小区,2026-08-01 18:00,0.105,9.8,0.30,27.5,正常,0
HZ006346,杭州,滨江区,钱塘春晓,2026-08-07 17:00,0.074,7.0,0.35,30.9,正常,0
HZ006347,杭州,余杭区,未来科技城社区,2026-08-04 10:00,0.113,9.3,0.34,28.4,正常,0
HZ006348,杭州,拱墅区,大关小区,2026-08-01 00:00,0.024,2.1,0.31,29.8,正常,0
HZ006349,杭州,上城区,丁兰社区,2026-08-01 22:00,0.085,5.9,0.30,30.5,正常,0
HZ006350,杭州,萧山区,宁围佳境,2026-08-05 18:00,0.045,4.3,0.36,30.2,正常,0
HZ006351,杭州,钱塘区,下沙社区,2026-08-01 20:00,0.150,9.9,0.38,28.2,正常,0
HZ006352,杭州,临平区,星桥社区,2026-08-01 00:00,0.025,2.3,0.29,28.2,正常,0
HZ006353,杭州,西湖区,三墩新天地,2026-08-01 07:00,0.099,8.0,0.28,27.3,正常,0
HZ006354,杭州,滨江区,白马湖社区,2026-08-05 05:00,0.030,2.0,0.32,30.4,正常,0
HZ006355,杭州,余杭区,未来科技城社区,2026-08-03 15:00,0.135,9.4,0.31,32.5,正常,0
HZ006356,杭州,拱墅区,运河新城社区,2026-08-05 12:00,0.119,9.0,0.32,30.4,正常,0
HZ006357,杭州,上城区,望江新园,2026-08-03 02:00,0.014,1.1,0.30,29.0,正常,0
HZ006358,杭州,萧山区,钱江世纪城社区,2026-08-04 15:00,0.069,5.6,0.32,30.5,正常,0
HZ006359,杭州,钱塘区,下沙社区,2026-08-05 03:00,0.343,21.4,0.37,27.5,异常,1
HZ006360,杭州,临平区,星桥社区,2026-08-07 14:00,0.009,0.8,0.38,32.2,正常,0
HZ006361,杭州,西湖区,转塘家园,2026-08-04 10:00,0.136,10.0,0.28,27.2,正常,0
HZ006362,杭州,滨江区,白马湖社区,2026-08-01 16:00,0.021,2.0,0.52,30.4,异常,1
HZ006363,杭州,余杭区,良渚文化村,2026-08-05 21:00,0.058,4.8,0.34,29.8,正常,0
HZ006364,杭州,拱墅区,大关小区,2026-08-02 07:00,0.020,1.5,0.35,30.1,正常,0
HZ006365,杭州,上城区,丁兰社区,2026-08-01 02:00,0.023,1.9,0.31,27.9,正常,0
HZ006366,杭州,萧山区,湘湖家园,2026-08-03 17:00,0.068,5.5,0.28,32.2,正常,0
HZ006367,杭州,钱塘区,江东家园,2026-08-06 14:00,0.063,4.0,0.37,33.3,正常,0
HZ006368,杭州,临平区,星桥社区,2026-08-07 23:00,0.069,4.4,0.30,28.9,正常,0
HZ006369,杭州,西湖区,三墩新天地,2026-08-02 09:00,0.008,0.7,0.34,27.2,正常,0
HZ006370,杭州,滨江区,钱塘春晓,2026-08-04 14:00,0.038,3.0,0.38,32.8,正常,0
HZ006371,杭州,余杭区,闲林山水,2026-08-05 19:00,0.113,8.1,0.39,31.0,正常,0
HZ006372,杭州,拱墅区,湖墅家园,2026-08-01 05:00,0.004,0.3,0.30,27.5,正常,0
HZ006373,杭州,上城区,丁兰社区,2026-08-07 21:00,0.027,2.2,0.33,30.0,正常,0
HZ006374,杭州,萧山区,北干社区,2026-08-02 22:00,0.102,6.8,0.32,27.3,正常,0
HZ006375,杭州,钱塘区,河庄新苑,2026-08-06 18:00,0.076,6.5,0.28,28.8,正常,0
HZ006376,杭州,临平区,乔司家园,2026-08-03 07:00,0.080,5.8,0.29,30.7,正常,0
HZ006377,杭州,西湖区,文新社区,2026-08-02 18:00,0.114,9.4,0.38,27.4,正常,0
HZ006378,杭州,滨江区,白马湖社区,2026-08-03 04:00,0.019,1.7,0.32,28.3,正常,0
HZ006379,杭州,余杭区,良渚文化村,2026-08-03 13:00,0.065,4.6,0.34,30.5,正常,0
HZ006380,杭州,拱墅区,湖墅家园,2026-08-04 19:00,0.090,8.9,0.39,28.9,正常,0
HZ006381,杭州,上城区,望江新园,2026-08-05 21:00,0.098,6.9,0.35,28.4,正常,0
HZ006382,杭州,萧山区,湘湖家园,2026-08-01 08:00,0.023,1.4,0.29,30.7,正常,0
HZ006383,杭州,钱塘区,下沙社区,2026-08-05 13:00,0.278,18.4,0.34,32.8,异常,1
HZ006384,杭州,临平区,星桥社区,2026-08-05 14:00,0.026,1.6,0.37,32.5,正常,0
HZ006385,杭州,西湖区,翠苑小区,2026-08-03 23:00,0.033,3.2,0.34,27.7,正常,0
HZ006386,杭州,滨江区,滨康小区,2026-08-02 07:00,0.010,0.9,0.36,30.2,正常,0
HZ006387,杭州,余杭区,闲林山水,2026-08-01 22:00,0.151,10.2,0.33,29.8,正常,0
HZ006388,杭州,拱墅区,运河新城社区,2026-08-07 22:00,0.078,6.3,0.36,30.2,正常,0
HZ006389,杭州,上城区,采荷小区,2026-08-02 15:00,0.015,1.4,0.37,32.8,正常,0
HZ006390,杭州,萧山区,湘湖家园,2026-08-05 19:00,0.114,10.4,0.29,28.5,正常,0
HZ006391,杭州,钱塘区,大学城北社区,2026-08-03 00:00,0.016,1.3,0.33,31.0,正常,0
HZ006392,杭州,临平区,星桥社区,2026-08-05 09:00,0.100,7.4,0.32,28.5,正常,0
HZ006393,杭州,西湖区,转塘家园,2026-08-01 15:00,0.026,1.7,0.30,32.4,正常,0
HZ006394,杭州,滨江区,白马湖社区,2026-08-03 19:00,0.068,5.3,0.33,27.3,正常,0
HZ006395,杭州,余杭区,闲林山水,2026-08-04 20:00,0.033,2.4,0.39,29.7,正常,0
HZ006396,杭州,拱墅区,半山家园,2026-08-05 17:00,0.011,0.9,0.28,33.7,正常,0
HZ006397,杭州,上城区,采荷小区,2026-08-06 01:00,0.020,1.9,0.28,27.3,正常,0
HZ006398,杭州,萧山区,北干社区,2026-08-01 18:00,0.030,2.8,0.31,28.9,正常,0
HZ006399,杭州,钱塘区,江东家园,2026-08-03 15:00,0.138,9.5,0.29,33.1,正常,0
HZ006400,杭州,临平区,星桥社区,2026-08-02 07:00,0.069,5.1,0.51,28.8,异常,1
HZ006401,杭州,西湖区,转塘家园,2026-08-05 21:00,0.099,8.9,0.33,27.7,正常,0
HZ006402,杭州,滨江区,钱塘春晓,2026-08-06 00:00,0.020,1.3,0.39,29.1,正常,0
HZ006403,杭州,余杭区,未来科技城社区,2026-08-03 13:00,0.080,7.4,0.31,32.8,正常,0
HZ006404,杭州,拱墅区,半山家园,2026-08-02 19:00,0.112,8.6,0.39,30.1,正常,0
HZ006405,杭州,上城区,丁兰社区,2026-08-07 15:00,0.020,1.8,0.36,31.5,正常,0
HZ006406,杭州,萧山区,钱江世纪城社区,2026-08-04 13:00,0.034,2.7,0.36,32.2,正常,0
HZ006407,杭州,钱塘区,大学城北社区,2026-08-05 16:00,0.067,5.4,0.38,33.2,正常,0
HZ006408,杭州,临平区,塘栖人家,2026-08-01 19:00,0.071,5.7,0.30,28.0,正常,0
HZ006409,杭州,西湖区,翠苑小区,2026-08-06 22:00,0.119,8.8,0.36,29.8,正常,0
HZ006410,杭州,滨江区,滨康小区,2026-08-02 08:00,0.057,4.5,0.33,30.5,正常,0
HZ006411,杭州,余杭区,良渚文化村,2026-08-02 20:00,0.085,7.3,0.31,30.3,正常,0
HZ006412,杭州,拱墅区,湖墅家园,2026-08-04 23:00,0.099,8.2,0.39,27.7,正常,0
HZ006413,杭州,上城区,望江新园,2026-08-06 21:00,0.099,8.3,0.30,28.3,正常,0
HZ006414,杭州,萧山区,北干社区,2026-08-07 09:00,0.056,4.7,0.37,28.8,正常,0
HZ006415,杭州,钱塘区,河庄新苑,2026-08-05 23:00,0.031,2.2,0.33,28.8,正常,0
HZ006416,杭州,临平区,南苑小区,2026-08-04 11:00,0.014,0.9,0.48,33.3,异常,1
HZ006417,杭州,西湖区,三墩新天地,2026-08-07 13:00,0.105,7.6,0.37,32.2,正常,0
HZ006418,杭州,滨江区,滨康小区,2026-08-06 22:00,0.099,6.6,0.35,27.7,正常,0
HZ006419,杭州,余杭区,良渚文化村,2026-08-02 04:00,0.026,1.9,0.33,29.7,正常,0
HZ006420,杭州,拱墅区,半山家园,2026-08-03 15:00,0.082,8.1,0.30,31.2,正常,0
HZ006421,杭州,上城区,近江家园,2026-08-02 01:00,0.012,1.1,0.39,29.6,正常,0
HZ006422,杭州,萧山区,北干社区,2026-08-06 16:00,0.045,4.1,0.37,30.9,正常,0
HZ006423,杭州,钱塘区,大学城北社区,2026-08-07 19:00,0.119,10.3,0.38,29.7,正常,0
HZ006424,杭州,临平区,星桥社区,2026-08-07 03:00,0.019,1.4,0.33,28.7,正常,0
HZ006425,杭州,西湖区,转塘家园,2026-08-07 06:00,0.086,5.6,0.32,30.5,正常,0
HZ006426,杭州,滨江区,滨康小区,2026-08-01 01:00,0.007,0.6,0.18,29.1,异常,1
HZ006427,杭州,余杭区,仓前家园,2026-08-02 13:00,0.032,2.5,0.35,31.1,正常,0
HZ006428,杭州,拱墅区,半山家园,2026-08-07 10:00,0.008,0.8,0.33,27.4,正常,0
HZ006429,杭州,上城区,望江新园,2026-08-02 14:00,0.015,1.4,0.29,32.3,正常,0
HZ006430,杭州,萧山区,钱江世纪城社区,2026-08-04 12:00,0.027,1.8,0.33,30.1,正常,0
HZ006431,杭州,钱塘区,下沙社区,2026-08-02 18:00,0.095,8.0,0.28,29.1,正常,0
HZ006432,杭州,临平区,乔司家园,2026-08-06 23:00,0.021,2.0,0.29,30.5,正常,0
HZ006433,杭州,西湖区,文新社区,2026-08-03 11:00,0.037,2.4,0.31,31.1,正常,0
HZ006434,杭州,滨江区,滨康小区,2026-08-05 03:00,0.008,0.5,0.33,28.5,正常,0
HZ006435,杭州,余杭区,良渚文化村,2026-08-07 18:00,0.078,5.6,0.37,28.0,正常,0
HZ006436,杭州,拱墅区,运河新城社区,2026-08-02 10:00,0.009,0.7,0.31,28.5,正常,0
HZ006437,杭州,上城区,丁兰社区,2026-08-04 16:00,0.159,10.4,0.29,30.1,正常,0
HZ006438,杭州,萧山区,钱江世纪城社区,2026-08-02 03:00,0.019,1.6,0.32,28.8,正常,0
HZ006439,杭州,钱塘区,大学城北社区,2026-08-07 22:00,0.020,1.3,0.30,29.2,正常,0
HZ006440,杭州,临平区,星桥社区,2026-08-04 12:00,0.125,8.8,0.32,30.8,正常,0
HZ006441,杭州,西湖区,三墩新天地,2026-08-03 23:00,0.082,7.3,0.35,27.5,正常,0
HZ006442,杭州,滨江区,白马湖社区,2026-08-04 21:00,0.085,5.6,0.28,28.8,正常,0
HZ006443,杭州,余杭区,闲林山水,2026-08-01 11:00,0.092,6.0,0.34,32.5,正常,0
HZ006444,杭州,拱墅区,运河新城社区,2026-08-01 12:00,0.022,1.9,0.32,31.1,正常,0
HZ006445,杭州,上城区,丁兰社区,2026-08-04 23:00,0.088,8.5,0.29,27.2,正常,0
HZ006446,杭州,萧山区,宁围佳境,2026-08-07 06:00,0.084,7.7,0.39,30.3,正常,0
HZ006447,杭州,钱塘区,江东家园,2026-08-03 00:00,0.009,0.8,0.37,29.6,正常,0
HZ006448,杭州,临平区,乔司家园,2026-08-05 22:00,0.048,4.2,0.39,28.5,正常,0
HZ006449,杭州,西湖区,文新社区,2026-08-06 21:00,0.093,7.8,0.31,30.3,正常,0
HZ006450,杭州,滨江区,滨康小区,2026-08-06 17:00,0.035,2.8,0.30,30.5,正常,0
HZ006451,杭州,余杭区,仓前家园,2026-08-03 10:00,0.071,6.5,0.38,29.4,正常,0
HZ006452,杭州,拱墅区,半山家园,2026-08-06 20:00,0.137,8.6,0.34,28.0,正常,0
HZ006453,杭州,上城区,丁兰社区,2026-08-07 23:00,0.096,8.4,0.34,30.0,正常,0
HZ006454,杭州,萧山区,北干社区,2026-08-05 19:00,0.035,3.2,0.36,30.2,正常,0
HZ006455,杭州,钱塘区,江东家园,2026-08-07 05:00,0.017,1.5,0.32,27.9,正常,0
HZ006456,杭州,临平区,星桥社区,2026-08-03 15:00,0.095,9.0,0.15,30.8,异常,1
HZ006457,杭州,西湖区,文新社区,2026-08-01 17:00,0.110,10.3,0.31,31.8,正常,0
HZ006458,杭州,滨江区,钱塘春晓,2026-08-06 21:00,0.026,2.3,0.31,30.6,正常,0
HZ006459,杭州,余杭区,未来科技城社区,2026-08-05 16:00,0.084,5.4,0.31,30.2,正常,0
HZ006460,杭州,拱墅区,运河新城社区,2026-08-03 20:00,0.088,7.7,0.20,28.0,异常,1
HZ006461,杭州,上城区,望江新园,2026-08-07 20:00,0.115,7.3,0.33,27.8,正常,0
HZ006462,杭州,萧山区,宁围佳境,2026-08-04 02:00,0.023,2.1,0.34,27.4,正常,0
HZ006463,杭州,钱塘区,河庄新苑,2026-08-01 05:00,0.007,0.6,0.29,27.6,正常,0
HZ006464,杭州,临平区,乔司家园,2026-08-07 11:00,0.019,1.6,0.35,32.7,正常,0
HZ006465,杭州,西湖区,翠苑小区,2026-08-07 16:00,0.088,8.5,0.38,32.0,正常,0
HZ006466,杭州,滨江区,江南花园,2026-08-04 13:00,0.114,7.8,0.30,31.1,正常,0
HZ006467,杭州,余杭区,闲林山水,2026-08-05 07:00,0.123,8.6,0.38,27.9,正常,0
HZ006468,杭州,拱墅区,湖墅家园,2026-08-05 16:00,0.088,7.4,0.31,32.4,正常,0
HZ006469,杭州,上城区,丁兰社区,2026-08-02 02:00,0.004,0.3,0.30,27.7,正常,0
HZ006470,杭州,萧山区,宁围佳境,2026-08-02 22:00,0.130,9.0,0.31,27.2,正常,0
HZ006471,杭州,钱塘区,下沙社区,2026-08-07 11:00,0.035,3.1,0.28,31.5,正常,0
HZ006472,杭州,临平区,星桥社区,2026-08-04 22:00,0.035,3.1,0.37,30.1,正常,0
HZ006473,杭州,西湖区,文新社区,2026-08-02 00:00,0.023,1.5,0.37,28.1,正常,0
HZ006474,杭州,滨江区,江南花园,2026-08-06 22:00,0.088,6.3,0.33,29.2,正常,0
HZ006475,杭州,余杭区,闲林山水,2026-08-04 10:00,0.042,3.3,0.36,29.4,正常,0
HZ006476,杭州,拱墅区,半山家园,2026-08-06 22:00,0.063,5.3,0.38,30.1,正常,0
HZ006477,杭州,上城区,望江新园,2026-08-07 10:00,0.033,3.1,0.31,28.0,正常,0
HZ006478,杭州,萧山区,北干社区,2026-08-04 18:00,0.016,1.4,0.31,30.9,正常,0
HZ006479,杭州,钱塘区,河庄新苑,2026-08-04 09:00,0.008,0.7,0.29,29.0,正常,0
HZ006480,杭州,临平区,南苑小区,2026-08-07 16:00,0.093,8.2,0.31,33.9,正常,0
HZ006481,杭州,西湖区,文新社区,2026-08-01 08:00,0.111,9.0,0.29,28.6,正常,0
HZ006482,杭州,滨江区,滨康小区,2026-08-03 21:00,0.052,3.9,0.38,27.1,正常,0
HZ006483,杭州,余杭区,良渚文化村,2026-08-01 09:00,0.129,8.5,0.38,30.1,正常,0
HZ006484,杭州,拱墅区,大关小区,2026-08-01 01:00,0.016,1.4,0.29,29.0,正常,0
HZ006485,杭州,上城区,丁兰社区,2026-08-06 11:00,0.029,2.0,0.30,33.3,正常,0
HZ006486,杭州,萧山区,湘湖家园,2026-08-03 14:00,0.059,5.2,0.32,33.2,正常,0
HZ006487,杭州,钱塘区,江东家园,2026-08-06 09:00,0.109,7.3,0.37,30.0,正常,0
HZ006488,杭州,临平区,乔司家园,2026-08-01 03:00,0.005,0.3,0.29,29.9,正常,0
HZ006489,杭州,西湖区,转塘家园,2026-08-02 23:00,0.060,4.3,0.34,27.3,正常,0
HZ006490,杭州,滨江区,钱塘春晓,2026-08-06 22:00,0.055,4.0,0.35,28.3,正常,0
HZ006491,杭州,余杭区,仓前家园,2026-08-01 15:00,0.105,8.7,0.29,33.4,正常,0
HZ006492,杭州,拱墅区,运河新城社区,2026-08-04 19:00,0.073,4.7,0.31,28.1,正常,0
HZ006493,杭州,上城区,望江新园,2026-08-07 01:00,0.031,2.2,0.30,27.5,正常,0
HZ006494,杭州,萧山区,湘湖家园,2026-08-07 22:00,0.055,5.1,0.55,29.7,异常,1
HZ006495,杭州,钱塘区,大学城北社区,2026-08-01 06:00,0.270,19.0,0.39,30.8,异常,1
HZ006496,杭州,临平区,乔司家园,2026-08-05 09:00,0.039,3.2,0.35,28.4,正常,0
HZ006497,杭州,西湖区,文新社区,2026-08-02 19:00,0.115,8.9,0.30,29.4,正常,0
HZ006498,杭州,滨江区,滨康小区,2026-08-04 03:00,0.004,0.3,0.38,29.6,正常,0
HZ006499,杭州,余杭区,仓前家园,2026-08-03 07:00,0.032,2.9,0.32,27.1,正常,0
HZ006500,杭州,拱墅区,半山家园,2026-08-03 07:00,0.095,7.1,0.37,29.1,正常,0
HZ006501,杭州,上城区,采荷小区,2026-08-07 23:00,0.151,9.9,0.33,30.4,正常,0
HZ006502,杭州,萧山区,宁围佳境,2026-08-02 03:00,0.006,0.6,0.34,30.0,正常,0
HZ006503,杭州,钱塘区,河庄新苑,2026-08-06 05:00,0.016,1.4,0.33,28.2,正常,0
HZ006504,杭州,临平区,乔司家园,2026-08-05 11:00,0.042,3.3,0.34,32.3,正常,0
HZ006505,杭州,西湖区,文新社区,2026-08-02 19:00,0.018,1.4,0.30,29.6,正常,0
HZ006506,杭州,滨江区,白马湖社区,2026-08-06 21:00,0.044,3.9,0.38,30.3,正常,0
HZ006507,杭州,余杭区,未来科技城社区,2026-08-07 21:00,0.057,5.0,0.30,28.7,正常,0
HZ006508,杭州,拱墅区,湖墅家园,2026-08-07 03:00,0.024,2.1,0.29,27.7,正常,0
HZ006509,杭州,上城区,丁兰社区,2026-08-03 20:00,0.014,0.9,0.30,30.5,正常,0
HZ006510,杭州,萧山区,宁围佳境,2026-08-04 00:00,0.026,2.0,0.38,30.4,正常,0
HZ006511,杭州,钱塘区,河庄新苑,2026-08-03 22:00,0.080,6.6,0.37,28.7,正常,0
HZ006512,杭州,临平区,乔司家园,2026-08-02 14:00,0.015,1.5,0.36,30.3,正常,0
HZ006513,杭州,西湖区,翠苑小区,2026-08-04 05:00,0.007,0.6,0.36,31.0,正常,0
HZ006514,杭州,滨江区,滨康小区,2026-08-05 13:00,0.125,9.4,0.35,32.4,正常,0
HZ006515,杭州,余杭区,仓前家园,2026-08-03 21:00,0.113,8.1,0.35,29.2,正常,0
HZ006516,杭州,拱墅区,湖墅家园,2026-08-02 09:00,0.043,2.9,0.38,28.5,正常,0
HZ006517,杭州,上城区,采荷小区,2026-08-03 03:00,0.002,0.1,0.31,27.6,正常,0
HZ006518,杭州,萧山区,宁围佳境,2026-08-03 23:00,0.112,10.4,0.36,28.4,正常,0
HZ006519,杭州,钱塘区,下沙社区,2026-08-03 14:00,0.090,8.2,0.37,33.8,正常,0
HZ006520,杭州,临平区,塘栖人家,2026-08-04 20:00,0.075,5.5,0.37,28.5,正常,0
HZ006521,杭州,西湖区,转塘家园,2026-08-01 03:00,0.013,0.8,0.37,29.9,正常,0
HZ006522,杭州,滨江区,滨康小区,2026-08-07 08:00,0.025,2.3,0.39,28.5,正常,0
HZ006523,杭州,余杭区,仓前家园,2026-08-06 11:00,0.095,7.8,0.35,30.9,正常,0
HZ006524,杭州,拱墅区,湖墅家园,2026-08-07 03:00,0.021,1.5,0.31,30.5,正常,0
HZ006525,杭州,上城区,望江新园,2026-08-02 13:00,0.115,7.6,0.36,32.8,正常,0
HZ006526,杭州,萧山区,湘湖家园,2026-08-01 07:00,0.046,3.6,0.33,29.7,正常,0
HZ006527,杭州,钱塘区,河庄新苑,2026-08-03 21:00,0.144,9.9,0.30,28.3,正常,0
HZ006528,杭州,临平区,乔司家园,2026-08-05 16:00,0.049,4.3,0.31,30.6,正常,0
HZ006529,杭州,西湖区,翠苑小区,2026-08-04 15:00,0.091,6.8,0.32,31.2,正常,0
HZ006530,杭州,滨江区,钱塘春晓,2026-08-05 22:00,0.112,9.1,0.36,29.3,正常,0
HZ006531,杭州,余杭区,良渚文化村,2026-08-04 10:00,0.074,6.2,0.37,27.9,正常,0
HZ006532,杭州,拱墅区,大关小区,2026-08-07 23:00,0.110,10.1,0.29,28.9,正常,0
HZ006533,杭州,上城区,望江新园,2026-08-07 20:00,0.018,1.4,0.30,28.7,正常,0
HZ006534,杭州,萧山区,宁围佳境,2026-08-03 13:00,0.130,9.5,0.39,32.9,正常,0
HZ006535,杭州,钱塘区,江东家园,2026-08-07 18:00,0.027,2.2,0.32,30.4,正常,0
HZ006536,杭州,临平区,塘栖人家,2026-08-06 00:00,0.004,0.3,0.32,27.7,正常,0
HZ006537,杭州,西湖区,翠苑小区,2026-08-05 19:00,0.094,6.6,0.37,28.6,正常,0
HZ006538,杭州,滨江区,江南花园,2026-08-03 16:00,0.059,4.7,0.34,32.8,正常,0
HZ006539,杭州,余杭区,未来科技城社区,2026-08-07 02:00,0.003,0.2,0.29,30.9,正常,0
HZ006540,杭州,拱墅区,运河新城社区,2026-08-03 01:00,0.009,0.7,0.38,28.1,正常,0
HZ006541,杭州,上城区,丁兰社区,2026-08-03 15:00,0.053,4.3,0.31,32.6,正常,0
HZ006542,杭州,萧山区,宁围佳境,2026-08-06 13:00,0.100,9.7,0.35,30.8,正常,0
HZ006543,杭州,钱塘区,大学城北社区,2026-08-05 22:00,0.075,5.5,0.33,28.3,正常,0
HZ006544,杭州,临平区,星桥社区,2026-08-01 16:00,0.028,1.9,0.29,32.8,正常,0
HZ006545,杭州,西湖区,翠苑小区,2026-08-01 12:00,0.139,10.0,0.32,31.9,正常,0
HZ006546,杭州,滨江区,滨康小区,2026-08-06 00:00,0.013,1.1,0.29,29.7,正常,0
HZ006547,杭州,余杭区,未来科技城社区,2026-08-07 05:00,0.019,1.3,0.38,28.6,正常,0
HZ006548,杭州,拱墅区,半山家园,2026-08-03 15:00,0.069,4.6,0.30,33.9,正常,0
HZ006549,杭州,上城区,近江家园,2026-08-07 03:00,0.029,2.2,0.33,30.7,正常,0
HZ006550,杭州,萧山区,北干社区,2026-08-02 22:00,0.103,9.4,0.38,29.9,正常,0
HZ006551,杭州,钱塘区,河庄新苑,2026-08-02 23:00,0.014,1.0,0.30,30.4,正常,0
HZ006552,杭州,临平区,乔司家园,2026-08-05 17:00,0.029,2.2,0.29,32.3,正常,0
HZ006553,杭州,西湖区,转塘家园,2026-08-06 03:00,0.016,1.1,0.36,29.3,正常,0
HZ006554,杭州,滨江区,江南花园,2026-08-01 20:00,0.054,4.0,0.35,30.4,正常,0
HZ006555,杭州,余杭区,闲林山水,2026-08-06 12:00,0.106,9.5,0.36,31.7,正常,0
HZ006556,杭州,拱墅区,运河新城社区,2026-08-07 07:00,0.039,2.5,0.36,30.4,正常,0
HZ006557,杭州,上城区,望江新园,2026-08-03 03:00,0.009,0.7,0.30,29.5,正常,0
HZ006558,杭州,萧山区,湘湖家园,2026-08-04 08:00,0.042,2.7,0.36,30.8,正常,0
HZ006559,杭州,钱塘区,河庄新苑,2026-08-07 22:00,0.109,8.6,0.36,28.5,正常,0
HZ006560,杭州,临平区,塘栖人家,2026-08-07 13:00,0.113,8.8,0.33,31.5,正常,0
HZ006561,杭州,西湖区,三墩新天地,2026-08-07 09:00,0.008,0.7,0.29,30.5,正常,0
HZ006562,杭州,滨江区,滨康小区,2026-08-06 15:00,0.065,4.2,0.31,31.2,正常,0
HZ006563,杭州,余杭区,未来科技城社区,2026-08-06 20:00,0.049,3.5,0.35,29.8,正常,0
HZ006564,杭州,拱墅区,运河新城社区,2026-08-06 07:00,0.017,1.5,0.29,27.4,正常,0
HZ006565,杭州,上城区,丁兰社区,2026-08-04 14:00,0.238,12.0,0.30,33.0,异常,1
HZ006566,杭州,萧山区,钱江世纪城社区,2026-08-05 08:00,0.156,9.9,0.34,28.8,正常,0
HZ006567,杭州,钱塘区,大学城北社区,2026-08-06 21:00,0.095,7.3,0.36,27.9,正常,0
HZ006568,杭州,临平区,星桥社区,2026-08-04 06:00,0.033,2.3,0.33,30.0,正常,0
HZ006569,杭州,西湖区,文新社区,2026-08-01 02:00,0.030,2.3,0.31,27.0,正常,0
HZ006570,杭州,滨江区,滨康小区,2026-08-06 01:00,0.015,1.5,0.35,30.8,正常,0
HZ006571,杭州,余杭区,良渚文化村,2026-08-03 18:00,0.068,5.5,0.39,28.1,正常,0
HZ006572,杭州,拱墅区,大关小区,2026-08-03 05:00,0.008,0.8,0.36,27.4,正常,0
HZ006573,杭州,上城区,采荷小区,2026-08-03 21:00,0.291,17.0,0.30,28.7,异常,1
HZ006574,杭州,萧山区,宁围佳境,2026-08-02 10:00,0.013,1.1,0.34,30.4,正常,0
HZ006575,杭州,钱塘区,下沙社区,2026-08-01 12:00,0.131,8.6,0.32,30.5,正常,0
HZ006576,杭州,临平区,乔司家园,2026-08-03 09:00,0.090,5.7,0.33,29.3,正常,0
HZ006577,杭州,西湖区,三墩新天地,2026-08-02 11:00,0.069,6.5,0.32,31.1,正常,0
HZ006578,杭州,滨江区,钱塘春晓,2026-08-01 13:00,0.089,7.0,0.37,33.3,正常,0
HZ006579,杭州,余杭区,闲林山水,2026-08-06 10:00,0.117,9.8,0.33,28.0,正常,0
HZ006580,杭州,拱墅区,半山家园,2026-08-01 13:00,0.077,7.5,0.31,30.5,正常,0
HZ006581,杭州,上城区,丁兰社区,2026-08-07 14:00,0.048,3.3,0.31,33.9,正常,0
HZ006582,杭州,萧山区,湘湖家园,2026-08-07 01:00,0.022,2.2,0.35,30.0,正常,0
HZ006583,杭州,钱塘区,江东家园,2026-08-07 17:00,0.117,9.4,0.35,32.5,正常,0
HZ006584,杭州,临平区,南苑小区,2026-08-03 04:00,0.016,1.2,0.36,30.6,正常,0
HZ006585,杭州,西湖区,翠苑小区,2026-08-07 11:00,0.054,3.4,0.32,32.0,正常,0
HZ006586,杭州,滨江区,江南花园,2026-08-06 11:00,0.065,4.6,0.38,33.7,正常,0
HZ006587,杭州,余杭区,仓前家园,2026-08-07 15:00,0.010,0.7,0.34,33.0,正常,0
HZ006588,杭州,拱墅区,大关小区,2026-08-02 20:00,0.068,5.3,0.35,29.4,正常,0
HZ006589,杭州,上城区,采荷小区,2026-08-07 06:00,0.119,9.3,0.32,27.2,正常,0
HZ006590,杭州,萧山区,钱江世纪城社区,2026-08-07 18:00,0.062,5.4,0.32,28.5,正常,0
HZ006591,杭州,钱塘区,河庄新苑,2026-08-05 17:00,0.145,9.8,0.29,31.2,正常,0
HZ006592,杭州,临平区,星桥社区,2026-08-02 17:00,0.093,7.9,0.36,30.3,正常,0
HZ006593,杭州,西湖区,翠苑小区,2026-08-05 06:00,0.051,3.4,0.33,28.9,正常,0
HZ006594,杭州,滨江区,江南花园,2026-08-07 10:00,0.107,7.4,0.37,27.5,正常,0
HZ006595,杭州,余杭区,闲林山水,2026-08-04 12:00,0.017,1.7,0.38,30.7,正常,0
HZ006596,杭州,拱墅区,大关小区,2026-08-02 00:00,0.016,1.4,0.30,27.7,正常,0
HZ006597,杭州,上城区,望江新园,2026-08-03 18:00,0.040,3.0,0.39,28.3,正常,0
HZ006598,杭州,萧山区,北干社区,2026-08-05 02:00,0.003,0.2,0.32,27.7,正常,0
HZ006599,杭州,钱塘区,河庄新苑,2026-08-01 12:00,0.141,10.5,0.31,31.4,正常,0
HZ006600,杭州,临平区,星桥社区,2026-08-04 11:00,0.060,4.0,0.34,30.8,正常,0
HZ006601,杭州,西湖区,文新社区,2026-08-06 22:00,0.079,5.4,0.39,27.9,正常,0
HZ006602,杭州,滨江区,钱塘春晓,2026-08-07 08:00,0.017,1.5,0.38,30.1,正常,0
HZ006603,杭州,余杭区,未来科技城社区,2026-08-02 17:00,0.029,2.5,0.32,30.0,正常,0
HZ006604,杭州,拱墅区,运河新城社区,2026-08-01 19:00,0.096,6.6,0.32,30.4,正常,0
HZ006605,杭州,上城区,丁兰社区,2026-08-04 11:00,0.189,15.4,0.37,30.3,异常,1
HZ006606,杭州,萧山区,钱江世纪城社区,2026-08-04 19:00,0.019,1.4,0.29,27.3,正常,0
HZ006607,杭州,钱塘区,下沙社区,2026-08-01 00:00,0.029,2.2,0.39,28.2,正常,0
HZ006608,杭州,临平区,南苑小区,2026-08-01 20:00,0.017,1.2,0.38,29.3,正常,0
HZ006609,杭州,西湖区,三墩新天地,2026-08-07 22:00,0.125,10.0,0.30,31.0,正常,0
HZ006610,杭州,滨江区,滨康小区,2026-08-05 08:00,0.061,5.7,0.38,30.4,正常,0
HZ006611,杭州,余杭区,未来科技城社区,2026-08-05 06:00,0.136,9.7,0.33,29.2,正常,0
HZ006612,杭州,拱墅区,大关小区,2026-08-04 22:00,0.081,6.2,0.30,30.7,正常,0
HZ006613,杭州,上城区,望江新园,2026-08-05 05:00,0.018,1.1,0.39,27.2,正常,0
HZ006614,杭州,萧山区,北干社区,2026-08-03 09:00,0.069,4.3,0.34,28.1,正常,0
HZ006615,杭州,钱塘区,大学城北社区,2026-08-03 06:00,0.131,8.9,0.35,30.9,正常,0
HZ006616,杭州,临平区,星桥社区,2026-08-07 07:00,0.107,8.0,0.32,30.0,正常,0
HZ006617,杭州,西湖区,文新社区,2026-08-04 17:00,0.082,5.2,0.32,31.8,正常,0
HZ006618,杭州,滨江区,白马湖社区,2026-08-04 17:00,0.016,1.2,0.28,32.3,正常,0
HZ006619,杭州,余杭区,未来科技城社区,2026-08-06 22:00,0.022,2.0,0.34,27.2,正常,0
HZ006620,杭州,拱墅区,半山家园,2026-08-01 03:00,0.017,1.6,0.37,30.0,正常,0
HZ006621,杭州,上城区,近江家园,2026-08-06 00:00,0.034,2.3,0.38,30.9,正常,0
HZ006622,杭州,萧山区,宁围佳境,2026-08-04 14:00,0.066,6.3,0.30,33.1,正常,0
HZ006623,杭州,钱塘区,河庄新苑,2026-08-07 11:00,0.014,1.3,0.34,30.7,正常,0
HZ006624,杭州,临平区,南苑小区,2026-08-06 12:00,0.080,6.9,0.38,30.1,正常,0
HZ006625,杭州,西湖区,转塘家园,2026-08-07 08:00,0.045,3.2,0.37,30.0,正常,0
HZ006626,杭州,滨江区,钱塘春晓,2026-08-06 23:00,0.122,8.3,0.38,30.8,正常,0
HZ006627,杭州,余杭区,良渚文化村,2026-08-04 14:00,0.113,7.7,0.34,32.3,正常,0
HZ006628,杭州,拱墅区,大关小区,2026-08-01 10:00,0.021,1.3,0.29,27.7,正常,0
HZ006629,杭州,上城区,丁兰社区,2026-08-07 00:00,0.004,0.4,0.39,30.8,正常,0
HZ006630,杭州,萧山区,北干社区,2026-08-01 21:00,0.043,4.3,0.30,29.7,正常,0
HZ006631,杭州,钱塘区,江东家园,2026-08-04 13:00,0.059,5.6,0.37,33.9,正常,0
HZ006632,杭州,临平区,南苑小区,2026-08-06 04:00,0.006,0.5,0.31,28.9,正常,0
HZ006633,杭州,西湖区,三墩新天地,2026-08-01 15:00,0.013,1.1,0.30,33.0,正常,0
HZ006634,杭州,滨江区,钱塘春晓,2026-08-06 01:00,0.021,1.8,0.34,28.6,正常,0
HZ006635,杭州,余杭区,仓前家园,2026-08-01 07:00,0.128,8.9,0.30,29.5,正常,0
HZ006636,杭州,拱墅区,湖墅家园,2026-08-06 23:00,0.093,6.4,0.34,27.3,正常,0
HZ006637,杭州,上城区,近江家园,2026-08-02 09:00,0.126,10.2,0.30,27.4,正常,0
HZ006638,杭州,萧山区,湘湖家园,2026-08-06 12:00,0.109,8.3,0.32,33.8,正常,0
HZ006639,杭州,钱塘区,下沙社区,2026-08-03 04:00,0.007,0.6,0.28,27.4,正常,0
HZ006640,杭州,临平区,南苑小区,2026-08-06 11:00,0.050,4.4,0.31,31.0,正常,0
HZ006641,杭州,西湖区,三墩新天地,2026-08-06 05:00,0.001,0.1,0.29,30.5,正常,0
HZ006642,杭州,滨江区,钱塘春晓,2026-08-01 22:00,0.150,10.3,0.37,27.2,正常,0
HZ006643,杭州,余杭区,闲林山水,2026-08-07 23:00,0.103,6.6,0.30,29.0,正常,0
HZ006644,杭州,拱墅区,半山家园,2026-08-04 05:00,0.017,1.1,0.38,30.1,正常,0
HZ006645,杭州,上城区,丁兰社区,2026-08-05 20:00,0.030,2.1,0.34,29.9,正常,0
HZ006646,杭州,萧山区,北干社区,2026-08-03 03:00,0.003,0.2,0.14,31.0,异常,1
HZ006647,杭州,钱塘区,河庄新苑,2026-08-02 03:00,0.002,0.2,0.30,29.8,正常,0
HZ006648,杭州,临平区,乔司家园,2026-08-06 02:00,0.009,0.8,0.35,28.7,正常,0
HZ006649,杭州,西湖区,翠苑小区,2026-08-03 03:00,0.009,0.7,0.38,29.6,正常,0
HZ006650,杭州,滨江区,钱塘春晓,2026-08-03 15:00,0.115,9.8,0.36,30.9,正常,0
HZ006651,杭州,余杭区,闲林山水,2026-08-05 02:00,0.231,16.2,0.32,29.2,异常,1
HZ006652,杭州,拱墅区,半山家园,2026-08-06 02:00,0.018,1.5,0.16,28.1,异常,1
HZ006653,杭州,上城区,近江家园,2026-08-03 20:00,0.101,7.9,0.36,28.6,正常,0
HZ006654,杭州,萧山区,湘湖家园,2026-08-02 04:00,0.021,1.5,0.30,30.3,正常,0
HZ006655,杭州,钱塘区,河庄新苑,2026-08-06 04:00,0.003,0.2,0.37,30.8,正常,0
HZ006656,杭州,临平区,星桥社区,2026-08-05 23:00,0.021,1.6,0.32,28.5,正常,0
HZ006657,杭州,西湖区,三墩新天地,2026-08-01 05:00,0.003,0.3,0.36,29.3,正常,0
HZ006658,杭州,滨江区,钱塘春晓,2026-08-01 13:00,0.139,8.8,0.38,32.4,正常,0
HZ006659,杭州,余杭区,仓前家园,2026-08-01 19:00,0.125,10.2,0.32,27.7,正常,0
HZ006660,杭州,拱墅区,运河新城社区,2026-08-01 01:00,0.008,0.8,0.28,29.6,正常,0
HZ006661,杭州,上城区,望江新园,2026-08-03 14:00,0.045,3.9,0.35,32.5,正常,0
HZ006662,杭州,萧山区,湘湖家园,2026-08-07 16:00,0.084,5.4,0.29,33.6,正常,0
HZ006663,杭州,钱塘区,下沙社区,2026-08-02 18:00,0.144,10.2,0.36,30.1,正常,0
HZ006664,杭州,临平区,乔司家园,2026-08-04 10:00,0.086,7.9,0.38,27.7,正常,0
HZ006665,杭州,西湖区,转塘家园,2026-08-01 06:00,0.031,2.9,0.30,30.9,正常,0
HZ006666,杭州,滨江区,钱塘春晓,2026-08-04 21:00,0.017,1.7,0.13,30.3,异常,1
HZ006667,杭州,余杭区,良渚文化村,2026-08-04 10:00,0.128,8.4,0.34,28.4,正常,0
HZ006668,杭州,拱墅区,半山家园,2026-08-07 11:00,0.104,10.0,0.32,33.2,正常,0
HZ006669,杭州,上城区,丁兰社区,2026-08-05 07:00,0.121,8.9,0.34,30.1,正常,0
HZ006670,杭州,萧山区,宁围佳境,2026-08-06 18:00,0.074,5.4,0.38,28.7,正常,0
HZ006671,杭州,钱塘区,下沙社区,2026-08-04 06:00,0.084,7.7,0.28,27.2,正常,0
HZ006672,杭州,临平区,南苑小区,2026-08-03 18:00,0.051,4.1,0.35,27.0,正常,0
HZ006673,杭州,西湖区,三墩新天地,2026-08-02 23:00,0.023,2.3,0.33,29.2,正常,0
HZ006674,杭州,滨江区,白马湖社区,2026-08-01 19:00,0.012,1.0,0.32,27.1,正常,0
HZ006675,杭州,余杭区,未来科技城社区,2026-08-03 19:00,0.089,6.2,0.33,27.9,正常,0
HZ006676,杭州,拱墅区,湖墅家园,2026-08-01 05:00,0.020,1.5,0.35,27.8,正常,0
HZ006677,杭州,上城区,望江新园,2026-08-02 17:00,0.112,8.4,0.29,31.1,正常,0
HZ006678,杭州,萧山区,钱江世纪城社区,2026-08-01 16:00,0.064,4.3,0.55,33.9,异常,1
HZ006679,杭州,钱塘区,河庄新苑,2026-08-07 20:00,0.309,21.6,0.33,28.0,异常,1
HZ006680,杭州,临平区,星桥社区,2026-08-05 01:00,0.021,1.3,0.30,28.3,正常,0
HZ006681,杭州,西湖区,转塘家园,2026-08-07 13:00,0.084,5.9,0.39,32.4,正常,0
HZ006682,杭州,滨江区,钱塘春晓,2026-08-07 11:00,0.128,9.9,0.29,32.2,正常,0
HZ006683,杭州,余杭区,良渚文化村,2026-08-03 11:00,0.095,6.0,0.32,31.6,正常,0
HZ006684,杭州,拱墅区,湖墅家园,2026-08-06 08:00,0.054,4.0,0.31,29.5,正常,0
HZ006685,杭州,上城区,采荷小区,2026-08-05 18:00,0.023,1.5,0.37,27.7,正常,0
HZ006686,杭州,萧山区,宁围佳境,2026-08-06 10:00,0.063,4.6,0.36,28.4,正常,0
HZ006687,杭州,钱塘区,河庄新苑,2026-08-07 18:00,0.069,6.2,0.39,29.4,正常,0
HZ006688,杭州,临平区,塘栖人家,2026-08-03 20:00,0.137,10.4,0.19,27.7,异常,1
HZ006689,杭州,西湖区,转塘家园,2026-08-07 22:00,0.032,2.2,0.38,30.2,正常,0
HZ006690,杭州,滨江区,滨康小区,2026-08-06 22:00,0.018,1.3,0.32,28.2,正常,0
HZ006691,杭州,余杭区,仓前家园,2026-08-05 22:00,0.059,4.4,0.30,27.1,正常,0
HZ006692,杭州,拱墅区,湖墅家园,2026-08-01 07:00,0.106,8.1,0.34,27.4,正常,0
HZ006693,杭州,上城区,近江家园,2026-08-03 12:00,0.109,9.5,0.38,32.4,正常,0
HZ006694,杭州,萧山区,钱江世纪城社区,2026-08-06 12:00,0.062,5.2,0.33,33.3,正常,0
HZ006695,杭州,钱塘区,江东家园,2026-08-06 19:00,0.069,6.6,0.38,30.3,正常,0
HZ006696,杭州,临平区,南苑小区,2026-08-02 02:00,0.012,1.0,0.33,27.2,正常,0
HZ006697,杭州,西湖区,三墩新天地,2026-08-05 17:00,0.020,1.8,0.30,31.4,正常,0
HZ006698,杭州,滨江区,钱塘春晓,2026-08-05 04:00,0.011,0.8,0.28,29.9,正常,0
HZ006699,杭州,余杭区,未来科技城社区,2026-08-02 09:00,0.044,2.9,0.30,29.1,正常,0
HZ006700,杭州,拱墅区,运河新城社区,2026-08-01 15:00,0.103,9.2,0.28,32.7,正常,0
HZ006701,杭州,上城区,望江新园,2026-08-05 10:00,0.115,7.7,0.29,30.3,正常,0
HZ006702,杭州,萧山区,宁围佳境,2026-08-01 01:00,0.019,1.6,0.31,30.1,正常,0
HZ006703,杭州,钱塘区,大学城北社区,2026-08-05 13:00,0.097,7.2,0.33,31.9,正常,0
HZ006704,杭州,临平区,南苑小区,2026-08-03 20:00,0.024,1.6,0.32,29.1,正常,0
HZ006705,杭州,西湖区,翠苑小区,2026-08-05 02:00,0.025,2.1,0.29,29.9,正常,0
HZ006706,杭州,滨江区,滨康小区,2026-08-07 14:00,0.104,9.3,0.35,32.6,正常,0
HZ006707,杭州,余杭区,闲林山水,2026-08-01 21:00,0.036,2.4,0.31,29.1,正常,0
HZ006708,杭州,拱墅区,大关小区,2026-08-05 00:00,0.026,1.8,0.30,29.7,正常,0
HZ006709,杭州,上城区,采荷小区,2026-08-02 15:00,0.050,3.1,0.33,30.1,正常,0
HZ006710,杭州,萧山区,宁围佳境,2026-08-05 13:00,0.130,9.7,0.35,30.4,正常,0
HZ006711,杭州,钱塘区,下沙社区,2026-08-05 18:00,0.095,8.4,0.36,27.7,正常,0
HZ006712,杭州,临平区,塘栖人家,2026-08-02 10:00,0.109,9.9,0.29,28.3,正常,0
HZ006713,杭州,西湖区,文新社区,2026-08-03 19:00,0.119,9.6,0.30,27.7,正常,0
HZ006714,杭州,滨江区,江南花园,2026-08-04 02:00,0.016,1.4,0.38,28.8,正常,0
HZ006715,杭州,余杭区,未来科技城社区,2026-08-04 17:00,0.138,9.9,0.30,32.8,正常,0
HZ006716,杭州,拱墅区,湖墅家园,2026-08-06 14:00,0.105,7.4,0.37,33.4,正常,0
HZ006717,杭州,上城区,望江新园,2026-08-07 03:00,0.010,0.8,0.32,30.0,正常,0
HZ006718,杭州,萧山区,湘湖家园,2026-08-07 23:00,0.062,4.6,0.29,29.8,正常,0
HZ006719,杭州,钱塘区,大学城北社区,2026-08-02 04:00,0.002,0.1,0.34,28.5,正常,0
HZ006720,杭州,临平区,塘栖人家,2026-08-01 10:00,0.072,4.8,0.38,28.7,正常,0
HZ006721,杭州,西湖区,转塘家园,2026-08-03 04:00,0.028,2.2,0.36,30.0,正常,0
HZ006722,杭州,滨江区,滨康小区,2026-08-02 05:00,0.014,1.2,0.51,28.0,异常,1
HZ006723,杭州,余杭区,闲林山水,2026-08-06 03:00,0.025,1.7,0.35,30.1,正常,0
HZ006724,杭州,拱墅区,湖墅家园,2026-08-01 20:00,0.108,8.6,0.31,27.6,正常,0
HZ006725,杭州,上城区,丁兰社区,2026-08-03 04:00,0.007,0.6,0.30,28.8,正常,0
HZ006726,杭州,萧山区,北干社区,2026-08-07 14:00,0.024,2.2,0.38,31.1,正常,0
HZ006727,杭州,钱塘区,河庄新苑,2026-08-05 04:00,0.017,1.1,0.38,28.1,正常,0
HZ006728,杭州,临平区,南苑小区,2026-08-01 17:00,0.021,1.3,0.31,32.9,正常,0
HZ006729,杭州,西湖区,转塘家园,2026-08-05 12:00,0.147,9.5,0.30,33.6,正常,0
HZ006730,杭州,滨江区,滨康小区,2026-08-06 12:00,0.022,1.4,0.38,30.1,正常,0
HZ006731,杭州,余杭区,仓前家园,2026-08-05 13:00,0.043,3.8,0.38,31.7,正常,0
HZ006732,杭州,拱墅区,半山家园,2026-08-01 15:00,0.021,1.6,0.29,30.9,正常,0
HZ006733,杭州,上城区,近江家园,2026-08-01 15:00,0.113,7.3,0.30,32.9,正常,0
HZ006734,杭州,萧山区,钱江世纪城社区,2026-08-04 07:00,0.024,2.2,0.38,30.1,正常,0
HZ006735,杭州,钱塘区,下沙社区,2026-08-04 23:00,0.035,3.3,0.34,27.6,正常,0
HZ006736,杭州,临平区,星桥社区,2026-08-03 17:00,0.121,9.4,0.35,33.8,正常,0
HZ006737,杭州,西湖区,翠苑小区,2026-08-05 14:00,0.085,6.9,0.31,31.2,正常,0
HZ006738,杭州,滨江区,钱塘春晓,2026-08-07 02:00,0.020,1.5,0.39,28.3,正常,0
HZ006739,杭州,余杭区,良渚文化村,2026-08-03 18:00,0.040,3.8,0.33,29.6,正常,0
HZ006740,杭州,拱墅区,大关小区,2026-08-03 10:00,0.062,6.0,0.39,28.8,正常,0
HZ006741,杭州,上城区,丁兰社区,2026-08-01 10:00,0.010,0.8,0.32,30.9,正常,0
HZ006742,杭州,萧山区,北干社区,2026-08-01 03:00,0.007,0.7,0.34,29.9,正常,0
HZ006743,杭州,钱塘区,河庄新苑,2026-08-03 22:00,0.078,6.1,0.31,27.2,正常,0
HZ006744,杭州,临平区,乔司家园,2026-08-04 22:00,0.061,6.0,0.31,30.5,正常,0
HZ006745,杭州,西湖区,三墩新天地,2026-08-05 13:00,0.100,7.1,0.34,30.5,正常,0
HZ006746,杭州,滨江区,滨康小区,2026-08-01 03:00,0.003,0.3,0.32,30.5,正常,0
HZ006747,杭州,余杭区,良渚文化村,2026-08-04 23:00,0.080,6.1,0.30,29.7,正常,0
HZ006748,杭州,拱墅区,湖墅家园,2026-08-01 14:00,0.113,9.7,0.28,30.7,正常,0
HZ006749,杭州,上城区,望江新园,2026-08-06 22:00,0.125,8.5,0.39,27.3,正常,0
HZ006750,杭州,萧山区,北干社区,2026-08-01 21:00,0.053,4.7,0.15,27.6,异常,1
HZ006751,杭州,钱塘区,河庄新苑,2026-08-04 15:00,0.047,3.2,0.30,33.1,正常,0
HZ006752,杭州,临平区,星桥社区,2026-08-03 04:00,0.004,0.3,0.29,27.4,正常,0
HZ006753,杭州,西湖区,翠苑小区,2026-08-06 22:00,0.017,1.4,0.32,30.1,正常,0
HZ006754,杭州,滨江区,江南花园,2026-08-06 01:00,0.002,0.1,0.36,29.4,正常,0
HZ006755,杭州,余杭区,闲林山水,2026-08-04 01:00,0.009,0.8,0.29,29.4,正常,0
HZ006756,杭州,拱墅区,半山家园,2026-08-05 06:00,0.015,1.3,0.35,29.2,正常,0
HZ006757,杭州,上城区,采荷小区,2026-08-06 06:00,0.130,9.1,0.38,30.1,正常,0
HZ006758,杭州,萧山区,北干社区,2026-08-07 07:00,0.137,9.5,0.37,27.5,正常,0
HZ006759,杭州,钱塘区,河庄新苑,2026-08-06 04:00,0.028,2.0,0.28,27.5,正常,0
HZ006760,杭州,临平区,乔司家园,2026-08-01 19:00,0.120,9.5,0.36,27.2,正常,0
HZ006761,杭州,西湖区,翠苑小区,2026-08-02 12:00,0.088,6.8,0.31,31.7,正常,0
HZ006762,杭州,滨江区,江南花园,2026-08-07 21:00,0.033,2.6,0.49,30.4,异常,1
HZ006763,杭州,余杭区,闲林山水,2026-08-03 01:00,0.034,2.1,0.35,27.2,正常,0
HZ006764,杭州,拱墅区,湖墅家园,2026-08-02 00:00,0.007,0.4,0.31,30.8,正常,0
HZ006765,杭州,上城区,采荷小区,2026-08-05 21:00,0.206,12.3,0.37,28.5,异常,1
HZ006766,杭州,萧山区,北干社区,2026-08-06 13:00,0.082,6.3,0.38,32.9,正常,0
HZ006767,杭州,钱塘区,河庄新苑,2026-08-03 08:00,0.030,2.6,0.30,27.1,正常,0
HZ006768,杭州,临平区,塘栖人家,2026-08-03 01:00,0.021,1.3,0.31,29.5,正常,0
HZ006769,杭州,西湖区,转塘家园,2026-08-05 22:00,0.025,2.3,0.36,27.9,正常,0
HZ006770,杭州,滨江区,钱塘春晓,2026-08-07 08:00,0.096,6.1,0.35,27.9,正常,0
HZ006771,杭州,余杭区,未来科技城社区,2026-08-06 01:00,0.011,1.0,0.38,30.5,正常,0
HZ006772,杭州,拱墅区,大关小区,2026-08-05 14:00,0.133,8.9,0.37,30.0,正常,0
HZ006773,杭州,上城区,近江家园,2026-08-04 20:00,0.033,2.3,0.30,30.1,正常,0
HZ006774,杭州,萧山区,湘湖家园,2026-08-03 20:00,0.126,8.5,0.31,30.4,正常,0
HZ006775,杭州,钱塘区,河庄新苑,2026-08-04 08:00,0.099,6.6,0.38,28.9,正常,0
HZ006776,杭州,临平区,塘栖人家,2026-08-04 18:00,0.118,7.5,0.32,29.8,正常,0
HZ006777,杭州,西湖区,三墩新天地,2026-08-03 23:00,0.159,10.0,0.36,27.8,正常,0
HZ006778,杭州,滨江区,滨康小区,2026-08-05 21:00,0.148,9.7,0.35,27.2,正常,0
HZ006779,杭州,余杭区,未来科技城社区,2026-08-05 08:00,0.146,9.5,0.31,28.7,正常,0
HZ006780,杭州,拱墅区,运河新城社区,2026-08-03 01:00,0.010,0.9,0.32,27.2,正常,0
HZ006781,杭州,上城区,丁兰社区,2026-08-06 13:00,0.089,5.6,0.33,30.3,正常,0
HZ006782,杭州,萧山区,湘湖家园,2026-08-07 02:00,0.010,0.7,0.30,27.4,正常,0
HZ006783,杭州,钱塘区,江东家园,2026-08-05 07:00,0.081,6.4,0.36,31.0,正常,0
HZ006784,杭州,临平区,南苑小区,2026-08-05 12:00,0.065,5.6,0.35,32.7,正常,0
HZ006785,杭州,西湖区,文新社区,2026-08-02 17:00,0.050,3.5,0.35,33.2,正常,0
HZ006786,杭州,滨江区,白马湖社区,2026-08-05 21:00,0.059,5.1,0.36,30.9,正常,0
HZ006787,杭州,余杭区,良渚文化村,2026-08-02 15:00,0.062,4.6,0.32,30.4,正常,0
HZ006788,杭州,拱墅区,半山家园,2026-08-06 02:00,0.022,2.0,0.31,30.5,正常,0
HZ006789,杭州,上城区,采荷小区,2026-08-01 21:00,0.088,6.6,0.35,30.1,正常,0
HZ006790,杭州,萧山区,钱江世纪城社区,2026-08-02 20:00,0.014,1.1,0.36,30.1,正常,0
HZ006791,杭州,钱塘区,江东家园,2026-08-04 12:00,0.079,6.3,0.37,31.5,正常,0
HZ006792,杭州,临平区,星桥社区,2026-08-06 09:00,0.110,7.0,0.38,29.7,正常,0
HZ006793,杭州,西湖区,转塘家园,2026-08-03 00:00,0.031,2.0,0.29,30.0,正常,0
HZ006794,杭州,滨江区,滨康小区,2026-08-01 19:00,0.112,8.2,0.31,29.8,正常,0
HZ006795,杭州,余杭区,闲林山水,2026-08-05 16:00,0.092,7.9,0.35,30.9,正常,0
HZ006796,杭州,拱墅区,运河新城社区,2026-08-02 14:00,0.132,10.4,0.35,31.2,正常,0
HZ006797,杭州,上城区,丁兰社区,2026-08-06 16:00,0.077,6.4,0.38,30.8,正常,0
HZ006798,杭州,萧山区,宁围佳境,2026-08-07 21:00,0.141,9.4,0.31,29.6,正常,0
HZ006799,杭州,钱塘区,下沙社区,2026-08-02 23:00,0.089,5.9,0.35,30.7,正常,0
HZ006800,杭州,临平区,乔司家园,2026-08-05 02:00,0.027,1.8,0.31,28.2,正常,0
HZ006801,杭州,西湖区,翠苑小区,2026-08-07 03:00,0.007,0.6,0.38,29.8,正常,0
HZ006802,杭州,滨江区,江南花园,2026-08-01 13:00,0.122,10.1,0.31,31.5,正常,0
HZ006803,杭州,余杭区,未来科技城社区,2026-08-02 21:00,0.032,2.7,0.35,30.5,正常,0
HZ006804,杭州,拱墅区,大关小区,2026-08-05 13:00,0.102,8.0,0.29,30.7,正常,0
HZ006805,杭州,上城区,采荷小区,2026-08-05 11:00,0.135,9.7,0.38,31.9,正常,0
HZ006806,杭州,萧山区,湘湖家园,2026-08-07 13:00,0.129,9.0,0.37,30.6,正常,0
HZ006807,杭州,钱塘区,江东家园,2026-08-02 04:00,0.030,1.9,0.29,30.7,正常,0
HZ006808,杭州,临平区,塘栖人家,2026-08-04 03:00,0.001,0.1,0.37,29.6,正常,0
HZ006809,杭州,西湖区,三墩新天地,2026-08-02 09:00,0.114,8.3,0.38,30.6,正常,0
HZ006810,杭州,滨江区,钱塘春晓,2026-08-06 20:00,0.021,1.6,0.29,27.1,正常,0
HZ006811,杭州,余杭区,未来科技城社区,2026-08-03 03:00,0.017,1.2,0.39,29.4,正常,0
HZ006812,杭州,拱墅区,半山家园,2026-08-05 13:00,0.115,8.1,0.29,31.7,正常,0
HZ006813,杭州,上城区,近江家园,2026-08-05 07:00,0.056,3.7,0.32,27.7,正常,0
HZ006814,杭州,萧山区,宁围佳境,2026-08-06 06:00,0.074,6.5,0.13,29.3,异常,1
HZ006815,杭州,钱塘区,下沙社区,2026-08-01 04:00,0.018,1.4,0.31,29.4,正常,0
HZ006816,杭州,临平区,乔司家园,2026-08-03 15:00,0.108,7.9,0.29,34.0,正常,0
HZ006817,杭州,西湖区,三墩新天地,2026-08-05 08:00,0.059,3.7,0.37,30.7,正常,0
HZ006818,杭州,滨江区,白马湖社区,2026-08-05 08:00,0.105,8.1,0.37,29.5,正常,0
HZ006819,杭州,余杭区,闲林山水,2026-08-05 01:00,0.015,0.9,0.32,30.3,正常,0
HZ006820,杭州,拱墅区,半山家园,2026-08-05 01:00,0.003,0.2,0.28,29.5,正常,0
HZ006821,杭州,上城区,丁兰社区,2026-08-01 07:00,0.070,6.5,0.35,30.7,正常,0
HZ006822,杭州,萧山区,宁围佳境,2026-08-01 06:00,0.010,0.8,0.33,29.5,正常,0
HZ006823,杭州,钱塘区,大学城北社区,2026-08-01 14:00,0.054,4.6,0.35,31.2,正常,0
HZ006824,杭州,临平区,星桥社区,2026-08-01 18:00,0.010,0.9,0.29,27.9,正常,0
HZ006825,杭州,西湖区,翠苑小区,2026-08-07 09:00,0.115,8.8,0.29,28.5,正常,0
HZ006826,杭州,滨江区,白马湖社区,2026-08-01 00:00,0.005,0.4,0.51,28.5,异常,1
HZ006827,杭州,余杭区,良渚文化村,2026-08-04 15:00,0.040,2.5,0.28,30.5,正常,0
HZ006828,杭州,拱墅区,大关小区,2026-08-02 01:00,0.004,0.3,0.39,30.2,正常,0
HZ006829,杭州,上城区,望江新园,2026-08-07 09:00,0.066,6.3,0.29,28.1,正常,0
HZ006830,杭州,萧山区,湘湖家园,2026-08-05 15:00,0.049,4.5,0.33,32.0,正常,0
HZ006831,杭州,钱塘区,江东家园,2026-08-07 20:00,0.061,5.7,0.33,28.5,正常,0
HZ006832,杭州,临平区,南苑小区,2026-08-07 15:00,0.125,8.3,0.29,31.9,正常,0
HZ006833,杭州,西湖区,文新社区,2026-08-07 00:00,0.010,0.6,0.36,30.4,正常,0
HZ006834,杭州,滨江区,钱塘春晓,2026-08-03 10:00,0.077,5.4,0.35,29.5,正常,0
HZ006835,杭州,余杭区,闲林山水,2026-08-01 16:00,0.048,4.4,0.37,32.2,正常,0
HZ006836,杭州,拱墅区,大关小区,2026-08-01 21:00,0.077,7.6,0.33,30.6,正常,0
HZ006837,杭州,上城区,丁兰社区,2026-08-05 23:00,0.015,1.4,0.32,27.2,正常,0
HZ006838,杭州,萧山区,北干社区,2026-08-06 11:00,0.075,7.1,0.28,32.2,正常,0
HZ006839,杭州,钱塘区,下沙社区,2026-08-01 17:00,0.008,0.7,0.35,32.2,正常,0
HZ006840,杭州,临平区,南苑小区,2026-08-05 10:00,0.113,9.4,0.29,30.1,正常,0
HZ006841,杭州,西湖区,转塘家园,2026-08-05 16:00,0.037,3.7,0.29,32.8,正常,0
HZ006842,杭州,滨江区,滨康小区,2026-08-07 10:00,0.026,2.1,0.35,28.8,正常,0
HZ006843,杭州,余杭区,闲林山水,2026-08-06 23:00,0.422,21.5,0.37,27.2,异常,1
HZ006844,杭州,拱墅区,运河新城社区,2026-08-07 01:00,0.001,0.1,0.35,30.6,正常,0
HZ006845,杭州,上城区,采荷小区,2026-08-01 17:00,0.052,4.5,0.35,30.5,正常,0
HZ006846,杭州,萧山区,宁围佳境,2026-08-03 18:00,0.015,1.2,0.34,30.1,正常,0
HZ006847,杭州,钱塘区,江东家园,2026-08-05 14:00,0.080,5.3,0.31,33.8,正常,0
HZ006848,杭州,临平区,乔司家园,2026-08-05 01:00,0.020,1.3,0.36,29.9,正常,0
HZ006849,杭州,西湖区,三墩新天地,2026-08-03 13:00,0.109,9.8,0.32,30.2,正常,0
HZ006850,杭州,滨江区,江南花园,2026-08-05 04:00,0.017,1.6,0.32,30.0,正常,0
HZ006851,杭州,余杭区,良渚文化村,2026-08-01 16:00,0.078,6.1,0.32,31.1,正常,0
HZ006852,杭州,拱墅区,大关小区,2026-08-01 18:00,0.113,9.2,0.32,30.2,正常,0
HZ006853,杭州,上城区,望江新园,2026-08-02 19:00,0.088,7.8,0.33,27.1,正常,0
HZ006854,杭州,萧山区,湘湖家园,2026-08-01 12:00,0.015,1.1,0.33,31.1,正常,0
HZ006855,杭州,钱塘区,江东家园,2026-08-03 21:00,0.026,1.7,0.29,28.6,正常,0
HZ006856,杭州,临平区,星桥社区,2026-08-03 16:00,0.040,2.6,0.28,32.1,正常,0
HZ006857,杭州,西湖区,文新社区,2026-08-06 13:00,0.025,1.7,0.35,30.6,正常,0
HZ006858,杭州,滨江区,滨康小区,2026-08-04 10:00,0.052,4.7,0.35,28.4,正常,0
HZ006859,杭州,余杭区,良渚文化村,2026-08-04 06:00,0.144,9.2,0.30,27.3,正常,0
HZ006860,杭州,拱墅区,大关小区,2026-08-04 03:00,0.033,2.0,0.14,28.3,异常,1
HZ006861,杭州,上城区,采荷小区,2026-08-03 07:00,0.035,2.4,0.38,27.5,正常,0
HZ006862,杭州,萧山区,钱江世纪城社区,2026-08-06 22:00,0.128,8.6,0.32,29.9,正常,0
HZ006863,杭州,钱塘区,下沙社区,2026-08-04 03:00,0.029,2.2,0.35,28.1,正常,0
HZ006864,杭州,临平区,星桥社区,2026-08-04 16:00,0.100,9.6,0.33,32.2,正常,0
HZ006865,杭州,西湖区,文新社区,2026-08-02 11:00,0.019,1.3,0.35,34.0,正常,0
HZ006866,杭州,滨江区,白马湖社区,2026-08-05 14:00,0.036,2.9,0.36,32.3,正常,0
HZ006867,杭州,余杭区,良渚文化村,2026-08-05 12:00,0.055,3.7,0.35,32.5,正常,0
HZ006868,杭州,拱墅区,半山家园,2026-08-05 18:00,0.127,9.1,0.35,30.7,正常,0
HZ006869,杭州,上城区,采荷小区,2026-08-06 23:00,0.046,3.2,0.30,27.2,正常,0
HZ006870,杭州,萧山区,湘湖家园,2026-08-03 23:00,0.012,1.1,0.35,27.8,正常,0
HZ006871,杭州,钱塘区,大学城北社区,2026-08-02 21:00,0.060,4.3,0.31,27.4,正常,0
HZ006872,杭州,临平区,南苑小区,2026-08-02 08:00,0.104,8.3,0.30,29.1,正常,0
HZ006873,杭州,西湖区,翠苑小区,2026-08-05 10:00,0.033,2.7,0.32,28.7,正常,0
HZ006874,杭州,滨江区,白马湖社区,2026-08-03 18:00,0.015,1.1,0.32,27.2,正常,0
HZ006875,杭州,余杭区,闲林山水,2026-08-03 21:00,0.054,4.0,0.39,27.3,正常,0
HZ006876,杭州,拱墅区,湖墅家园,2026-08-01 00:00,0.013,0.8,0.34,28.0,正常,0
HZ006877,杭州,上城区,近江家园,2026-08-04 15:00,0.027,1.8,0.31,32.7,正常,0
HZ006878,杭州,萧山区,钱江世纪城社区,2026-08-03 20:00,0.100,8.1,0.38,30.3,正常,0
HZ006879,杭州,钱塘区,河庄新苑,2026-08-04 17:00,0.067,4.7,0.31,33.3,正常,0
HZ006880,杭州,临平区,南苑小区,2026-08-04 01:00,0.025,1.9,0.31,28.5,正常,0
HZ006881,杭州,西湖区,三墩新天地,2026-08-07 00:00,0.025,2.1,0.38,27.9,正常,0
HZ006882,杭州,滨江区,滨康小区,2026-08-05 08:00,0.115,9.3,0.33,27.1,正常,0
HZ006883,杭州,余杭区,未来科技城社区,2026-08-04 10:00,0.065,5.3,0.30,29.7,正常,0
HZ006884,杭州,拱墅区,半山家园,2026-08-07 17:00,0.091,8.6,0.30,32.5,正常,0
HZ006885,杭州,上城区,采荷小区,2026-08-02 14:00,0.013,1.1,0.34,33.0,正常,0
HZ006886,杭州,萧山区,钱江世纪城社区,2026-08-06 11:00,0.012,0.9,0.31,30.6,正常,0
HZ006887,杭州,钱塘区,江东家园,2026-08-05 17:00,0.096,6.4,0.32,30.5,正常,0
HZ006888,杭州,临平区,乔司家园,2026-08-04 08:00,0.077,5.1,0.31,30.1,正常,0
HZ006889,杭州,西湖区,翠苑小区,2026-08-02 23:00,0.043,3.5,0.33,29.5,正常,0
HZ006890,杭州,滨江区,滨康小区,2026-08-01 17:00,0.093,7.9,0.13,31.2,异常,1
HZ006891,杭州,余杭区,良渚文化村,2026-08-02 09:00,0.114,9.7,0.31,28.0,正常,0
HZ006892,杭州,拱墅区,半山家园,2026-08-02 18:00,0.085,8.4,0.33,30.0,正常,0
HZ006893,杭州,上城区,采荷小区,2026-08-02 09:00,0.065,4.7,0.30,29.5,正常,0
HZ006894,杭州,萧山区,宁围佳境,2026-08-02 17:00,0.082,6.3,0.29,30.2,正常,0
HZ006895,杭州,钱塘区,河庄新苑,2026-08-07 21:00,0.105,9.8,0.29,28.2,正常,0
HZ006896,杭州,临平区,塘栖人家,2026-08-07 13:00,0.018,1.3,0.36,31.9,正常,0
HZ006897,杭州,西湖区,转塘家园,2026-08-01 21:00,0.041,3.5,0.30,28.2,正常,0
HZ006898,杭州,滨江区,滨康小区,2026-08-07 14:00,0.124,9.7,0.37,32.2,正常,0
HZ006899,杭州,余杭区,闲林山水,2026-08-03 12:00,0.098,6.8,0.32,31.7,正常,0
HZ006900,杭州,拱墅区,半山家园,2026-08-05 15:00,0.087,7.9,0.33,31.8,正常,0
HZ006901,杭州,上城区,采荷小区,2026-08-04 04:00,0.013,0.8,0.29,28.4,正常,0
HZ006902,杭州,萧山区,钱江世纪城社区,2026-08-04 17:00,0.070,6.7,0.35,32.5,正常,0
HZ006903,杭州,钱塘区,下沙社区,2026-08-06 18:00,0.138,8.6,0.35,30.4,正常,0
HZ006904,杭州,临平区,星桥社区,2026-08-03 12:00,0.047,3.1,0.29,33.9,正常,0
HZ006905,杭州,西湖区,翠苑小区,2026-08-01 23:00,0.021,1.9,0.28,29.2,正常,0
HZ006906,杭州,滨江区,江南花园,2026-08-05 17:00,0.109,9.7,0.35,30.6,正常,0
HZ006907,杭州,余杭区,未来科技城社区,2026-08-04 16:00,0.068,6.6,0.30,30.7,正常,0
HZ006908,杭州,拱墅区,半山家园,2026-08-03 00:00,0.012,0.8,0.33,30.5,正常,0
HZ006909,杭州,上城区,近江家园,2026-08-01 20:00,0.092,6.9,0.33,30.2,正常,0
HZ006910,杭州,萧山区,钱江世纪城社区,2026-08-03 22:00,0.121,10.3,0.37,29.4,正常,0
HZ006911,杭州,钱塘区,江东家园,2026-08-01 12:00,0.079,5.3,0.37,31.0,正常,0
HZ006912,杭州,临平区,塘栖人家,2026-08-02 06:00,0.072,5.3,0.28,30.2,正常,0
HZ006913,杭州,西湖区,转塘家园,2026-08-02 11:00,0.113,7.5,0.29,31.3,正常,0
HZ006914,杭州,滨江区,钱塘春晓,2026-08-02 03:00,0.009,0.8,0.37,29.3,正常,0
HZ006915,杭州,余杭区,仓前家园,2026-08-07 22:00,0.091,6.5,0.28,28.3,正常,0
HZ006916,杭州,拱墅区,湖墅家园,2026-08-04 12:00,0.121,8.7,0.35,32.1,正常,0
HZ006917,杭州,上城区,望江新园,2026-08-04 16:00,0.119,8.3,0.30,32.1,正常,0
HZ006918,杭州,萧山区,湘湖家园,2026-08-05 15:00,0.017,1.1,0.28,31.0,正常,0
HZ006919,杭州,钱塘区,下沙社区,2026-08-05 14:00,0.064,6.0,0.32,33.8,正常,0
HZ006920,杭州,临平区,星桥社区,2026-08-06 04:00,0.007,0.7,0.36,28.4,正常,0
HZ006921,杭州,西湖区,翠苑小区,2026-08-04 12:00,0.018,1.3,0.29,31.1,正常,0
HZ006922,杭州,滨江区,滨康小区,2026-08-01 22:00,0.014,1.2,0.31,28.2,正常,0
HZ006923,杭州,余杭区,闲林山水,2026-08-07 00:00,0.008,0.6,0.34,28.0,正常,0
HZ006924,杭州,拱墅区,大关小区,2026-08-06 11:00,0.025,2.5,0.35,32.3,正常,0
HZ006925,杭州,上城区,丁兰社区,2026-08-04 04:00,0.023,2.0,0.32,30.7,正常,0
HZ006926,杭州,萧山区,钱江世纪城社区,2026-08-03 18:00,0.132,9.0,0.34,28.8,正常,0
HZ006927,杭州,钱塘区,下沙社区,2026-08-07 06:00,0.044,3.3,0.28,30.9,正常,0
HZ006928,杭州,临平区,星桥社区,2026-08-03 08:00,0.137,9.8,0.35,30.8,正常,0
HZ006929,杭州,西湖区,文新社区,2026-08-06 03:00,0.004,0.4,0.28,29.4,正常,0
HZ006930,杭州,滨江区,滨康小区,2026-08-01 11:00,0.050,3.4,0.30,31.4,正常,0
HZ006931,杭州,余杭区,未来科技城社区,2026-08-02 11:00,0.077,5.3,0.38,33.6,正常,0
HZ006932,杭州,拱墅区,大关小区,2026-08-03 19:00,0.042,3.3,0.34,28.6,正常,0
HZ006933,杭州,上城区,采荷小区,2026-08-03 14:00,0.103,9.6,0.37,31.8,正常,0
HZ006934,杭州,萧山区,宁围佳境,2026-08-06 23:00,0.015,1.4,0.31,28.7,正常,0
HZ006935,杭州,钱塘区,江东家园,2026-08-05 16:00,0.314,16.5,0.30,34.0,异常,1
HZ006936,杭州,临平区,南苑小区,2026-08-07 20:00,0.058,4.4,0.34,28.5,正常,0
HZ006937,杭州,西湖区,翠苑小区,2026-08-05 04:00,0.012,1.1,0.32,30.5,正常,0
HZ006938,杭州,滨江区,江南花园,2026-08-04 12:00,0.077,5.1,0.33,31.2,正常,0
HZ006939,杭州,余杭区,仓前家园,2026-08-06 17:00,0.034,3.4,0.36,30.4,正常,0
HZ006940,杭州,拱墅区,大关小区,2026-08-04 09:00,0.123,9.7,0.32,29.2,正常,0
HZ006941,杭州,上城区,丁兰社区,2026-08-06 13:00,0.398,24.6,0.39,30.2,异常,1
HZ006942,杭州,萧山区,宁围佳境,2026-08-04 05:00,0.002,0.1,0.30,30.4,正常,0
HZ006943,杭州,钱塘区,河庄新苑,2026-08-05 12:00,0.080,5.8,0.36,33.2,正常,0
HZ006944,杭州,临平区,南苑小区,2026-08-03 23:00,0.053,3.5,0.38,27.3,正常,0
HZ006945,杭州,西湖区,文新社区,2026-08-03 04:00,0.006,0.5,0.29,27.5,正常,0
HZ006946,杭州,滨江区,钱塘春晓,2026-08-07 02:00,0.008,0.5,0.35,29.6,正常,0
HZ006947,杭州,余杭区,未来科技城社区,2026-08-03 12:00,0.121,8.2,0.31,31.1,正常,0
HZ006948,杭州,拱墅区,运河新城社区,2026-08-06 18:00,0.092,7.6,0.33,28.6,正常,0
HZ006949,杭州,上城区,望江新园,2026-08-01 09:00,0.089,7.1,0.31,30.4,正常,0
HZ006950,杭州,萧山区,湘湖家园,2026-08-04 22:00,0.099,7.8,0.35,27.7,正常,0
HZ006951,杭州,钱塘区,下沙社区,2026-08-05 11:00,0.093,6.3,0.38,31.7,正常,0
HZ006952,杭州,临平区,乔司家园,2026-08-07 15:00,0.018,1.3,0.33,33.3,正常,0
HZ006953,杭州,西湖区,三墩新天地,2026-08-07 19:00,0.045,2.8,0.29,28.7,正常,0
HZ006954,杭州,滨江区,江南花园,2026-08-01 09:00,0.038,2.7,0.38,29.6,正常,0
HZ006955,杭州,余杭区,良渚文化村,2026-08-07 09:00,0.096,8.3,0.29,27.8,正常,0
HZ006956,杭州,拱墅区,运河新城社区,2026-08-01 01:00,0.013,1.1,0.32,27.4,正常,0
HZ006957,杭州,上城区,丁兰社区,2026-08-07 19:00,0.035,2.6,0.30,27.6,正常,0
HZ006958,杭州,萧山区,钱江世纪城社区,2026-08-02 03:00,0.014,1.0,0.32,27.2,正常,0
HZ006959,杭州,钱塘区,下沙社区,2026-08-07 20:00,0.090,7.4,0.39,30.2,正常,0
HZ006960,杭州,临平区,乔司家园,2026-08-01 23:00,0.019,1.3,0.32,27.7,正常,0
HZ006961,杭州,西湖区,三墩新天地,2026-08-07 06:00,0.023,1.8,0.34,29.2,正常,0
HZ006962,杭州,滨江区,滨康小区,2026-08-02 23:00,0.012,1.2,0.12,28.8,异常,1
HZ006963,杭州,余杭区,未来科技城社区,2026-08-06 08:00,0.356,24.3,0.30,29.1,异常,1
HZ006964,杭州,拱墅区,半山家园,2026-08-07 17:00,0.045,4.4,0.19,30.2,异常,1
HZ006965,杭州,上城区,丁兰社区,2026-08-06 10:00,0.112,7.4,0.29,28.7,正常,0
HZ006966,杭州,萧山区,宁围佳境,2026-08-01 20:00,0.100,7.2,0.31,30.0,正常,0
HZ006967,杭州,钱塘区,下沙社区,2026-08-04 02:00,0.007,0.5,0.31,27.1,正常,0
HZ006968,杭州,临平区,塘栖人家,2026-08-03 05:00,0.003,0.2,0.30,27.4,正常,0
HZ006969,杭州,西湖区,转塘家园,2026-08-03 17:00,0.030,2.2,0.29,32.6,正常,0
HZ006970,杭州,滨江区,白马湖社区,2026-08-04 16:00,0.127,8.3,0.35,31.8,正常,0
HZ006971,杭州,余杭区,未来科技城社区,2026-08-05 09:00,0.066,6.5,0.28,28.9,正常,0
HZ006972,杭州,拱墅区,湖墅家园,2026-08-06 14:00,0.087,6.1,0.34,30.9,正常,0
HZ006973,杭州,上城区,望江新园,2026-08-06 02:00,0.001,0.1,0.36,28.9,正常,0
HZ006974,杭州,萧山区,宁围佳境,2026-08-02 07:00,0.045,4.3,0.34,27.7,正常,0
HZ006975,杭州,钱塘区,大学城北社区,2026-08-03 16:00,0.015,1.1,0.30,32.7,正常,0
HZ006976,杭州,临平区,星桥社区,2026-08-01 09:00,0.050,4.1,0.39,29.1,正常,0
HZ006977,杭州,西湖区,翠苑小区,2026-08-06 20:00,0.090,7.4,0.28,29.1,正常,0
HZ006978,杭州,滨江区,江南花园,2026-08-01 19:00,0.039,3.8,0.31,29.3,正常,0
HZ006979,杭州,余杭区,仓前家园,2026-08-01 06:00,0.011,0.8,0.31,28.4,正常,0
HZ006980,杭州,拱墅区,大关小区,2026-08-07 04:00,0.034,2.3,0.38,27.4,正常,0
HZ006981,杭州,上城区,采荷小区,2026-08-06 14:00,0.057,5.6,0.37,31.9,正常,0
HZ006982,杭州,萧山区,钱江世纪城社区,2026-08-02 01:00,0.005,0.3,0.30,27.6,正常,0
HZ006983,杭州,钱塘区,河庄新苑,2026-08-02 20:00,0.345,19.7,0.29,28.8,异常,1
HZ006984,杭州,临平区,南苑小区,2026-08-01 16:00,0.046,4.4,0.31,31.7,正常,0
HZ006985,杭州,西湖区,文新社区,2026-08-04 11:00,0.084,5.9,0.30,31.5,正常,0
HZ006986,杭州,滨江区,钱塘春晓,2026-08-02 16:00,0.092,6.2,0.29,32.3,正常,0
HZ006987,杭州,余杭区,仓前家园,2026-08-05 19:00,0.052,4.6,0.38,28.4,正常,0
HZ006988,杭州,拱墅区,运河新城社区,2026-08-04 04:00,0.027,2.2,0.36,30.8,正常,0
HZ006989,杭州,上城区,望江新园,2026-08-05 16:00,0.040,3.4,0.37,30.0,正常,0
HZ006990,杭州,萧山区,北干社区,2026-08-03 17:00,0.049,4.4,0.33,33.4,正常,0
HZ006991,杭州,钱塘区,大学城北社区,2026-08-06 09:00,0.044,3.5,0.28,30.0,正常,0
HZ006992,杭州,临平区,南苑小区,2026-08-07 02:00,0.014,1.2,0.38,30.8,正常,0
HZ006993,杭州,西湖区,转塘家园,2026-08-06 03:00,0.027,1.9,0.31,31.0,正常,0
HZ006994,杭州,滨江区,滨康小区,2026-08-07 06:00,0.048,3.4,0.30,30.5,正常,0
HZ006995,杭州,余杭区,闲林山水,2026-08-03 19:00,0.068,5.9,0.38,30.1,正常,0
HZ006996,杭州,拱墅区,运河新城社区,2026-08-02 19:00,0.120,9.8,0.36,27.0,正常,0
HZ006997,杭州,上城区,丁兰社区,2026-08-03 10:00,0.027,2.4,0.34,30.9,正常,0
HZ006998,杭州,萧山区,北干社区,2026-08-05 09:00,0.009,0.7,0.37,27.2,正常,0
HZ006999,杭州,钱塘区,下沙社区,2026-08-06 18:00,0.121,7.7,0.36,30.8,正常,0
HZ007000,杭州,临平区,星桥社区,2026-08-06 09:00,0.029,2.3,0.30,30.5,正常,0
HZ007001,杭州,西湖区,翠苑小区,2026-08-04 05:00,0.005,0.5,0.33,27.1,正常,0
HZ007002,杭州,滨江区,江南花园,2026-08-03 00:00,0.008,0.8,0.38,27.1,正常,0
HZ007003,杭州,余杭区,仓前家园,2026-08-05 15:00,0.145,9.5,0.31,32.0,正常,0
HZ007004,杭州,拱墅区,大关小区,2026-08-02 10:00,0.071,5.7,0.36,28.2,正常,0
HZ007005,杭州,上城区,丁兰社区,2026-08-05 08:00,0.107,8.1,0.34,29.8,正常,0
HZ007006,杭州,萧山区,湘湖家园,2026-08-01 11:00,0.097,9.6,0.37,32.4,正常,0
HZ007007,杭州,钱塘区,江东家园,2026-08-03 01:00,0.022,1.5,0.29,28.0,正常,0
HZ007008,杭州,临平区,塘栖人家,2026-08-04 11:00,0.071,6.8,0.33,30.5,正常,0
HZ007009,杭州,西湖区,文新社区,2026-08-07 11:00,0.110,9.0,0.32,33.8,正常,0
HZ007010,杭州,滨江区,白马湖社区,2026-08-03 19:00,0.139,8.8,0.31,28.5,正常,0
HZ007011,杭州,余杭区,仓前家园,2026-08-06 15:00,0.025,1.9,0.34,32.9,正常,0
HZ007012,杭州,拱墅区,湖墅家园,2026-08-02 09:00,0.036,2.6,0.29,28.7,正常,0
HZ007013,杭州,上城区,望江新园,2026-08-04 08:00,0.083,6.8,0.35,28.5,正常,0
HZ007014,杭州,萧山区,钱江世纪城社区,2026-08-06 10:00,0.023,1.7,0.16,30.1,异常,1
HZ007015,杭州,钱塘区,河庄新苑,2026-08-02 02:00,0.001,0.1,0.39,27.4,正常,0
HZ007016,杭州,临平区,南苑小区,2026-08-06 17:00,0.072,5.2,0.39,31.7,正常,0
HZ007017,杭州,西湖区,转塘家园,2026-08-04 06:00,0.055,5.5,0.32,29.3,正常,0
HZ007018,杭州,滨江区,钱塘春晓,2026-08-02 14:00,0.076,7.5,0.37,33.6,正常,0
HZ007019,杭州,余杭区,闲林山水,2026-08-01 09:00,0.014,0.9,0.35,30.2,正常,0
HZ007020,杭州,拱墅区,运河新城社区,2026-08-06 08:00,0.076,5.0,0.33,29.2,正常,0
HZ007021,杭州,上城区,采荷小区,2026-08-02 07:00,0.146,9.2,0.30,27.1,正常,0
HZ007022,杭州,萧山区,钱江世纪城社区,2026-08-03 18:00,0.063,5.9,0.29,29.0,正常,0
HZ007023,杭州,钱塘区,江东家园,2026-08-07 17:00,0.037,3.7,0.38,32.2,正常,0
HZ007024,杭州,临平区,乔司家园,2026-08-03 06:00,0.025,2.4,0.37,28.9,正常,0
HZ007025,杭州,西湖区,文新社区,2026-08-07 17:00,0.097,8.2,0.32,30.7,正常,0
HZ007026,杭州,滨江区,白马湖社区,2026-08-03 09:00,0.117,8.0,0.35,30.5,正常,0
HZ007027,杭州,余杭区,良渚文化村,2026-08-07 18:00,0.088,6.8,0.38,30.7,正常,0
HZ007028,杭州,拱墅区,大关小区,2026-08-05 18:00,0.034,2.4,0.32,28.3,正常,0
HZ007029,杭州,上城区,近江家园,2026-08-05 07:00,0.026,2.0,0.31,30.9,正常,0
HZ007030,杭州,萧山区,钱江世纪城社区,2026-08-06 22:00,0.141,9.1,0.35,28.8,正常,0
HZ007031,杭州,钱塘区,河庄新苑,2026-08-02 07:00,0.059,4.0,0.32,29.4,正常,0
HZ007032,杭州,临平区,南苑小区,2026-08-02 19:00,0.092,6.5,0.35,27.2,正常,0
HZ007033,杭州,西湖区,三墩新天地,2026-08-07 08:00,0.115,7.2,0.30,28.2,正常,0
HZ007034,杭州,滨江区,滨康小区,2026-08-06 06:00,0.016,1.2,0.37,30.3,正常,0
HZ007035,杭州,余杭区,闲林山水,2026-08-04 20:00,0.140,9.4,0.34,28.8,正常,0
HZ007036,杭州,拱墅区,湖墅家园,2026-08-02 12:00,0.098,8.1,0.38,31.1,正常,0
HZ007037,杭州,上城区,采荷小区,2026-08-01 13:00,0.052,4.6,0.28,31.3,正常,0
HZ007038,杭州,萧山区,宁围佳境,2026-08-07 17:00,0.070,6.2,0.31,32.6,正常,0
HZ007039,杭州,钱塘区,江东家园,2026-08-05 20:00,0.018,1.2,0.35,28.2,正常,0
HZ007040,杭州,临平区,南苑小区,2026-08-04 15:00,0.020,1.4,0.30,32.9,正常,0
HZ007041,杭州,西湖区,文新社区,2026-08-04 16:00,0.023,1.8,0.29,32.0,正常,0
HZ007042,杭州,滨江区,江南花园,2026-08-01 10:00,0.070,6.1,0.19,27.2,异常,1
HZ007043,杭州,余杭区,仓前家园,2026-08-05 01:00,0.012,1.1,0.34,29.3,正常,0
HZ007044,杭州,拱墅区,湖墅家园,2026-08-01 23:00,0.068,6.4,0.35,29.0,正常,0
HZ007045,杭州,上城区,丁兰社区,2026-08-03 17:00,0.036,3.4,0.30,31.9,正常,0
HZ007046,杭州,萧山区,北干社区,2026-08-02 13:00,0.073,5.0,0.37,33.5,正常,0
HZ007047,杭州,钱塘区,河庄新苑,2026-08-04 08:00,0.129,8.8,0.29,28.6,正常,0
HZ007048,杭州,临平区,南苑小区,2026-08-02 08:00,0.085,5.7,0.32,30.4,正常,0
HZ007049,杭州,西湖区,文新社区,2026-08-04 16:00,0.072,6.0,0.35,30.8,正常,0
HZ007050,杭州,滨江区,钱塘春晓,2026-08-03 16:00,0.023,1.9,0.29,31.1,正常,0
HZ007051,杭州,余杭区,良渚文化村,2026-08-04 12:00,0.055,3.8,0.35,31.8,正常,0
HZ007052,杭州,拱墅区,大关小区,2026-08-01 21:00,0.027,1.7,0.36,30.8,正常,0
HZ007053,杭州,上城区,采荷小区,2026-08-01 20:00,0.054,5.0,0.33,27.3,正常,0
HZ007054,杭州,萧山区,钱江世纪城社区,2026-08-02 04:00,0.023,1.5,0.37,28.5,正常,0
HZ007055,杭州,钱塘区,河庄新苑,2026-08-06 00:00,0.020,1.4,0.36,30.3,正常,0
HZ007056,杭州,临平区,塘栖人家,2026-08-06 20:00,0.113,7.9,0.39,28.9,正常,0
HZ007057,杭州,西湖区,翠苑小区,2026-08-05 21:00,0.078,6.7,0.35,29.5,正常,0
HZ007058,杭州,滨江区,江南花园,2026-08-06 13:00,0.017,1.4,0.28,31.4,正常,0
HZ007059,杭州,余杭区,未来科技城社区,2026-08-02 23:00,0.111,7.9,0.36,27.9,正常,0
HZ007060,杭州,拱墅区,大关小区,2026-08-05 18:00,0.036,3.1,0.36,28.7,正常,0
HZ007061,杭州,上城区,采荷小区,2026-08-01 21:00,0.079,7.5,0.37,29.0,正常,0
HZ007062,杭州,萧山区,北干社区,2026-08-07 08:00,0.018,1.5,0.13,29.8,异常,1
HZ007063,杭州,钱塘区,江东家园,2026-08-07 02:00,0.003,0.2,0.37,28.7,正常,0
HZ007064,杭州,临平区,星桥社区,2026-08-07 06:00,0.061,5.5,0.30,28.0,正常,0
HZ007065,杭州,西湖区,三墩新天地,2026-08-02 00:00,0.010,0.8,0.38,28.2,正常,0
HZ007066,杭州,滨江区,钱塘春晓,2026-08-01 21:00,0.075,6.4,0.17,30.5,异常,1
HZ007067,杭州,余杭区,闲林山水,2026-08-02 03:00,0.014,1.2,0.37,29.7,正常,0
HZ007068,杭州,拱墅区,湖墅家园,2026-08-04 01:00,0.002,0.2,0.34,30.2,正常,0
HZ007069,杭州,上城区,近江家园,2026-08-07 00:00,0.020,1.4,0.29,30.4,正常,0
HZ007070,杭州,萧山区,宁围佳境,2026-08-01 01:00,0.003,0.2,0.35,28.0,正常,0
HZ007071,杭州,钱塘区,江东家园,2026-08-06 22:00,0.059,4.2,0.33,28.1,正常,0
HZ007072,杭州,临平区,星桥社区,2026-08-05 03:00,0.017,1.3,0.54,27.2,异常,1
HZ007073,杭州,西湖区,三墩新天地,2026-08-03 12:00,0.030,2.7,0.34,33.5,正常,0
HZ007074,杭州,滨江区,钱塘春晓,2026-08-05 14:00,0.051,4.6,0.19,32.4,异常,1
HZ007075,杭州,余杭区,闲林山水,2026-08-04 11:00,0.207,15.3,0.31,32.4,异常,1
HZ007076,杭州,拱墅区,湖墅家园,2026-08-05 19:00,0.072,5.4,0.35,28.8,正常,0
HZ007077,杭州,上城区,采荷小区,2026-08-06 04:00,0.478,24.6,0.29,27.7,异常,1
HZ007078,杭州,萧山区,湘湖家园,2026-08-06 18:00,0.033,2.8,0.39,27.2,正常,0
HZ007079,杭州,钱塘区,大学城北社区,2026-08-06 11:00,0.076,5.0,0.35,32.7,正常,0
HZ007080,杭州,临平区,南苑小区,2026-08-07 02:00,0.017,1.1,0.38,30.4,正常,0
HZ007081,杭州,西湖区,文新社区,2026-08-05 05:00,0.019,1.4,0.33,27.3,正常,0
HZ007082,杭州,滨江区,白马湖社区,2026-08-02 23:00,0.122,10.5,0.35,27.1,正常,0
HZ007083,杭州,余杭区,未来科技城社区,2026-08-06 17:00,0.037,2.5,0.36,30.9,正常,0
HZ007084,杭州,拱墅区,湖墅家园,2026-08-05 06:00,0.083,6.3,0.32,28.2,正常,0
HZ007085,杭州,上城区,丁兰社区,2026-08-02 11:00,0.040,3.2,0.29,33.2,正常,0
HZ007086,杭州,萧山区,湘湖家园,2026-08-03 23:00,0.025,2.4,0.38,27.2,正常,0
HZ007087,杭州,钱塘区,江东家园,2026-08-01 16:00,0.022,2.2,0.38,32.2,正常,0
HZ007088,杭州,临平区,星桥社区,2026-08-06 05:00,0.029,2.2,0.35,30.6,正常,0
HZ007089,杭州,西湖区,文新社区,2026-08-04 13:00,0.028,2.2,0.31,32.6,正常,0
HZ007090,杭州,滨江区,江南花园,2026-08-01 05:00,0.027,1.8,0.29,29.5,正常,0
HZ007091,杭州,余杭区,闲林山水,2026-08-02 02:00,0.012,0.9,0.31,29.2,正常,0
HZ007092,杭州,拱墅区,运河新城社区,2026-08-01 21:00,0.065,4.1,0.28,30.1,正常,0
HZ007093,杭州,上城区,采荷小区,2026-08-01 23:00,0.044,3.1,0.36,27.5,正常,0
HZ007094,杭州,萧山区,钱江世纪城社区,2026-08-07 15:00,0.022,1.6,0.33,30.5,正常,0
HZ007095,杭州,钱塘区,下沙社区,2026-08-06 13:00,0.108,9.4,0.31,30.9,正常,0
HZ007096,杭州,临平区,塘栖人家,2026-08-05 12:00,0.036,2.9,0.36,30.8,正常,0
HZ007097,杭州,西湖区,文新社区,2026-08-01 23:00,0.125,10.2,0.36,30.8,正常,0
HZ007098,杭州,滨江区,钱塘春晓,2026-08-05 04:00,0.003,0.2,0.30,27.6,正常,0
HZ007099,杭州,余杭区,良渚文化村,2026-08-06 08:00,0.132,8.9,0.36,30.2,正常,0
HZ007100,杭州,拱墅区,大关小区,2026-08-04 17:00,0.019,1.6,0.37,32.2,正常,0
HZ007101,杭州,上城区,近江家园,2026-08-02 09:00,0.033,3.2,0.37,28.2,正常,0
HZ007102,杭州,萧山区,北干社区,2026-08-04 12:00,0.063,5.1,0.28,31.6,正常,0
HZ007103,杭州,钱塘区,下沙社区,2026-08-01 07:00,0.085,8.1,0.33,27.9,正常,0
HZ007104,杭州,临平区,塘栖人家,2026-08-05 15:00,0.103,10.1,0.29,30.5,正常,0
HZ007105,杭州,西湖区,翠苑小区,2026-08-04 01:00,0.021,1.6,0.32,28.6,正常,0
HZ007106,杭州,滨江区,江南花园,2026-08-07 10:00,0.113,8.8,0.34,27.9,正常,0
HZ007107,杭州,余杭区,未来科技城社区,2026-08-05 09:00,0.035,2.2,0.35,28.5,正常,0
HZ007108,杭州,拱墅区,大关小区,2026-08-01 00:00,0.012,1.2,0.31,27.6,正常,0
HZ007109,杭州,上城区,采荷小区,2026-08-06 04:00,0.031,2.3,0.38,29.7,正常,0
HZ007110,杭州,萧山区,宁围佳境,2026-08-04 14:00,0.066,4.7,0.33,31.6,正常,0
HZ007111,杭州,钱塘区,大学城北社区,2026-08-07 14:00,0.090,6.3,0.38,33.3,正常,0
HZ007112,杭州,临平区,塘栖人家,2026-08-01 01:00,0.027,2.0,0.33,30.6,正常,0
HZ007113,杭州,西湖区,翠苑小区,2026-08-05 21:00,0.010,1.0,0.29,29.0,正常,0
HZ007114,杭州,滨江区,白马湖社区,2026-08-01 16:00,0.098,7.2,0.37,30.4,正常,0
HZ007115,杭州,余杭区,未来科技城社区,2026-08-06 07:00,0.104,8.1,0.36,27.3,正常,0
HZ007116,杭州,拱墅区,湖墅家园,2026-08-02 09:00,0.105,7.6,0.34,29.9,正常,0
HZ007117,杭州,上城区,近江家园,2026-08-01 10:00,0.100,9.8,0.31,29.4,正常,0
HZ007118,杭州,萧山区,宁围佳境,2026-08-04 00:00,0.022,1.8,0.33,29.5,正常,0
HZ007119,杭州,钱塘区,江东家园,2026-08-06 01:00,0.010,0.7,0.30,28.5,正常,0
HZ007120,杭州,临平区,南苑小区,2026-08-05 21:00,0.087,6.4,0.32,28.3,正常,0
HZ007121,杭州,西湖区,三墩新天地,2026-08-06 10:00,0.067,5.6,0.28,30.5,正常,0
HZ007122,杭州,滨江区,钱塘春晓,2026-08-01 13:00,0.129,8.1,0.30,31.9,正常,0
HZ007123,杭州,余杭区,仓前家园,2026-08-03 18:00,0.309,15.9,0.30,28.0,异常,1
HZ007124,杭州,拱墅区,运河新城社区,2026-08-06 11:00,0.039,2.5,0.34,32.4,正常,0
HZ007125,杭州,上城区,采荷小区,2026-08-05 23:00,0.120,8.1,0.32,28.5,正常,0
HZ007126,杭州,萧山区,宁围佳境,2026-08-04 00:00,0.021,1.8,0.38,30.7,正常,0
HZ007127,杭州,钱塘区,江东家园,2026-08-03 07:00,0.121,9.8,0.33,28.0,正常,0
HZ007128,杭州,临平区,南苑小区,2026-08-07 09:00,0.027,2.0,0.34,28.0,正常,0
HZ007129,杭州,西湖区,三墩新天地,2026-08-02 17:00,0.046,3.5,0.34,31.4,正常,0
HZ007130,杭州,滨江区,钱塘春晓,2026-08-07 04:00,0.018,1.7,0.33,27.7,正常,0
HZ007131,杭州,余杭区,仓前家园,2026-08-06 04:00,0.005,0.4,0.29,30.3,正常,0
HZ007132,杭州,拱墅区,大关小区,2026-08-06 02:00,0.007,0.6,0.36,27.6,正常,0
HZ007133,杭州,上城区,采荷小区,2026-08-06 16:00,0.089,7.2,0.28,33.5,正常,0
HZ007134,杭州,萧山区,湘湖家园,2026-08-01 19:00,0.107,10.2,0.55,29.3,异常,1
HZ007135,杭州,钱塘区,下沙社区,2026-08-06 15:00,0.077,6.4,0.35,33.4,正常,0
HZ007136,杭州,临平区,南苑小区,2026-08-04 08:00,0.127,9.2,0.31,29.4,正常,0
HZ007137,杭州,西湖区,转塘家园,2026-08-01 10:00,0.014,1.0,0.39,27.4,正常,0
HZ007138,杭州,滨江区,江南花园,2026-08-03 05:00,0.011,0.9,0.37,28.8,正常,0
HZ007139,杭州,余杭区,仓前家园,2026-08-07 22:00,0.096,9.4,0.34,28.1,正常,0
HZ007140,杭州,拱墅区,湖墅家园,2026-08-06 03:00,0.027,1.7,0.36,30.0,正常,0
HZ007141,杭州,上城区,望江新园,2026-08-02 10:00,0.105,8.0,0.35,27.2,正常,0
HZ007142,杭州,萧山区,宁围佳境,2026-08-05 10:00,0.115,9.2,0.47,30.0,异常,1
HZ007143,杭州,钱塘区,下沙社区,2026-08-04 19:00,0.090,7.0,0.34,30.4,正常,0
HZ007144,杭州,临平区,星桥社区,2026-08-05 00:00,0.015,1.0,0.29,30.2,正常,0
HZ007145,杭州,西湖区,三墩新天地,2026-08-05 03:00,0.020,2.0,0.35,27.5,正常,0
HZ007146,杭州,滨江区,钱塘春晓,2026-08-07 05:00,0.026,1.8,0.39,27.4,正常,0
HZ007147,杭州,余杭区,仓前家园,2026-08-07 18:00,0.104,10.1,0.37,30.4,正常,0
HZ007148,杭州,拱墅区,湖墅家园,2026-08-01 15:00,0.131,8.5,0.35,33.6,正常,0
HZ007149,杭州,上城区,丁兰社区,2026-08-05 12:00,0.044,4.2,0.32,31.9,正常,0
HZ007150,杭州,萧山区,钱江世纪城社区,2026-08-01 06:00,0.081,6.2,0.37,29.5,正常,0
HZ007151,杭州,钱塘区,大学城北社区,2026-08-07 17:00,0.099,6.7,0.36,32.6,正常,0
HZ007152,杭州,临平区,南苑小区,2026-08-07 14:00,0.066,4.4,0.36,30.1,正常,0
HZ007153,杭州,西湖区,翠苑小区,2026-08-03 21:00,0.051,3.3,0.29,28.9,正常,0
HZ007154,杭州,滨江区,钱塘春晓,2026-08-06 21:00,0.053,4.8,0.34,27.7,正常,0
HZ007155,杭州,余杭区,未来科技城社区,2026-08-07 03:00,0.017,1.2,0.30,30.6,正常,0
HZ007156,杭州,拱墅区,湖墅家园,2026-08-03 14:00,0.101,8.1,0.35,30.6,正常,0
HZ007157,杭州,上城区,采荷小区,2026-08-01 10:00,0.047,3.9,0.39,29.2,正常,0
HZ007158,杭州,萧山区,湘湖家园,2026-08-01 22:00,0.071,5.8,0.32,29.0,正常,0
HZ007159,杭州,钱塘区,河庄新苑,2026-08-07 18:00,0.035,2.3,0.29,30.3,正常,0
HZ007160,杭州,临平区,乔司家园,2026-08-02 01:00,0.007,0.6,0.33,27.5,正常,0
HZ007161,杭州,西湖区,翠苑小区,2026-08-05 12:00,0.076,4.8,0.36,30.9,正常,0
HZ007162,杭州,滨江区,白马湖社区,2026-08-03 06:00,0.113,9.1,0.28,29.2,正常,0
HZ007163,杭州,余杭区,仓前家园,2026-08-05 11:00,0.033,2.1,0.32,33.7,正常,0
HZ007164,杭州,拱墅区,大关小区,2026-08-06 11:00,0.126,8.9,0.35,33.4,正常,0
HZ007165,杭州,上城区,丁兰社区,2026-08-05 20:00,0.110,7.7,0.32,30.8,正常,0
HZ007166,杭州,萧山区,湘湖家园,2026-08-05 06:00,0.086,5.5,0.29,27.6,正常,0
HZ007167,杭州,钱塘区,大学城北社区,2026-08-06 19:00,0.057,5.5,0.31,27.2,正常,0
HZ007168,杭州,临平区,乔司家园,2026-08-03 00:00,0.013,0.9,0.38,30.3,正常,0
HZ007169,杭州,西湖区,翠苑小区,2026-08-06 13:00,0.103,7.2,0.30,32.6,正常,0
HZ007170,杭州,滨江区,白马湖社区,2026-08-06 19:00,0.048,3.1,0.34,27.7,正常,0
HZ007171,杭州,余杭区,未来科技城社区,2026-08-03 15:00,0.092,8.7,0.38,31.6,正常,0
HZ007172,杭州,拱墅区,半山家园,2026-08-04 21:00,0.027,2.3,0.37,28.4,正常,0
HZ007173,杭州,上城区,近江家园,2026-08-03 01:00,0.348,18.7,0.38,29.5,异常,1
HZ007174,杭州,萧山区,钱江世纪城社区,2026-08-01 08:00,0.096,8.3,0.36,28.9,正常,0
HZ007175,杭州,钱塘区,江东家园,2026-08-02 06:00,0.127,10.1,0.29,28.1,正常,0
HZ007176,杭州,临平区,塘栖人家,2026-08-02 02:00,0.008,0.7,0.29,27.1,正常,0
HZ007177,杭州,西湖区,三墩新天地,2026-08-07 13:00,0.074,6.4,0.31,31.6,正常,0
HZ007178,杭州,滨江区,江南花园,2026-08-02 23:00,0.012,1.2,0.38,27.8,正常,0
HZ007179,杭州,余杭区,闲林山水,2026-08-06 22:00,0.018,1.6,0.34,28.5,正常,0
HZ007180,杭州,拱墅区,运河新城社区,2026-08-03 22:00,0.072,5.5,0.38,27.5,正常,0
HZ007181,杭州,上城区,采荷小区,2026-08-03 05:00,0.013,1.3,0.28,30.1,正常,0
HZ007182,杭州,萧山区,宁围佳境,2026-08-02 13:00,0.097,9.5,0.36,30.4,正常,0
HZ007183,杭州,钱塘区,河庄新苑,2026-08-05 23:00,0.063,6.1,0.33,27.4,正常,0
HZ007184,杭州,临平区,南苑小区,2026-08-04 18:00,0.059,4.5,0.28,30.4,正常,0
HZ007185,杭州,西湖区,三墩新天地,2026-08-01 14:00,0.018,1.5,0.36,32.9,正常,0
HZ007186,杭州,滨江区,钱塘春晓,2026-08-06 01:00,0.007,0.7,0.28,30.4,正常,0
HZ007187,杭州,余杭区,未来科技城社区,2026-08-06 00:00,0.020,1.4,0.38,29.3,正常,0
HZ007188,杭州,拱墅区,大关小区,2026-08-06 14:00,0.110,10.5,0.36,32.5,正常,0
HZ007189,杭州,上城区,采荷小区,2026-08-07 09:00,0.135,9.0,0.32,27.9,正常,0
HZ007190,杭州,萧山区,钱江世纪城社区,2026-08-04 10:00,0.083,6.8,0.32,30.7,正常,0
HZ007191,杭州,钱塘区,河庄新苑,2026-08-07 20:00,0.022,1.4,0.33,30.9,正常,0
HZ007192,杭州,临平区,南苑小区,2026-08-05 15:00,0.076,6.8,0.29,33.4,正常,0
HZ007193,杭州,西湖区,文新社区,2026-08-03 11:00,0.058,3.7,0.32,32.1,正常,0
HZ007194,杭州,滨江区,滨康小区,2026-08-06 07:00,0.096,6.5,0.29,28.7,正常,0
HZ007195,杭州,余杭区,闲林山水,2026-08-02 01:00,0.019,1.4,0.32,28.2,正常,0
HZ007196,杭州,拱墅区,大关小区,2026-08-02 14:00,0.115,8.2,0.28,30.6,正常,0
HZ007197,杭州,上城区,近江家园,2026-08-06 11:00,0.092,6.7,0.30,30.0,正常,0
HZ007198,杭州,萧山区,宁围佳境,2026-08-01 07:00,0.088,8.1,0.31,30.3,正常,0
HZ007199,杭州,钱塘区,河庄新苑,2026-08-03 11:00,0.059,5.3,0.39,32.3,正常,0
HZ007200,杭州,临平区,南苑小区,2026-08-06 10:00,0.108,9.6,0.37,28.3,正常,0
HZ007201,杭州,西湖区,转塘家园,2026-08-07 03:00,0.020,1.9,0.30,29.0,正常,0
HZ007202,杭州,滨江区,钱塘春晓,2026-08-07 10:00,0.157,10.3,0.36,27.0,正常,0
HZ007203,杭州,余杭区,良渚文化村,2026-08-05 23:00,0.072,6.1,0.37,29.9,正常,0
HZ007204,杭州,拱墅区,湖墅家园,2026-08-03 05:00,0.005,0.4,0.35,29.4,正常,0
HZ007205,杭州,上城区,采荷小区,2026-08-05 09:00,0.038,2.9,0.30,27.4,正常,0
HZ007206,杭州,萧山区,宁围佳境,2026-08-07 10:00,0.084,7.6,0.34,27.3,正常,0
HZ007207,杭州,钱塘区,大学城北社区,2026-08-03 19:00,0.137,10.5,0.31,27.4,正常,0
HZ007208,杭州,临平区,乔司家园,2026-08-02 22:00,0.090,6.6,0.32,30.7,正常,0
HZ007209,杭州,西湖区,转塘家园,2026-08-07 16:00,0.076,4.8,0.35,32.7,正常,0
HZ007210,杭州,滨江区,钱塘春晓,2026-08-04 01:00,0.035,2.3,0.36,28.7,正常,0
HZ007211,杭州,余杭区,仓前家园,2026-08-03 00:00,0.013,1.2,0.30,28.0,正常,0
HZ007212,杭州,拱墅区,湖墅家园,2026-08-02 04:00,0.016,1.2,0.34,27.6,正常,0
HZ007213,杭州,上城区,丁兰社区,2026-08-07 01:00,0.004,0.4,0.30,30.5,正常,0
HZ007214,杭州,萧山区,宁围佳境,2026-08-06 00:00,0.013,1.0,0.13,30.8,异常,1
HZ007215,杭州,钱塘区,大学城北社区,2026-08-01 19:00,0.122,8.9,0.33,28.6,正常,0
HZ007216,杭州,临平区,乔司家园,2026-08-01 00:00,0.005,0.4,0.31,27.8,正常,0
HZ007217,杭州,西湖区,转塘家园,2026-08-02 08:00,0.141,10.4,0.38,30.7,正常,0
HZ007218,杭州,滨江区,白马湖社区,2026-08-01 14:00,0.115,7.4,0.30,31.1,正常,0
HZ007219,杭州,余杭区,良渚文化村,2026-08-06 10:00,0.085,6.2,0.29,27.3,正常,0
HZ007220,杭州,拱墅区,半山家园,2026-08-06 13:00,0.162,10.4,0.39,33.4,正常,0
HZ007221,杭州,上城区,近江家园,2026-08-04 05:00,0.003,0.3,0.38,27.9,正常,0
HZ007222,杭州,萧山区,北干社区,2026-08-01 21:00,0.036,2.7,0.38,27.3,正常,0
HZ007223,杭州,钱塘区,河庄新苑,2026-08-06 13:00,0.027,2.4,0.36,33.6,正常,0
HZ007224,杭州,临平区,乔司家园,2026-08-04 06:00,0.034,2.5,0.38,30.0,正常,0
HZ007225,杭州,西湖区,转塘家园,2026-08-06 16:00,0.090,7.5,0.29,30.2,正常,0
HZ007226,杭州,滨江区,滨康小区,2026-08-07 23:00,0.039,2.6,0.38,29.9,正常,0
HZ007227,杭州,余杭区,闲林山水,2026-08-03 22:00,0.027,2.5,0.39,27.7,正常,0
HZ007228,杭州,拱墅区,运河新城社区,2026-08-01 18:00,0.024,1.7,0.29,27.3,正常,0
HZ007229,杭州,上城区,丁兰社区,2026-08-07 10:00,0.110,7.3,0.34,27.8,正常,0
HZ007230,杭州,萧山区,宁围佳境,2026-08-07 09:00,0.061,5.2,0.37,29.6,正常,0
HZ007231,杭州,钱塘区,大学城北社区,2026-08-04 22:00,0.150,9.5,0.34,30.0,正常,0
HZ007232,杭州,临平区,塘栖人家,2026-08-01 01:00,0.017,1.4,0.34,28.7,正常,0
HZ007233,杭州,西湖区,翠苑小区,2026-08-06 19:00,0.127,8.1,0.28,28.1,正常,0
HZ007234,杭州,滨江区,江南花园,2026-08-02 11:00,0.058,5.3,0.34,32.4,正常,0
HZ007235,杭州,余杭区,仓前家园,2026-08-06 11:00,0.034,3.3,0.34,30.7,正常,0
HZ007236,杭州,拱墅区,运河新城社区,2026-08-07 03:00,0.010,0.8,0.33,28.0,正常,0
HZ007237,杭州,上城区,近江家园,2026-08-06 08:00,0.078,6.3,0.33,30.8,正常,0
HZ007238,杭州,萧山区,钱江世纪城社区,2026-08-01 10:00,0.123,8.3,0.37,27.6,正常,0
HZ007239,杭州,钱塘区,下沙社区,2026-08-03 04:00,0.019,1.4,0.39,30.3,正常,0
HZ007240,杭州,临平区,乔司家园,2026-08-05 03:00,0.023,2.2,0.35,30.9,正常,0
HZ007241,杭州,西湖区,翠苑小区,2026-08-07 12:00,0.070,5.5,0.34,31.9,正常,0
HZ007242,杭州,滨江区,钱塘春晓,2026-08-06 12:00,0.098,7.7,0.35,33.6,正常,0
HZ007243,杭州,余杭区,良渚文化村,2026-08-02 09:00,0.009,0.7,0.31,27.2,正常,0
HZ007244,杭州,拱墅区,大关小区,2026-08-04 14:00,0.109,9.2,0.30,32.6,正常,0
HZ007245,杭州,上城区,丁兰社区,2026-08-03 21:00,0.044,3.3,0.31,27.5,正常,0
HZ007246,杭州,萧山区,钱江世纪城社区,2026-08-05 17:00,0.073,5.5,0.36,30.4,正常,0
HZ007247,杭州,钱塘区,大学城北社区,2026-08-04 10:00,0.088,8.3,0.28,29.2,正常,0
HZ007248,杭州,临平区,乔司家园,2026-08-03 15:00,0.134,9.6,0.30,30.7,正常,0
HZ007249,杭州,西湖区,翠苑小区,2026-08-02 02:00,0.013,1.2,0.35,29.8,正常,0
HZ007250,杭州,滨江区,江南花园,2026-08-03 20:00,0.077,6.0,0.33,30.6,正常,0
HZ007251,杭州,余杭区,闲林山水,2026-08-04 01:00,0.354,20.0,0.38,29.7,异常,1
HZ007252,杭州,拱墅区,湖墅家园,2026-08-01 12:00,0.090,8.2,0.35,33.9,正常,0
HZ007253,杭州,上城区,望江新园,2026-08-03 18:00,0.019,1.6,0.37,27.2,正常,0
HZ007254,杭州,萧山区,北干社区,2026-08-03 11:00,0.043,3.7,0.50,33.3,异常,1
HZ007255,杭州,钱塘区,大学城北社区,2026-08-05 23:00,0.112,7.3,0.32,30.5,正常,0
HZ007256,杭州,临平区,塘栖人家,2026-08-02 02:00,0.004,0.3,0.35,29.3,正常,0
HZ007257,杭州,西湖区,转塘家园,2026-08-06 07:00,0.069,5.2,0.33,29.9,正常,0
HZ007258,杭州,滨江区,白马湖社区,2026-08-03 05:00,0.018,1.5,0.34,27.2,正常,0
HZ007259,杭州,余杭区,良渚文化村,2026-08-04 15:00,0.145,10.4,0.36,33.6,正常,0
HZ007260,杭州,拱墅区,运河新城社区,2026-08-05 07:00,0.083,5.2,0.35,29.0,正常,0
HZ007261,杭州,上城区,近江家园,2026-08-05 20:00,0.096,6.3,0.37,28.4,正常,0
HZ007262,杭州,萧山区,宁围佳境,2026-08-01 21:00,0.014,0.9,0.38,27.9,正常,0
HZ007263,杭州,钱塘区,下沙社区,2026-08-07 15:00,0.119,10.4,0.30,32.2,正常,0
HZ007264,杭州,临平区,乔司家园,2026-08-03 20:00,0.078,7.1,0.39,27.3,正常,0
HZ007265,杭州,西湖区,转塘家园,2026-08-01 04:00,0.011,0.8,0.31,27.9,正常,0
HZ007266,杭州,滨江区,钱塘春晓,2026-08-04 03:00,0.010,0.8,0.28,27.7,正常,0
HZ007267,杭州,余杭区,未来科技城社区,2026-08-04 00:00,0.017,1.5,0.29,31.0,正常,0
HZ007268,杭州,拱墅区,半山家园,2026-08-06 15:00,0.046,2.9,0.38,30.3,正常,0
HZ007269,杭州,上城区,丁兰社区,2026-08-07 22:00,0.113,9.2,0.35,28.9,正常,0
HZ007270,杭州,萧山区,宁围佳境,2026-08-05 17:00,0.102,9.0,0.28,32.0,正常,0
HZ007271,杭州,钱塘区,下沙社区,2026-08-05 10:00,0.115,9.8,0.32,28.7,正常,0
HZ007272,杭州,临平区,乔司家园,2026-08-01 17:00,0.016,1.5,0.33,32.6,正常,0
HZ007273,杭州,西湖区,三墩新天地,2026-08-01 07:00,0.069,5.8,0.35,28.2,正常,0
HZ007274,杭州,滨江区,钱塘春晓,2026-08-04 04:00,0.004,0.4,0.30,28.0,正常,0
HZ007275,杭州,余杭区,仓前家园,2026-08-02 07:00,0.151,9.9,0.33,28.5,正常,0
HZ007276,杭州,拱墅区,半山家园,2026-08-06 13:00,0.083,6.6,0.36,31.1,正常,0
HZ007277,杭州,上城区,近江家园,2026-08-06 18:00,0.081,5.7,0.31,27.8,正常,0
HZ007278,杭州,萧山区,湘湖家园,2026-08-07 13:00,0.069,6.2,0.35,31.5,正常,0
HZ007279,杭州,钱塘区,下沙社区,2026-08-04 00:00,0.001,0.1,0.36,30.8,正常,0
HZ007280,杭州,临平区,乔司家园,2026-08-02 18:00,0.016,1.1,0.32,28.4,正常,0
HZ007281,杭州,西湖区,文新社区,2026-08-02 16:00,0.111,8.2,0.29,30.3,正常,0
HZ007282,杭州,滨江区,滨康小区,2026-08-04 08:00,0.135,10.3,0.29,30.7,正常,0
HZ007283,杭州,余杭区,良渚文化村,2026-08-02 21:00,0.078,5.9,0.30,28.7,正常,0
HZ007284,杭州,拱墅区,大关小区,2026-08-01 11:00,0.037,3.4,0.37,31.1,正常,0
HZ007285,杭州,上城区,丁兰社区,2026-08-04 23:00,0.053,3.7,0.30,28.3,正常,0
HZ007286,杭州,萧山区,宁围佳境,2026-08-07 23:00,0.016,1.2,0.29,29.2,正常,0
HZ007287,杭州,钱塘区,河庄新苑,2026-08-01 08:00,0.090,6.3,0.28,29.9,正常,0
HZ007288,杭州,临平区,乔司家园,2026-08-07 01:00,0.026,2.0,0.35,28.1,正常,0
HZ007289,杭州,西湖区,文新社区,2026-08-05 09:00,0.073,7.3,0.31,28.2,正常,0
HZ007290,杭州,滨江区,江南花园,2026-08-06 21:00,0.095,6.6,0.32,30.6,正常,0
HZ007291,杭州,余杭区,良渚文化村,2026-08-04 17:00,0.048,4.6,0.30,33.1,正常,0
HZ007292,杭州,拱墅区,半山家园,2026-08-06 02:00,0.009,0.9,0.30,29.0,正常,0
HZ007293,杭州,上城区,采荷小区,2026-08-01 05:00,0.030,2.2,0.29,29.0,正常,0
HZ007294,杭州,萧山区,钱江世纪城社区,2026-08-02 13:00,0.061,4.6,0.29,31.3,正常,0
HZ007295,杭州,钱塘区,河庄新苑,2026-08-07 08:00,0.086,7.7,0.37,28.7,正常,0
HZ007296,杭州,临平区,塘栖人家,2026-08-02 04:00,0.002,0.2,0.33,30.8,正常,0
HZ007297,杭州,西湖区,翠苑小区,2026-08-04 06:00,0.119,8.0,0.32,27.1,正常,0
HZ007298,杭州,滨江区,白马湖社区,2026-08-02 18:00,0.037,3.0,0.30,27.8,正常,0
HZ007299,杭州,余杭区,未来科技城社区,2026-08-07 03:00,0.026,1.8,0.38,30.2,正常,0
HZ007300,杭州,拱墅区,湖墅家园,2026-08-05 15:00,0.097,9.0,0.32,33.3,正常,0
HZ007301,杭州,上城区,望江新园,2026-08-01 17:00,0.150,10.0,0.37,30.1,正常,0
HZ007302,杭州,萧山区,钱江世纪城社区,2026-08-04 06:00,0.055,3.5,0.37,30.7,正常,0
HZ007303,杭州,钱塘区,河庄新苑,2026-08-06 16:00,0.028,2.7,0.35,31.3,正常,0
HZ007304,杭州,临平区,塘栖人家,2026-08-06 08:00,0.103,7.4,0.34,28.8,正常,0
HZ007305,杭州,西湖区,翠苑小区,2026-08-07 18:00,0.037,3.3,0.32,27.9,正常,0
HZ007306,杭州,滨江区,白马湖社区,2026-08-07 21:00,0.127,9.3,0.30,28.1,正常,0
HZ007307,杭州,余杭区,良渚文化村,2026-08-07 16:00,0.131,9.8,0.29,31.5,正常,0
HZ007308,杭州,拱墅区,半山家园,2026-08-06 06:00,0.015,1.1,0.29,30.1,正常,0
HZ007309,杭州,上城区,望江新园,2026-08-04 08:00,0.082,6.6,0.29,29.1,正常,0
HZ007310,杭州,萧山区,北干社区,2026-08-02 11:00,0.064,5.0,0.29,32.4,正常,0
HZ007311,杭州,钱塘区,大学城北社区,2026-08-05 17:00,0.074,5.3,0.31,30.6,正常,0
HZ007312,杭州,临平区,塘栖人家,2026-08-06 23:00,0.142,9.5,0.36,29.0,正常,0
HZ007313,杭州,西湖区,转塘家园,2026-08-07 19:00,0.042,3.3,0.31,29.2,正常,0
HZ007314,杭州,滨江区,江南花园,2026-08-01 10:00,0.091,8.9,0.19,27.9,异常,1
HZ007315,杭州,余杭区,良渚文化村,2026-08-02 05:00,0.300,24.7,0.32,27.2,异常,1
HZ007316,杭州,拱墅区,运河新城社区,2026-08-05 10:00,0.043,3.6,0.38,30.8,正常,0
HZ007317,杭州,上城区,近江家园,2026-08-04 20:00,0.101,6.8,0.29,29.9,正常,0
HZ007318,杭州,萧山区,宁围佳境,2026-08-06 15:00,0.100,9.1,0.33,31.3,正常,0
HZ007319,杭州,钱塘区,大学城北社区,2026-08-04 21:00,0.073,5.9,0.31,29.4,正常,0
HZ007320,杭州,临平区,星桥社区,2026-08-06 07:00,0.121,8.7,0.33,28.1,正常,0
HZ007321,杭州,西湖区,翠苑小区,2026-08-07 20:00,0.034,2.7,0.29,27.6,正常,0
HZ007322,杭州,滨江区,白马湖社区,2026-08-07 13:00,0.055,3.8,0.35,31.2,正常,0
HZ007323,杭州,余杭区,仓前家园,2026-08-04 13:00,0.027,1.8,0.38,33.6,正常,0
HZ007324,杭州,拱墅区,运河新城社区,2026-08-06 01:00,0.031,2.0,0.34,27.2,正常,0
HZ007325,杭州,上城区,近江家园,2026-08-03 22:00,0.061,4.4,0.31,29.5,正常,0
HZ007326,杭州,萧山区,湘湖家园,2026-08-04 08:00,0.016,1.3,0.36,28.6,正常,0
HZ007327,杭州,钱塘区,河庄新苑,2026-08-07 20:00,0.010,0.8,0.31,29.0,正常,0
HZ007328,杭州,临平区,星桥社区,2026-08-01 00:00,0.005,0.5,0.29,29.6,正常,0
HZ007329,杭州,西湖区,翠苑小区,2026-08-04 10:00,0.070,6.2,0.37,29.6,正常,0
HZ007330,杭州,滨江区,江南花园,2026-08-03 16:00,0.137,10.1,0.30,32.9,正常,0
HZ007331,杭州,余杭区,仓前家园,2026-08-05 02:00,0.029,2.3,0.35,28.2,正常,0
HZ007332,杭州,拱墅区,大关小区,2026-08-04 20:00,0.098,7.2,0.36,28.5,正常,0
HZ007333,杭州,上城区,采荷小区,2026-08-06 08:00,0.249,19.1,0.34,28.4,异常,1
HZ007334,杭州,萧山区,钱江世纪城社区,2026-08-05 23:00,0.029,2.2,0.37,28.1,正常,0
HZ007335,杭州,钱塘区,大学城北社区,2026-08-05 01:00,0.018,1.8,0.29,28.1,正常,0
HZ007336,杭州,临平区,塘栖人家,2026-08-03 15:00,0.032,2.7,0.32,33.2,正常,0
HZ007337,杭州,西湖区,文新社区,2026-08-06 08:00,0.072,6.3,0.35,29.8,正常,0
HZ007338,杭州,滨江区,白马湖社区,2026-08-07 20:00,0.044,3.1,0.37,29.6,正常,0
HZ007339,杭州,余杭区,闲林山水,2026-08-02 05:00,0.004,0.3,0.32,31.0,正常,0
HZ007340,杭州,拱墅区,湖墅家园,2026-08-07 20:00,0.028,1.9,0.18,28.1,异常,1
HZ007341,杭州,上城区,采荷小区,2026-08-06 13:00,0.093,8.9,0.32,30.8,正常,0
HZ007342,杭州,萧山区,北干社区,2026-08-05 08:00,0.081,6.6,0.36,29.7,正常,0
HZ007343,杭州,钱塘区,江东家园,2026-08-02 22:00,0.028,2.7,0.31,29.3,正常,0
HZ007344,杭州,临平区,星桥社区,2026-08-01 11:00,0.101,9.9,0.28,30.0,正常,0
HZ007345,杭州,西湖区,翠苑小区,2026-08-02 20:00,0.101,8.1,0.33,29.1,正常,0
HZ007346,杭州,滨江区,江南花园,2026-08-06 19:00,0.114,8.8,0.31,30.2,正常,0
HZ007347,杭州,余杭区,闲林山水,2026-08-07 01:00,0.030,2.3,0.36,27.0,正常,0
HZ007348,杭州,拱墅区,湖墅家园,2026-08-06 17:00,0.054,4.3,0.30,32.4,正常,0
HZ007349,杭州,上城区,丁兰社区,2026-08-03 23:00,0.039,2.9,0.36,29.0,正常,0
HZ007350,杭州,萧山区,北干社区,2026-08-04 12:00,0.107,10.5,0.38,31.9,正常,0
HZ007351,杭州,钱塘区,大学城北社区,2026-08-05 10:00,0.037,2.7,0.38,27.2,正常,0
HZ007352,杭州,临平区,乔司家园,2026-08-03 20:00,0.125,10.1,0.29,29.1,正常,0
HZ007353,杭州,西湖区,转塘家园,2026-08-04 03:00,0.024,1.8,0.34,30.2,正常,0
HZ007354,杭州,滨江区,江南花园,2026-08-05 09:00,0.047,3.7,0.30,27.2,正常,0
HZ007355,杭州,余杭区,仓前家园,2026-08-02 18:00,0.115,10.0,0.36,29.3,正常,0
HZ007356,杭州,拱墅区,湖墅家园,2026-08-03 04:00,0.019,1.9,0.38,28.1,正常,0
HZ007357,杭州,上城区,近江家园,2026-08-07 02:00,0.016,1.5,0.33,28.9,正常,0
HZ007358,杭州,萧山区,北干社区,2026-08-05 04:00,0.024,1.9,0.28,29.2,正常,0
HZ007359,杭州,钱塘区,大学城北社区,2026-08-04 10:00,0.028,1.9,0.36,30.6,正常,0
HZ007360,杭州,临平区,乔司家园,2026-08-03 03:00,0.003,0.2,0.30,30.1,正常,0
HZ007361,杭州,西湖区,文新社区,2026-08-04 18:00,0.079,7.0,0.32,30.6,正常,0
HZ007362,杭州,滨江区,滨康小区,2026-08-03 20:00,0.116,9.7,0.29,30.8,正常,0
HZ007363,杭州,余杭区,未来科技城社区,2026-08-07 17:00,0.063,5.1,0.33,30.5,正常,0
HZ007364,杭州,拱墅区,湖墅家园,2026-08-02 06:00,0.055,5.0,0.29,27.3,正常,0
HZ007365,杭州,上城区,采荷小区,2026-08-05 16:00,0.139,10.0,0.29,33.7,正常,0
HZ007366,杭州,萧山区,北干社区,2026-08-03 19:00,0.040,3.9,0.30,28.7,正常,0
HZ007367,杭州,钱塘区,江东家园,2026-08-07 13:00,0.062,4.2,0.34,32.5,正常,0
HZ007368,杭州,临平区,南苑小区,2026-08-01 12:00,0.137,9.3,0.37,31.3,正常,0
HZ007369,杭州,西湖区,三墩新天地,2026-08-07 23:00,0.050,4.9,0.33,27.6,正常,0
HZ007370,杭州,滨江区,钱塘春晓,2026-08-05 04:00,0.002,0.2,0.34,31.0,正常,0
HZ007371,杭州,余杭区,未来科技城社区,2026-08-02 23:00,0.067,6.1,0.31,28.9,正常,0
HZ007372,杭州,拱墅区,运河新城社区,2026-08-02 22:00,0.088,6.6,0.34,29.1,正常,0
HZ007373,杭州,上城区,采荷小区,2026-08-07 09:00,0.015,1.2,0.28,27.6,正常,0
HZ007374,杭州,萧山区,湘湖家园,2026-08-05 01:00,0.033,2.1,0.32,29.7,正常,0
HZ007375,杭州,钱塘区,下沙社区,2026-08-03 19:00,0.097,6.5,0.34,30.8,正常,0
HZ007376,杭州,临平区,南苑小区,2026-08-05 15:00,0.085,5.6,0.35,33.6,正常,0
HZ007377,杭州,西湖区,翠苑小区,2026-08-06 02:00,0.001,0.1,0.35,30.3,正常,0
HZ007378,杭州,滨江区,江南花园,2026-08-07 10:00,0.032,2.9,0.33,28.4,正常,0
HZ007379,杭州,余杭区,闲林山水,2026-08-02 15:00,0.014,1.3,0.29,31.2,正常,0
HZ007380,杭州,拱墅区,运河新城社区,2026-08-05 15:00,0.108,8.1,0.28,32.0,正常,0
HZ007381,杭州,上城区,采荷小区,2026-08-07 17:00,0.094,7.0,0.36,33.1,正常,0
HZ007382,杭州,萧山区,北干社区,2026-08-02 08:00,0.019,1.8,0.36,27.5,正常,0
HZ007383,杭州,钱塘区,河庄新苑,2026-08-03 16:00,0.107,8.0,0.37,31.2,正常,0
HZ007384,杭州,临平区,星桥社区,2026-08-06 14:00,0.121,9.4,0.38,32.9,正常,0
HZ007385,杭州,西湖区,三墩新天地,2026-08-06 00:00,0.005,0.4,0.33,30.3,正常,0
HZ007386,杭州,滨江区,江南花园,2026-08-04 20:00,0.083,6.7,0.32,27.5,正常,0
HZ007387,杭州,余杭区,良渚文化村,2026-08-02 13:00,0.067,5.4,0.37,30.2,正常,0
HZ007388,杭州,拱墅区,大关小区,2026-08-06 13:00,0.137,10.2,0.29,31.3,正常,0
HZ007389,杭州,上城区,采荷小区,2026-08-01 19:00,0.031,2.9,0.39,28.7,正常,0
HZ007390,杭州,萧山区,钱江世纪城社区,2026-08-06 22:00,0.068,5.8,0.31,27.3,正常,0
HZ007391,杭州,钱塘区,江东家园,2026-08-01 21:00,0.109,9.5,0.34,29.9,正常,0
HZ007392,杭州,临平区,南苑小区,2026-08-02 12:00,0.049,3.7,0.18,32.8,异常,1
HZ007393,杭州,西湖区,文新社区,2026-08-04 03:00,0.023,1.9,0.33,28.3,正常,0
HZ007394,杭州,滨江区,滨康小区,2026-08-02 21:00,0.010,0.9,0.31,30.0,正常,0
HZ007395,杭州,余杭区,仓前家园,2026-08-06 02:00,0.028,2.2,0.35,29.8,正常,0
HZ007396,杭州,拱墅区,运河新城社区,2026-08-07 21:00,0.024,2.3,0.35,28.2,正常,0
HZ007397,杭州,上城区,采荷小区,2026-08-03 04:00,0.020,1.7,0.32,30.6,正常,0
HZ007398,杭州,萧山区,宁围佳境,2026-08-05 02:00,0.006,0.5,0.34,28.2,正常,0
HZ007399,杭州,钱塘区,下沙社区,2026-08-07 21:00,0.083,6.8,0.36,30.2,正常,0
HZ007400,杭州,临平区,塘栖人家,2026-08-02 19:00,0.129,10.3,0.33,27.4,正常,0
HZ007401,杭州,西湖区,转塘家园,2026-08-02 01:00,0.003,0.2,0.36,30.8,正常,0
HZ007402,杭州,滨江区,滨康小区,2026-08-04 03:00,0.023,1.9,0.28,27.2,正常,0
HZ007403,杭州,余杭区,未来科技城社区,2026-08-06 02:00,0.019,1.6,0.30,27.8,正常,0
HZ007404,杭州,拱墅区,运河新城社区,2026-08-05 19:00,0.053,3.4,0.35,30.2,正常,0
HZ007405,杭州,上城区,采荷小区,2026-08-04 12:00,0.021,1.3,0.29,32.8,正常,0
HZ007406,杭州,萧山区,钱江世纪城社区,2026-08-04 06:00,0.100,9.8,0.30,29.8,正常,0
HZ007407,杭州,钱塘区,河庄新苑,2026-08-06 06:00,0.024,2.1,0.34,30.2,正常,0
HZ007408,杭州,临平区,乔司家园,2026-08-05 13:00,0.062,4.6,0.31,30.7,正常,0
HZ007409,杭州,西湖区,文新社区,2026-08-01 20:00,0.106,8.6,0.36,27.5,正常,0
HZ007410,杭州,滨江区,钱塘春晓,2026-08-01 01:00,0.009,0.6,0.34,30.6,正常,0
HZ007411,杭州,余杭区,良渚文化村,2026-08-01 17:00,0.081,7.3,0.37,30.2,正常,0
HZ007412,杭州,拱墅区,大关小区,2026-08-06 16:00,0.040,2.7,0.33,33.5,正常,0
HZ007413,杭州,上城区,丁兰社区,2026-08-05 14:00,0.021,1.3,0.37,32.4,正常,0
HZ007414,杭州,萧山区,湘湖家园,2026-08-06 03:00,0.012,0.9,0.35,30.6,正常,0
HZ007415,杭州,钱塘区,下沙社区,2026-08-06 04:00,0.016,1.5,0.30,27.2,正常,0
HZ007416,杭州,临平区,星桥社区,2026-08-03 15:00,0.083,5.2,0.29,31.1,正常,0
HZ007417,杭州,西湖区,三墩新天地,2026-08-06 23:00,0.017,1.7,0.34,30.2,正常,0
HZ007418,杭州,滨江区,钱塘春晓,2026-08-02 00:00,0.005,0.4,0.33,27.7,正常,0
HZ007419,杭州,余杭区,未来科技城社区,2026-08-06 16:00,0.054,3.5,0.31,30.5,正常,0
HZ007420,杭州,拱墅区,大关小区,2026-08-04 00:00,0.008,0.7,0.31,28.9,正常,0
HZ007421,杭州,上城区,采荷小区,2026-08-03 14:00,0.147,10.2,0.32,31.7,正常,0
HZ007422,杭州,萧山区,北干社区,2026-08-02 05:00,0.014,1.3,0.30,27.1,正常,0
HZ007423,杭州,钱塘区,下沙社区,2026-08-04 07:00,0.102,6.6,0.31,27.2,正常,0
HZ007424,杭州,临平区,塘栖人家,2026-08-03 10:00,0.055,3.6,0.37,27.8,正常,0
HZ007425,杭州,西湖区,文新社区,2026-08-01 18:00,0.152,10.5,0.31,28.3,正常,0
HZ007426,杭州,滨江区,滨康小区,2026-08-07 07:00,0.086,5.5,0.30,29.2,正常,0
HZ007427,杭州,余杭区,良渚文化村,2026-08-02 17:00,0.020,1.4,0.35,32.7,正常,0
HZ007428,杭州,拱墅区,运河新城社区,2026-08-02 15:00,0.081,5.2,0.29,33.8,正常,0
HZ007429,杭州,上城区,采荷小区,2026-08-01 21:00,0.118,7.6,0.37,28.4,正常,0
HZ007430,杭州,萧山区,湘湖家园,2026-08-02 17:00,0.065,6.4,0.28,31.3,正常,0
HZ007431,杭州,钱塘区,大学城北社区,2026-08-07 23:00,0.015,1.2,0.33,28.1,正常,0
HZ007432,杭州,临平区,塘栖人家,2026-08-04 03:00,0.001,0.1,0.29,27.0,正常,0
HZ007433,杭州,西湖区,翠苑小区,2026-08-01 18:00,0.138,9.9,0.34,29.4,正常,0
HZ007434,杭州,滨江区,滨康小区,2026-08-06 16:00,0.063,4.4,0.33,31.3,正常,0
HZ007435,杭州,余杭区,闲林山水,2026-08-03 21:00,0.038,3.3,0.30,28.6,正常,0
HZ007436,杭州,拱墅区,湖墅家园,2026-08-02 11:00,0.014,1.1,0.35,32.9,正常,0
HZ007437,杭州,上城区,近江家园,2026-08-03 23:00,0.048,4.2,0.33,28.4,正常,0
HZ007438,杭州,萧山区,湘湖家园,2026-08-06 03:00,0.021,1.8,0.29,30.7,正常,0
HZ007439,杭州,钱塘区,江东家园,2026-08-01 15:00,0.085,8.4,0.30,31.2,正常,0
HZ007440,杭州,临平区,南苑小区,2026-08-02 11:00,0.085,8.0,0.29,32.6,正常,0
HZ007441,杭州,西湖区,转塘家园,2026-08-05 22:00,0.032,2.9,0.36,28.6,正常,0
HZ007442,杭州,滨江区,江南花园,2026-08-05 07:00,0.159,10.1,0.37,30.6,正常,0
HZ007443,杭州,余杭区,闲林山水,2026-08-02 00:00,0.006,0.4,0.35,30.2,正常,0
HZ007444,杭州,拱墅区,半山家园,2026-08-03 10:00,0.103,8.7,0.33,30.9,正常,0
HZ007445,杭州,上城区,近江家园,2026-08-01 02:00,0.015,1.3,0.35,27.9,正常,0
HZ007446,杭州,萧山区,北干社区,2026-08-04 11:00,0.055,4.4,0.29,32.1,正常,0
HZ007447,杭州,钱塘区,下沙社区,2026-08-04 01:00,0.030,2.2,0.33,30.9,正常,0
HZ007448,杭州,临平区,南苑小区,2026-08-04 11:00,0.058,4.6,0.31,32.8,正常,0
HZ007449,杭州,西湖区,文新社区,2026-08-05 02:00,0.015,1.0,0.33,28.6,正常,0
HZ007450,杭州,滨江区,白马湖社区,2026-08-07 12:00,0.053,4.2,0.38,32.7,正常,0
HZ007451,杭州,余杭区,仓前家园,2026-08-02 22:00,0.058,5.6,0.34,27.8,正常,0
HZ007452,杭州,拱墅区,半山家园,2026-08-03 05:00,0.030,2.2,0.38,28.2,正常,0
HZ007453,杭州,上城区,望江新园,2026-08-01 13:00,0.104,9.0,0.33,33.3,正常,0
HZ007454,杭州,萧山区,宁围佳境,2026-08-01 15:00,0.084,6.8,0.31,30.3,正常,0
HZ007455,杭州,钱塘区,大学城北社区,2026-08-06 15:00,0.037,3.5,0.38,32.8,正常,0
HZ007456,杭州,临平区,乔司家园,2026-08-02 09:00,0.113,8.3,0.36,27.1,正常,0
HZ007457,杭州,西湖区,文新社区,2026-08-04 05:00,0.020,1.8,0.32,28.7,正常,0
HZ007458,杭州,滨江区,滨康小区,2026-08-07 16:00,0.084,6.9,0.29,32.2,正常,0
HZ007459,杭州,余杭区,良渚文化村,2026-08-06 18:00,0.017,1.6,0.28,30.9,正常,0
HZ007460,杭州,拱墅区,湖墅家园,2026-08-02 02:00,0.021,1.8,0.34,29.0,正常,0
HZ007461,杭州,上城区,丁兰社区,2026-08-03 17:00,0.047,4.3,0.34,31.2,正常,0
HZ007462,杭州,萧山区,宁围佳境,2026-08-04 14:00,0.106,7.1,0.34,31.7,正常,0
HZ007463,杭州,钱塘区,河庄新苑,2026-08-02 20:00,0.146,9.7,0.37,28.9,正常,0
HZ007464,杭州,临平区,塘栖人家,2026-08-07 09:00,0.061,4.4,0.35,28.7,正常,0
HZ007465,杭州,西湖区,文新社区,2026-08-02 14:00,0.131,8.2,0.36,32.7,正常,0
HZ007466,杭州,滨江区,江南花园,2026-08-01 21:00,0.109,7.8,0.36,30.1,正常,0
HZ007467,杭州,余杭区,未来科技城社区,2026-08-02 06:00,0.011,1.1,0.34,30.5,正常,0
HZ007468,杭州,拱墅区,大关小区,2026-08-07 15:00,0.104,10.0,0.39,30.5,正常,0
HZ007469,杭州,上城区,望江新园,2026-08-04 17:00,0.324,17.2,0.35,30.8,异常,1
HZ007470,杭州,萧山区,湘湖家园,2026-08-07 14:00,0.046,4.4,0.36,31.3,正常,0
HZ007471,杭州,钱塘区,江东家园,2026-08-06 16:00,0.082,7.4,0.29,32.6,正常,0
HZ007472,杭州,临平区,乔司家园,2026-08-07 01:00,0.014,1.1,0.29,27.8,正常,0
HZ007473,杭州,西湖区,文新社区,2026-08-03 08:00,0.012,0.8,0.29,30.4,正常,0
HZ007474,杭州,滨江区,滨康小区,2026-08-02 15:00,0.083,6.3,0.30,31.2,正常,0
HZ007475,杭州,余杭区,良渚文化村,2026-08-06 06:00,0.038,2.4,0.30,29.1,正常,0
HZ007476,杭州,拱墅区,运河新城社区,2026-08-05 21:00,0.104,8.9,0.37,27.3,正常,0
HZ007477,杭州,上城区,采荷小区,2026-08-03 09:00,0.019,1.3,0.30,30.9,正常,0
HZ007478,杭州,萧山区,钱江世纪城社区,2026-08-03 19:00,0.100,6.8,0.32,27.8,正常,0
HZ007479,杭州,钱塘区,江东家园,2026-08-07 16:00,0.122,8.5,0.39,32.0,正常,0
HZ007480,杭州,临平区,塘栖人家,2026-08-04 00:00,0.006,0.4,0.35,27.9,正常,0
HZ007481,杭州,西湖区,三墩新天地,2026-08-02 04:00,0.007,0.5,0.34,27.7,正常,0
HZ007482,杭州,滨江区,钱塘春晓,2026-08-01 11:00,0.080,5.9,0.33,33.6,正常,0
HZ007483,杭州,余杭区,未来科技城社区,2026-08-03 10:00,0.044,4.1,0.36,27.7,正常,0
HZ007484,杭州,拱墅区,大关小区,2026-08-05 00:00,0.015,1.3,0.35,30.0,正常,0
HZ007485,杭州,上城区,近江家园,2026-08-07 20:00,0.039,2.6,0.35,28.0,正常,0
HZ007486,杭州,萧山区,宁围佳境,2026-08-04 22:00,0.090,7.3,0.35,30.6,正常,0
HZ007487,杭州,钱塘区,下沙社区,2026-08-07 22:00,0.076,6.3,0.33,28.3,正常,0
HZ007488,杭州,临平区,塘栖人家,2026-08-03 03:00,0.013,0.9,0.35,31.0,正常,0
HZ007489,杭州,西湖区,文新社区,2026-08-07 19:00,0.038,2.4,0.33,28.7,正常,0
HZ007490,杭州,滨江区,钱塘春晓,2026-08-04 05:00,0.019,1.7,0.36,29.5,正常,0
HZ007491,杭州,余杭区,良渚文化村,2026-08-03 23:00,0.137,9.0,0.38,28.0,正常,0
HZ007492,杭州,拱墅区,湖墅家园,2026-08-01 06:00,0.069,6.3,0.34,29.6,正常,0
HZ007493,杭州,上城区,采荷小区,2026-08-04 19:00,0.103,7.5,0.37,27.7,正常,0
HZ007494,杭州,萧山区,宁围佳境,2026-08-05 20:00,0.014,1.1,0.30,28.9,正常,0
HZ007495,杭州,钱塘区,大学城北社区,2026-08-01 17:00,0.117,8.6,0.35,31.8,正常,0
HZ007496,杭州,临平区,南苑小区,2026-08-04 18:00,0.039,3.3,0.28,27.3,正常,0
HZ007497,杭州,西湖区,文新社区,2026-08-04 09:00,0.057,4.3,0.31,30.8,正常,0
HZ007498,杭州,滨江区,滨康小区,2026-08-02 07:00,0.029,2.3,0.35,28.0,正常,0
HZ007499,杭州,余杭区,良渚文化村,2026-08-07 04:00,0.025,1.6,0.38,30.9,正常,0
HZ007500,杭州,拱墅区,运河新城社区,2026-08-05 08:00,0.146,9.9,0.37,28.8,正常,0
HZ007501,杭州,上城区,近江家园,2026-08-02 20:00,0.048,4.3,0.36,27.5,正常,0
HZ007502,杭州,萧山区,钱江世纪城社区,2026-08-01 20:00,0.105,8.5,0.35,27.9,正常,0
HZ007503,杭州,钱塘区,下沙社区,2026-08-05 03:00,0.018,1.2,0.29,28.3,正常,0
HZ007504,杭州,临平区,南苑小区,2026-08-03 22:00,0.111,7.0,0.35,27.9,正常,0
HZ007505,杭州,西湖区,翠苑小区,2026-08-03 13:00,0.096,9.1,0.37,33.4,正常,0
HZ007506,杭州,滨江区,滨康小区,2026-08-05 20:00,0.013,1.1,0.34,30.4,正常,0
HZ007507,杭州,余杭区,良渚文化村,2026-08-05 05:00,0.005,0.3,0.31,31.0,正常,0
HZ007508,杭州,拱墅区,运河新城社区,2026-08-02 07:00,0.079,7.3,0.32,28.9,正常,0
HZ007509,杭州,上城区,丁兰社区,2026-08-05 14:00,0.013,1.2,0.35,30.2,正常,0
HZ007510,杭州,萧山区,湘湖家园,2026-08-04 06:00,0.130,9.8,0.28,30.4,正常,0
HZ007511,杭州,钱塘区,下沙社区,2026-08-05 00:00,0.030,2.1,0.31,28.2,正常,0
HZ007512,杭州,临平区,星桥社区,2026-08-05 18:00,0.087,6.0,0.37,29.0,正常,0
HZ007513,杭州,西湖区,三墩新天地,2026-08-07 06:00,0.047,3.2,0.34,29.2,正常,0
HZ007514,杭州,滨江区,滨康小区,2026-08-03 01:00,0.007,0.7,0.35,27.1,正常,0
HZ007515,杭州,余杭区,未来科技城社区,2026-08-01 21:00,0.070,5.9,0.39,27.8,正常,0
HZ007516,杭州,拱墅区,大关小区,2026-08-01 21:00,0.028,2.6,0.30,27.4,正常,0
HZ007517,杭州,上城区,丁兰社区,2026-08-02 09:00,0.087,6.6,0.38,27.3,正常,0
HZ007518,杭州,萧山区,湘湖家园,2026-08-06 11:00,0.112,9.2,0.34,32.4,正常,0
HZ007519,杭州,钱塘区,河庄新苑,2026-08-05 19:00,0.044,3.5,0.37,27.8,正常,0
HZ007520,杭州,临平区,南苑小区,2026-08-05 19:00,0.095,7.0,0.30,29.0,正常,0
HZ007521,杭州,西湖区,转塘家园,2026-08-05 15:00,0.090,7.1,0.35,32.1,正常,0
HZ007522,杭州,滨江区,白马湖社区,2026-08-03 09:00,0.099,9.6,0.33,27.2,正常,0
HZ007523,杭州,余杭区,仓前家园,2026-08-03 10:00,0.067,4.6,0.39,28.2,正常,0
HZ007524,杭州,拱墅区,大关小区,2026-08-04 22:00,0.102,8.5,0.12,29.8,异常,1
HZ007525,杭州,上城区,望江新园,2026-08-03 12:00,0.109,9.6,0.28,33.1,正常,0
HZ007526,杭州,萧山区,宁围佳境,2026-08-07 11:00,0.074,5.5,0.36,33.1,正常,0
HZ007527,杭州,钱塘区,下沙社区,2026-08-02 08:00,0.034,3.3,0.29,29.4,正常,0
HZ007528,杭州,临平区,南苑小区,2026-08-06 22:00,0.077,5.9,0.32,28.0,正常,0
HZ007529,杭州,西湖区,三墩新天地,2026-08-06 17:00,0.021,2.0,0.34,31.7,正常,0
HZ007530,杭州,滨江区,白马湖社区,2026-08-04 11:00,0.056,5.4,0.34,30.8,正常,0
HZ007531,杭州,余杭区,未来科技城社区,2026-08-07 09:00,0.126,9.3,0.37,29.1,正常,0
HZ007532,杭州,拱墅区,湖墅家园,2026-08-05 16:00,0.048,3.0,0.29,32.2,正常,0
HZ007533,杭州,上城区,近江家园,2026-08-03 16:00,0.094,8.5,0.34,33.9,正常,0
HZ007534,杭州,萧山区,湘湖家园,2026-08-03 22:00,0.018,1.2,0.35,29.1,正常,0
HZ007535,杭州,钱塘区,江东家园,2026-08-04 07:00,0.042,2.8,0.31,29.5,正常,0
HZ007536,杭州,临平区,塘栖人家,2026-08-01 18:00,0.108,7.6,0.32,30.7,正常,0
HZ007537,杭州,西湖区,三墩新天地,2026-08-05 08:00,0.129,8.2,0.31,29.3,正常,0
HZ007538,杭州,滨江区,白马湖社区,2026-08-01 00:00,0.010,0.8,0.32,28.4,正常,0
HZ007539,杭州,余杭区,良渚文化村,2026-08-02 14:00,0.015,1.1,0.36,30.5,正常,0
HZ007540,杭州,拱墅区,运河新城社区,2026-08-01 07:00,0.081,7.3,0.28,28.2,正常,0
HZ007541,杭州,上城区,丁兰社区,2026-08-04 22:00,0.140,9.1,0.36,30.7,正常,0
HZ007542,杭州,萧山区,宁围佳境,2026-08-06 17:00,0.074,5.9,0.32,31.0,正常,0
HZ007543,杭州,钱塘区,河庄新苑,2026-08-03 08:00,0.104,10.1,0.36,27.3,正常,0
HZ007544,杭州,临平区,南苑小区,2026-08-06 14:00,0.119,9.9,0.28,31.2,正常,0
HZ007545,杭州,西湖区,文新社区,2026-08-06 15:00,0.120,7.6,0.38,31.7,正常,0
HZ007546,杭州,滨江区,滨康小区,2026-08-03 07:00,0.044,3.8,0.34,30.6,正常,0
HZ007547,杭州,余杭区,良渚文化村,2026-08-03 18:00,0.043,2.9,0.38,30.1,正常,0
HZ007548,杭州,拱墅区,半山家园,2026-08-01 09:00,0.052,4.8,0.34,28.8,正常,0
HZ007549,杭州,上城区,采荷小区,2026-08-02 00:00,0.027,2.3,0.30,28.5,正常,0
HZ007550,杭州,萧山区,钱江世纪城社区,2026-08-05 06:00,0.017,1.7,0.37,28.9,正常,0
HZ007551,杭州,钱塘区,江东家园,2026-08-05 01:00,0.026,2.0,0.31,29.9,正常,0
HZ007552,杭州,临平区,南苑小区,2026-08-07 02:00,0.002,0.1,0.32,27.3,正常,0
HZ007553,杭州,西湖区,转塘家园,2026-08-06 04:00,0.031,2.1,0.36,28.4,正常,0
HZ007554,杭州,滨江区,白马湖社区,2026-08-01 16:00,0.012,0.8,0.31,34.0,正常,0
HZ007555,杭州,余杭区,未来科技城社区,2026-08-03 19:00,0.117,10.1,0.31,28.3,正常,0
HZ007556,杭州,拱墅区,湖墅家园,2026-08-05 20:00,0.060,4.5,0.28,29.4,正常,0
HZ007557,杭州,上城区,丁兰社区,2026-08-07 06:00,0.286,18.3,0.29,28.8,异常,1
HZ007558,杭州,萧山区,宁围佳境,2026-08-05 23:00,0.031,2.2,0.30,30.8,正常,0
HZ007559,杭州,钱塘区,大学城北社区,2026-08-01 07:00,0.085,5.6,0.36,29.1,正常,0
HZ007560,杭州,临平区,星桥社区,2026-08-04 19:00,0.113,8.0,0.35,28.5,正常,0
HZ007561,杭州,西湖区,三墩新天地,2026-08-05 03:00,0.003,0.2,0.36,28.7,正常,0
HZ007562,杭州,滨江区,滨康小区,2026-08-03 14:00,0.080,5.8,0.39,33.0,正常,0
HZ007563,杭州,余杭区,仓前家园,2026-08-03 15:00,0.041,3.5,0.29,30.1,正常,0
HZ007564,杭州,拱墅区,半山家园,2026-08-03 02:00,0.002,0.1,0.36,28.0,正常,0
HZ007565,杭州,上城区,近江家园,2026-08-06 15:00,0.083,5.3,0.35,33.5,正常,0
HZ007566,杭州,萧山区,湘湖家园,2026-08-02 11:00,0.036,3.5,0.12,31.0,异常,1
HZ007567,杭州,钱塘区,下沙社区,2026-08-04 18:00,0.037,2.5,0.30,29.9,正常,0
HZ007568,杭州,临平区,乔司家园,2026-08-07 18:00,0.057,4.5,0.33,30.1,正常,0
HZ007569,杭州,西湖区,文新社区,2026-08-03 15:00,0.051,3.6,0.33,31.8,正常,0
HZ007570,杭州,滨江区,江南花园,2026-08-02 14:00,0.043,3.0,0.35,32.0,正常,0
HZ007571,杭州,余杭区,仓前家园,2026-08-01 21:00,0.043,2.9,0.35,28.3,正常,0
HZ007572,杭州,拱墅区,大关小区,2026-08-04 04:00,0.015,1.1,0.31,30.5,正常,0
HZ007573,杭州,上城区,近江家园,2026-08-02 17:00,0.106,6.8,0.33,31.0,正常,0
HZ007574,杭州,萧山区,钱江世纪城社区,2026-08-07 18:00,0.032,2.3,0.54,27.7,异常,1
HZ007575,杭州,钱塘区,下沙社区,2026-08-04 16:00,0.155,9.9,0.38,33.6,正常,0
HZ007576,杭州,临平区,南苑小区,2026-08-05 13:00,0.088,6.5,0.33,33.9,正常,0
HZ007577,杭州,西湖区,三墩新天地,2026-08-01 14:00,0.107,8.8,0.38,31.7,正常,0
HZ007578,杭州,滨江区,滨康小区,2026-08-02 18:00,0.088,6.2,0.28,27.6,正常,0
HZ007579,杭州,余杭区,未来科技城社区,2026-08-03 23:00,0.075,7.2,0.38,29.1,正常,0
HZ007580,杭州,拱墅区,大关小区,2026-08-02 09:00,0.031,2.0,0.29,30.5,正常,0
HZ007581,杭州,上城区,丁兰社区,2026-08-01 03:00,0.004,0.3,0.29,30.6,正常,0
HZ007582,杭州,萧山区,宁围佳境,2026-08-06 03:00,0.024,2.0,0.32,29.5,正常,0
HZ007583,杭州,钱塘区,下沙社区,2026-08-05 04:00,0.022,1.6,0.33,28.2,正常,0
HZ007584,杭州,临平区,星桥社区,2026-08-07 03:00,0.017,1.1,0.32,27.5,正常,0
HZ007585,杭州,西湖区,三墩新天地,2026-08-04 08:00,0.123,9.0,0.39,29.8,正常,0
HZ007586,杭州,滨江区,江南花园,2026-08-05 18:00,0.086,6.8,0.33,27.2,正常,0
HZ007587,杭州,余杭区,仓前家园,2026-08-02 06:00,0.032,2.4,0.31,29.8,正常,0
HZ007588,杭州,拱墅区,湖墅家园,2026-08-06 14:00,0.067,4.5,0.49,31.5,异常,1
HZ007589,杭州,上城区,采荷小区,2026-08-03 10:00,0.009,0.9,0.30,30.3,正常,0
HZ007590,杭州,萧山区,北干社区,2026-08-07 14:00,0.080,5.9,0.34,30.1,正常,0
HZ007591,杭州,钱塘区,河庄新苑,2026-08-04 20:00,0.059,4.8,0.33,28.3,正常,0
HZ007592,杭州,临平区,南苑小区,2026-08-06 06:00,0.049,4.9,0.38,30.9,正常,0
HZ007593,杭州,西湖区,翠苑小区,2026-08-01 17:00,0.041,4.1,0.29,31.6,正常,0
HZ007594,杭州,滨江区,钱塘春晓,2026-08-01 23:00,0.121,8.2,0.38,28.3,正常,0
HZ007595,杭州,余杭区,闲林山水,2026-08-06 00:00,0.009,0.6,0.36,28.8,正常,0
HZ007596,杭州,拱墅区,运河新城社区,2026-08-01 17:00,0.132,9.3,0.28,33.1,正常,0
HZ007597,杭州,上城区,采荷小区,2026-08-01 06:00,0.040,2.6,0.30,27.3,正常,0
HZ007598,杭州,萧山区,北干社区,2026-08-07 14:00,0.119,9.0,0.29,31.7,正常,0
HZ007599,杭州,钱塘区,下沙社区,2026-08-05 21:00,0.120,8.6,0.36,29.9,正常,0
HZ007600,杭州,临平区,塘栖人家,2026-08-02 08:00,0.116,7.8,0.37,29.5,正常,0
HZ007601,杭州,西湖区,翠苑小区,2026-08-03 07:00,0.096,6.9,0.28,28.4,正常,0
HZ007602,杭州,滨江区,白马湖社区,2026-08-01 10:00,0.095,9.1,0.31,29.2,正常,0
HZ007603,杭州,余杭区,良渚文化村,2026-08-03 03:00,0.014,1.0,0.38,30.3,正常,0
HZ007604,杭州,拱墅区,大关小区,2026-08-05 11:00,0.056,4.9,0.34,32.0,正常,0
HZ007605,杭州,上城区,丁兰社区,2026-08-07 02:00,0.019,1.2,0.30,29.7,正常,0
HZ007606,杭州,萧山区,北干社区,2026-08-03 01:00,0.019,1.8,0.34,30.1,正常,0
HZ007607,杭州,钱塘区,下沙社区,2026-08-06 03:00,0.019,1.5,0.32,29.2,正常,0
HZ007608,杭州,临平区,塘栖人家,2026-08-07 08:00,0.017,1.2,0.35,27.6,正常,0
HZ007609,杭州,西湖区,三墩新天地,2026-08-04 13:00,0.119,8.2,0.30,30.1,正常,0
HZ007610,杭州,滨江区,江南花园,2026-08-06 23:00,0.088,7.6,0.34,30.4,正常,0
HZ007611,杭州,余杭区,良渚文化村,2026-08-03 12:00,0.044,3.5,0.37,31.9,正常,0
HZ007612,杭州,拱墅区,半山家园,2026-08-07 16:00,0.029,2.6,0.55,32.8,异常,1
HZ007613,杭州,上城区,采荷小区,2026-08-06 11:00,0.030,2.9,0.34,33.0,正常,0
HZ007614,杭州,萧山区,湘湖家园,2026-08-06 23:00,0.050,4.6,0.35,27.3,正常,0
HZ007615,杭州,钱塘区,江东家园,2026-08-05 05:00,0.006,0.5,0.37,30.5,正常,0
HZ007616,杭州,临平区,塘栖人家,2026-08-04 06:00,0.018,1.3,0.37,30.2,正常,0
HZ007617,杭州,西湖区,文新社区,2026-08-01 06:00,0.042,2.8,0.29,28.2,正常,0
HZ007618,杭州,滨江区,滨康小区,2026-08-06 03:00,0.014,0.9,0.37,27.9,正常,0
HZ007619,杭州,余杭区,良渚文化村,2026-08-07 04:00,0.027,1.7,0.31,29.8,正常,0
HZ007620,杭州,拱墅区,湖墅家园,2026-08-04 01:00,0.013,1.1,0.31,27.6,正常,0
HZ007621,杭州,上城区,丁兰社区,2026-08-01 13:00,0.033,3.1,0.38,32.1,正常,0
HZ007622,杭州,萧山区,宁围佳境,2026-08-02 20:00,0.046,3.9,0.31,27.3,正常,0
HZ007623,杭州,钱塘区,江东家园,2026-08-02 20:00,0.080,7.8,0.34,27.5,正常,0
HZ007624,杭州,临平区,乔司家园,2026-08-07 10:00,0.052,5.0,0.38,29.0,正常,0
HZ007625,杭州,西湖区,翠苑小区,2026-08-04 23:00,0.107,9.9,0.33,30.8,正常,0
HZ007626,杭州,滨江区,白马湖社区,2026-08-01 08:00,0.120,10.1,0.33,30.4,正常,0
HZ007627,杭州,余杭区,未来科技城社区,2026-08-01 18:00,0.151,10.1,0.31,28.6,正常,0
HZ007628,杭州,拱墅区,大关小区,2026-08-02 13:00,0.053,4.4,0.28,30.0,正常,0
HZ007629,杭州,上城区,丁兰社区,2026-08-06 16:00,0.080,7.0,0.32,30.0,正常,0
HZ007630,杭州,萧山区,湘湖家园,2026-08-02 06:00,0.120,9.8,0.16,28.1,异常,1
HZ007631,杭州,钱塘区,下沙社区,2026-08-07 09:00,0.108,9.1,0.38,30.4,正常,0
HZ007632,杭州,临平区,乔司家园,2026-08-03 08:00,0.112,10.0,0.36,28.5,正常,0
HZ007633,杭州,西湖区,文新社区,2026-08-04 23:00,0.110,7.1,0.35,27.3,正常,0
HZ007634,杭州,滨江区,白马湖社区,2026-08-04 12:00,0.078,5.2,0.35,32.1,正常,0
HZ007635,杭州,余杭区,仓前家园,2026-08-03 04:00,0.001,0.1,0.36,30.5,正常,0
HZ007636,杭州,拱墅区,湖墅家园,2026-08-02 23:00,0.009,0.8,0.54,30.0,异常,1
HZ007637,杭州,上城区,丁兰社区,2026-08-03 12:00,0.083,5.5,0.38,32.6,正常,0
HZ007638,杭州,萧山区,北干社区,2026-08-04 04:00,0.027,1.7,0.29,27.0,正常,0
HZ007639,杭州,钱塘区,江东家园,2026-08-04 18:00,0.147,9.8,0.33,29.4,正常,0
HZ007640,杭州,临平区,南苑小区,2026-08-01 00:00,0.003,0.2,0.38,27.4,正常,0
HZ007641,杭州,西湖区,三墩新天地,2026-08-03 21:00,0.111,9.7,0.38,27.6,正常,0
HZ007642,杭州,滨江区,江南花园,2026-08-06 10:00,0.105,8.1,0.29,27.1,正常,0
HZ007643,杭州,余杭区,良渚文化村,2026-08-01 12:00,0.012,1.0,0.32,30.3,正常,0
HZ007644,杭州,拱墅区,运河新城社区,2026-08-06 09:00,0.019,1.7,0.37,30.8,正常,0
HZ007645,杭州,上城区,望江新园,2026-08-03 07:00,0.060,5.5,0.36,27.8,正常,0
HZ007646,杭州,萧山区,宁围佳境,2026-08-01 00:00,0.013,0.9,0.36,27.7,正常,0
HZ007647,杭州,钱塘区,大学城北社区,2026-08-07 17:00,0.115,8.8,0.28,30.5,正常,0
HZ007648,杭州,临平区,塘栖人家,2026-08-06 00:00,0.008,0.5,0.36,28.1,正常,0
HZ007649,杭州,西湖区,三墩新天地,2026-08-05 03:00,0.005,0.4,0.31,28.8,正常,0
HZ007650,杭州,滨江区,滨康小区,2026-08-03 10:00,0.052,3.3,0.36,28.3,正常,0
HZ007651,杭州,余杭区,良渚文化村,2026-08-04 17:00,0.050,3.5,0.29,30.6,正常,0
HZ007652,杭州,拱墅区,半山家园,2026-08-01 13:00,0.114,8.8,0.37,30.8,正常,0
HZ007653,杭州,上城区,采荷小区,2026-08-07 00:00,0.014,1.0,0.37,29.3,正常,0
HZ007654,杭州,萧山区,钱江世纪城社区,2026-08-07 19:00,0.084,6.7,0.36,27.6,正常,0
HZ007655,杭州,钱塘区,河庄新苑,2026-08-04 09:00,0.279,13.9,0.29,30.8,异常,1
HZ007656,杭州,临平区,塘栖人家,2026-08-05 11:00,0.024,1.9,0.37,30.5,正常,0
HZ007657,杭州,西湖区,三墩新天地,2026-08-03 12:00,0.107,6.8,0.36,32.1,正常,0
HZ007658,杭州,滨江区,江南花园,2026-08-03 21:00,0.044,3.3,0.31,28.1,正常,0
HZ007659,杭州,余杭区,闲林山水,2026-08-06 00:00,0.019,1.8,0.30,27.4,正常,0
HZ007660,杭州,拱墅区,大关小区,2026-08-02 00:00,0.024,2.0,0.31,30.1,正常,0
HZ007661,杭州,上城区,近江家园,2026-08-03 06:00,0.015,1.2,0.31,28.2,正常,0
HZ007662,杭州,萧山区,宁围佳境,2026-08-01 15:00,0.134,9.5,0.29,31.9,正常,0
HZ007663,杭州,钱塘区,江东家园,2026-08-06 05:00,0.024,1.7,0.32,29.3,正常,0
HZ007664,杭州,临平区,塘栖人家,2026-08-03 02:00,0.016,1.0,0.35,30.7,正常,0
HZ007665,杭州,西湖区,转塘家园,2026-08-04 13:00,0.052,4.6,0.32,33.2,正常,0
HZ007666,杭州,滨江区,白马湖社区,2026-08-01 19:00,0.080,7.0,0.36,28.5,正常,0
HZ007667,杭州,余杭区,仓前家园,2026-08-04 04:00,0.019,1.5,0.30,27.0,正常,0
HZ007668,杭州,拱墅区,大关小区,2026-08-01 02:00,0.013,0.9,0.32,29.1,正常,0
HZ007669,杭州,上城区,近江家园,2026-08-06 14:00,0.066,5.1,0.35,30.1,正常,0
HZ007670,杭州,萧山区,北干社区,2026-08-05 06:00,0.081,5.6,0.33,28.7,正常,0
HZ007671,杭州,钱塘区,大学城北社区,2026-08-04 09:00,0.074,5.0,0.34,28.8,正常,0
HZ007672,杭州,临平区,星桥社区,2026-08-01 08:00,0.088,8.3,0.37,30.3,正常,0
HZ007673,杭州,西湖区,转塘家园,2026-08-04 14:00,0.046,3.6,0.28,31.1,正常,0
HZ007674,杭州,滨江区,白马湖社区,2026-08-02 08:00,0.082,7.8,0.32,30.6,正常,0
HZ007675,杭州,余杭区,未来科技城社区,2026-08-04 08:00,0.023,1.6,0.38,28.5,正常,0
HZ007676,杭州,拱墅区,半山家园,2026-08-03 02:00,0.023,2.2,0.38,30.1,正常,0
HZ007677,杭州,上城区,望江新园,2026-08-03 21:00,0.050,3.7,0.32,28.8,正常,0
HZ007678,杭州,萧山区,湘湖家园,2026-08-01 09:00,0.142,10.0,0.30,29.5,正常,0
HZ007679,杭州,钱塘区,下沙社区,2026-08-05 07:00,0.096,6.1,0.36,27.1,正常,0
HZ007680,杭州,临平区,乔司家园,2026-08-02 10:00,0.041,2.8,0.37,28.3,正常,0
HZ007681,杭州,西湖区,文新社区,2026-08-02 19:00,0.080,6.6,0.28,30.8,正常,0
HZ007682,杭州,滨江区,钱塘春晓,2026-08-01 21:00,0.012,1.0,0.37,29.4,正常,0
HZ007683,杭州,余杭区,仓前家园,2026-08-05 22:00,0.014,1.2,0.34,28.2,正常,0
HZ007684,杭州,拱墅区,运河新城社区,2026-08-01 21:00,0.120,7.8,0.32,27.8,正常,0
HZ007685,杭州,上城区,近江家园,2026-08-07 19:00,0.093,7.8,0.35,28.1,正常,0
HZ007686,杭州,萧山区,宁围佳境,2026-08-02 18:00,0.117,8.9,0.19,30.7,异常,1
HZ007687,杭州,钱塘区,大学城北社区,2026-08-01 19:00,0.058,4.8,0.36,30.5,正常,0
HZ007688,杭州,临平区,南苑小区,2026-08-01 20:00,0.052,4.6,0.51,28.2,异常,1
HZ007689,杭州,西湖区,翠苑小区,2026-08-07 07:00,0.073,5.6,0.36,27.4,正常,0
HZ007690,杭州,滨江区,江南花园,2026-08-04 20:00,0.078,5.7,0.34,30.5,正常,0
HZ007691,杭州,余杭区,仓前家园,2026-08-04 20:00,0.055,4.8,0.37,27.1,正常,0
HZ007692,杭州,拱墅区,半山家园,2026-08-01 18:00,0.084,8.1,0.29,30.0,正常,0
HZ007693,杭州,上城区,望江新园,2026-08-07 15:00,0.107,8.4,0.37,33.9,正常,0
HZ007694,杭州,萧山区,北干社区,2026-08-03 05:00,0.015,0.9,0.32,29.1,正常,0
HZ007695,杭州,钱塘区,江东家园,2026-08-02 19:00,0.073,5.2,0.30,27.9,正常,0
HZ007696,杭州,临平区,塘栖人家,2026-08-02 11:00,0.167,10.5,0.31,32.1,正常,0
HZ007697,杭州,西湖区,转塘家园,2026-08-03 15:00,0.019,1.4,0.33,30.2,正常,0
HZ007698,杭州,滨江区,江南花园,2026-08-07 01:00,0.006,0.5,0.38,27.2,正常,0
HZ007699,杭州,余杭区,闲林山水,2026-08-07 03:00,0.026,1.8,0.38,30.6,正常,0
HZ007700,杭州,拱墅区,半山家园,2026-08-02 03:00,0.008,0.7,0.35,30.1,正常,0
HZ007701,杭州,上城区,望江新园,2026-08-05 14:00,0.131,8.2,0.36,33.1,正常,0
HZ007702,杭州,萧山区,湘湖家园,2026-08-06 01:00,0.024,2.1,0.29,28.4,正常,0
HZ007703,杭州,钱塘区,河庄新苑,2026-08-05 15:00,0.118,9.9,0.31,33.7,正常,0
HZ007704,杭州,临平区,南苑小区,2026-08-06 14:00,0.028,1.9,0.30,30.7,正常,0
HZ007705,杭州,西湖区,翠苑小区,2026-08-01 15:00,0.015,1.2,0.34,30.8,正常,0
HZ007706,杭州,滨江区,滨康小区,2026-08-03 20:00,0.102,8.1,0.34,29.1,正常,0
HZ007707,杭州,余杭区,未来科技城社区,2026-08-01 11:00,0.085,5.7,0.31,31.7,正常,0
HZ007708,杭州,拱墅区,湖墅家园,2026-08-01 04:00,0.032,2.0,0.32,29.2,正常,0
HZ007709,杭州,上城区,丁兰社区,2026-08-05 12:00,0.100,9.5,0.30,33.2,正常,0
HZ007710,杭州,萧山区,湘湖家园,2026-08-05 06:00,0.081,6.6,0.28,28.0,正常,0
HZ007711,杭州,钱塘区,江东家园,2026-08-05 02:00,0.009,0.7,0.34,27.6,正常,0
HZ007712,杭州,临平区,南苑小区,2026-08-06 11:00,0.026,2.1,0.33,32.2,正常,0
HZ007713,杭州,西湖区,文新社区,2026-08-03 12:00,0.066,4.8,0.34,32.6,正常,0
HZ007714,杭州,滨江区,滨康小区,2026-08-04 01:00,0.037,2.3,0.30,30.7,正常,0
HZ007715,杭州,余杭区,仓前家园,2026-08-02 12:00,0.020,1.9,0.37,30.6,正常,0
HZ007716,杭州,拱墅区,湖墅家园,2026-08-01 13:00,0.030,2.6,0.31,30.8,正常,0
HZ007717,杭州,上城区,丁兰社区,2026-08-03 10:00,0.414,23.5,0.36,28.1,异常,1
HZ007718,杭州,萧山区,北干社区,2026-08-07 08:00,0.070,6.0,0.35,28.8,正常,0
HZ007719,杭州,钱塘区,下沙社区,2026-08-02 07:00,0.031,2.9,0.37,27.2,正常,0
HZ007720,杭州,临平区,塘栖人家,2026-08-05 13:00,0.019,1.5,0.30,31.2,正常,0
HZ007721,杭州,西湖区,转塘家园,2026-08-02 19:00,0.066,6.5,0.37,28.3,正常,0
HZ007722,杭州,滨江区,白马湖社区,2026-08-05 06:00,0.037,2.8,0.35,30.5,正常,0
HZ007723,杭州,余杭区,闲林山水,2026-08-06 20:00,0.111,8.7,0.39,27.4,正常,0
HZ007724,杭州,拱墅区,大关小区,2026-08-05 21:00,0.017,1.3,0.30,29.4,正常,0
HZ007725,杭州,上城区,丁兰社区,2026-08-06 00:00,0.035,2.2,0.36,29.8,正常,0
HZ007726,杭州,萧山区,宁围佳境,2026-08-02 15:00,0.050,4.2,0.33,31.1,正常,0
HZ007727,杭州,钱塘区,大学城北社区,2026-08-07 11:00,0.014,1.0,0.35,30.7,正常,0
HZ007728,杭州,临平区,星桥社区,2026-08-03 19:00,0.015,1.2,0.34,30.9,正常,0
HZ007729,杭州,西湖区,转塘家园,2026-08-04 18:00,0.010,0.7,0.31,27.9,正常,0
HZ007730,杭州,滨江区,钱塘春晓,2026-08-05 13:00,0.066,4.3,0.14,31.1,异常,1
HZ007731,杭州,余杭区,未来科技城社区,2026-08-07 05:00,0.016,1.0,0.30,28.2,正常,0
HZ007732,杭州,拱墅区,湖墅家园,2026-08-04 05:00,0.029,2.0,0.29,30.3,正常,0
HZ007733,杭州,上城区,采荷小区,2026-08-03 08:00,0.019,1.3,0.37,30.5,正常,0
HZ007734,杭州,萧山区,北干社区,2026-08-01 11:00,0.144,9.9,0.34,33.8,正常,0
HZ007735,杭州,钱塘区,下沙社区,2026-08-05 22:00,0.029,2.5,0.31,27.0,正常,0
HZ007736,杭州,临平区,星桥社区,2026-08-07 01:00,0.008,0.5,0.29,27.1,正常,0
HZ007737,杭州,西湖区,文新社区,2026-08-02 01:00,0.028,1.9,0.36,30.9,正常,0
HZ007738,杭州,滨江区,钱塘春晓,2026-08-05 11:00,0.122,9.5,0.38,31.8,正常,0
HZ007739,杭州,余杭区,仓前家园,2026-08-01 14:00,0.045,3.7,0.34,30.4,正常,0
HZ007740,杭州,拱墅区,运河新城社区,2026-08-03 20:00,0.023,2.1,0.32,30.9,正常,0
HZ007741,杭州,上城区,望江新园,2026-08-06 11:00,0.017,1.1,0.37,32.6,正常,0
HZ007742,杭州,萧山区,北干社区,2026-08-03 22:00,0.032,2.4,0.30,27.6,正常,0
HZ007743,杭州,钱塘区,大学城北社区,2026-08-06 01:00,0.027,2.2,0.30,30.4,正常,0
HZ007744,杭州,临平区,乔司家园,2026-08-02 20:00,0.031,2.9,0.34,27.5,正常,0
HZ007745,杭州,西湖区,三墩新天地,2026-08-07 22:00,0.123,8.3,0.31,28.4,正常,0
HZ007746,杭州,滨江区,滨康小区,2026-08-07 13:00,0.045,3.4,0.37,33.0,正常,0
HZ007747,杭州,余杭区,良渚文化村,2026-08-02 08:00,0.091,7.8,0.34,27.7,正常,0
HZ007748,杭州,拱墅区,大关小区,2026-08-02 06:00,0.096,6.7,0.37,29.7,正常,0
HZ007749,杭州,上城区,近江家园,2026-08-06 10:00,0.094,7.5,0.33,30.5,正常,0
HZ007750,杭州,萧山区,宁围佳境,2026-08-03 11:00,0.128,9.4,0.29,32.8,正常,0
HZ007751,杭州,钱塘区,大学城北社区,2026-08-06 11:00,0.012,0.9,0.37,32.0,正常,0
HZ007752,杭州,临平区,星桥社区,2026-08-05 11:00,0.052,4.4,0.29,33.5,正常,0
HZ007753,杭州,西湖区,三墩新天地,2026-08-02 17:00,0.102,6.6,0.35,32.7,正常,0
HZ007754,杭州,滨江区,白马湖社区,2026-08-04 00:00,0.011,0.7,0.33,30.2,正常,0
HZ007755,杭州,余杭区,良渚文化村,2026-08-07 13:00,0.016,1.5,0.39,33.4,正常,0
HZ007756,杭州,拱墅区,湖墅家园,2026-08-01 16:00,0.101,6.6,0.29,31.5,正常,0
HZ007757,杭州,上城区,近江家园,2026-08-01 13:00,0.034,2.4,0.34,32.1,正常,0
HZ007758,杭州,萧山区,宁围佳境,2026-08-04 20:00,0.107,7.0,0.31,30.1,正常,0
HZ007759,杭州,钱塘区,河庄新苑,2026-08-02 14:00,0.110,8.6,0.31,33.4,正常,0
HZ007760,杭州,临平区,塘栖人家,2026-08-02 23:00,0.049,4.1,0.32,29.2,正常,0
HZ007761,杭州,西湖区,翠苑小区,2026-08-04 15:00,0.014,1.2,0.35,30.2,正常,0
HZ007762,杭州,滨江区,白马湖社区,2026-08-06 12:00,0.017,1.7,0.34,30.0,正常,0
HZ007763,杭州,余杭区,仓前家园,2026-08-07 01:00,0.025,1.7,0.34,30.6,正常,0
HZ007764,杭州,拱墅区,半山家园,2026-08-04 23:00,0.046,4.3,0.55,27.5,异常,1
HZ007765,杭州,上城区,采荷小区,2026-08-04 23:00,0.076,6.0,0.37,27.3,正常,0
HZ007766,杭州,萧山区,钱江世纪城社区,2026-08-01 07:00,0.083,7.4,0.30,30.3,正常,0
HZ007767,杭州,钱塘区,下沙社区,2026-08-03 20:00,0.058,4.9,0.30,28.6,正常,0
HZ007768,杭州,临平区,南苑小区,2026-08-06 23:00,0.086,6.8,0.34,30.8,正常,0
HZ007769,杭州,西湖区,三墩新天地,2026-08-04 11:00,0.075,7.0,0.37,31.7,正常,0
HZ007770,杭州,滨江区,江南花园,2026-08-04 04:00,0.022,1.9,0.34,29.0,正常,0
HZ007771,杭州,余杭区,未来科技城社区,2026-08-02 03:00,0.404,23.4,0.32,30.2,异常,1
HZ007772,杭州,拱墅区,湖墅家园,2026-08-03 01:00,0.005,0.4,0.35,30.0,正常,0
HZ007773,杭州,上城区,近江家园,2026-08-04 18:00,0.064,5.9,0.37,28.7,正常,0
HZ007774,杭州,萧山区,宁围佳境,2026-08-01 23:00,0.160,10.4,0.30,27.2,正常,0
HZ007775,杭州,钱塘区,河庄新苑,2026-08-01 10:00,0.207,13.4,0.34,30.8,异常,1
HZ007776,杭州,临平区,南苑小区,2026-08-04 09:00,0.079,5.5,0.32,27.2,正常,0
HZ007777,杭州,西湖区,翠苑小区,2026-08-02 07:00,0.055,4.9,0.38,29.8,正常,0
HZ007778,杭州,滨江区,白马湖社区,2026-08-04 12:00,0.014,0.9,0.33,31.8,正常,0
HZ007779,杭州,余杭区,闲林山水,2026-08-04 10:00,0.105,9.1,0.37,28.1,正常,0
HZ007780,杭州,拱墅区,大关小区,2026-08-05 12:00,0.120,8.1,0.31,33.6,正常,0
HZ007781,杭州,上城区,丁兰社区,2026-08-05 09:00,0.073,6.6,0.32,30.3,正常,0
HZ007782,杭州,萧山区,湘湖家园,2026-08-04 19:00,0.018,1.4,0.35,27.6,正常,0
HZ007783,杭州,钱塘区,江东家园,2026-08-07 04:00,0.029,2.0,0.32,30.0,正常,0
HZ007784,杭州,临平区,星桥社区,2026-08-07 15:00,0.151,9.7,0.36,33.9,正常,0
HZ007785,杭州,西湖区,翠苑小区,2026-08-01 04:00,0.023,1.9,0.32,28.3,正常,0
HZ007786,杭州,滨江区,江南花园,2026-08-07 16:00,0.098,6.9,0.38,31.5,正常,0
HZ007787,杭州,余杭区,良渚文化村,2026-08-04 06:00,0.097,7.0,0.30,27.3,正常,0
HZ007788,杭州,拱墅区,大关小区,2026-08-01 02:00,0.025,1.7,0.37,27.4,正常,0
HZ007789,杭州,上城区,丁兰社区,2026-08-07 20:00,0.124,9.1,0.37,27.7,正常,0
HZ007790,杭州,萧山区,湘湖家园,2026-08-06 18:00,0.051,3.3,0.29,29.8,正常,0
HZ007791,杭州,钱塘区,河庄新苑,2026-08-05 04:00,0.004,0.4,0.36,29.7,正常,0
HZ007792,杭州,临平区,星桥社区,2026-08-03 06:00,0.093,7.6,0.30,30.7,正常,0
HZ007793,杭州,西湖区,转塘家园,2026-08-06 00:00,0.014,1.3,0.33,29.7,正常,0
HZ007794,杭州,滨江区,江南花园,2026-08-04 03:00,0.010,0.6,0.37,30.4,正常,0
HZ007795,杭州,余杭区,未来科技城社区,2026-08-04 02:00,0.006,0.4,0.30,27.5,正常,0
HZ007796,杭州,拱墅区,湖墅家园,2026-08-03 02:00,0.005,0.3,0.36,28.1,正常,0
HZ007797,杭州,上城区,采荷小区,2026-08-06 03:00,0.001,0.1,0.34,29.4,正常,0
HZ007798,杭州,萧山区,宁围佳境,2026-08-07 11:00,0.064,4.5,0.36,30.7,正常,0
HZ007799,杭州,钱塘区,下沙社区,2026-08-07 09:00,0.077,5.9,0.38,27.7,正常,0
HZ007800,杭州,临平区,乔司家园,2026-08-07 08:00,0.023,2.0,0.29,27.8,正常,0
HZ007801,杭州,西湖区,三墩新天地,2026-08-04 15:00,0.114,10.5,0.31,32.4,正常,0
HZ007802,杭州,滨江区,钱塘春晓,2026-08-03 05:00,0.004,0.3,0.38,29.6,正常,0
HZ007803,杭州,余杭区,未来科技城社区,2026-08-05 14:00,0.463,24.3,0.36,33.5,异常,1
HZ007804,杭州,拱墅区,运河新城社区,2026-08-05 08:00,0.130,10.5,0.34,28.2,正常,0
HZ007805,杭州,上城区,望江新园,2026-08-06 05:00,0.014,1.1,0.28,28.5,正常,0
HZ007806,杭州,萧山区,宁围佳境,2026-08-05 07:00,0.080,6.2,0.31,27.4,正常,0
HZ007807,杭州,钱塘区,大学城北社区,2026-08-07 18:00,0.017,1.3,0.33,28.9,正常,0
HZ007808,杭州,临平区,乔司家园,2026-08-04 00:00,0.008,0.7,0.35,30.5,正常,0
HZ007809,杭州,西湖区,文新社区,2026-08-03 20:00,0.057,3.8,0.35,30.3,正常,0
HZ007810,杭州,滨江区,钱塘春晓,2026-08-01 16:00,0.014,1.3,0.39,32.3,正常,0
HZ007811,杭州,余杭区,闲林山水,2026-08-01 01:00,0.001,0.1,0.33,30.0,正常,0
HZ007812,杭州,拱墅区,半山家园,2026-08-07 19:00,0.098,7.9,0.33,29.2,正常,0
HZ007813,杭州,上城区,近江家园,2026-08-07 21:00,0.086,7.7,0.30,27.8,正常,0
HZ007814,杭州,萧山区,湘湖家园,2026-08-07 05:00,0.007,0.7,0.32,29.0,正常,0
HZ007815,杭州,钱塘区,下沙社区,2026-08-07 10:00,0.100,7.6,0.38,29.1,正常,0
HZ007816,杭州,临平区,南苑小区,2026-08-02 01:00,0.012,0.8,0.34,27.3,正常,0
HZ007817,杭州,西湖区,文新社区,2026-08-06 12:00,0.027,1.8,0.32,31.3,正常,0
HZ007818,杭州,滨江区,滨康小区,2026-08-06 03:00,0.005,0.4,0.37,29.3,正常,0
HZ007819,杭州,余杭区,未来科技城社区,2026-08-01 14:00,0.048,3.3,0.34,32.8,正常,0
HZ007820,杭州,拱墅区,湖墅家园,2026-08-03 19:00,0.014,1.2,0.39,29.6,正常,0
HZ007821,杭州,上城区,采荷小区,2026-08-02 15:00,0.102,8.5,0.37,30.7,正常,0
HZ007822,杭州,萧山区,北干社区,2026-08-05 14:00,0.122,9.0,0.34,30.8,正常,0
HZ007823,杭州,钱塘区,河庄新苑,2026-08-07 07:00,0.090,8.6,0.28,28.6,正常,0
HZ007824,杭州,临平区,塘栖人家,2026-08-05 16:00,0.014,1.0,0.37,30.1,正常,0
HZ007825,杭州,西湖区,翠苑小区,2026-08-01 02:00,0.010,0.9,0.30,28.9,正常,0
HZ007826,杭州,滨江区,白马湖社区,2026-08-05 20:00,0.104,8.8,0.34,29.7,正常,0
HZ007827,杭州,余杭区,良渚文化村,2026-08-04 05:00,0.026,2.1,0.28,28.7,正常,0
HZ007828,杭州,拱墅区,湖墅家园,2026-08-04 06:00,0.019,1.3,0.28,29.5,正常,0
HZ007829,杭州,上城区,采荷小区,2026-08-07 01:00,0.394,21.9,0.36,30.6,异常,1
HZ007830,杭州,萧山区,钱江世纪城社区,2026-08-02 18:00,0.122,8.4,0.29,30.5,正常,0
HZ007831,杭州,钱塘区,江东家园,2026-08-07 22:00,0.096,7.4,0.32,30.9,正常,0
HZ007832,杭州,临平区,星桥社区,2026-08-06 13:00,0.113,7.7,0.37,33.6,正常,0
HZ007833,杭州,西湖区,文新社区,2026-08-07 15:00,0.096,7.5,0.32,32.1,正常,0
HZ007834,杭州,滨江区,白马湖社区,2026-08-02 07:00,0.111,10.5,0.35,27.5,正常,0
HZ007835,杭州,余杭区,未来科技城社区,2026-08-06 06:00,0.103,6.8,0.31,28.1,正常,0
HZ007836,杭州,拱墅区,半山家园,2026-08-06 20:00,0.045,4.3,0.36,28.8,正常,0
HZ007837,杭州,上城区,望江新园,2026-08-05 01:00,0.014,1.3,0.38,28.6,正常,0
HZ007838,杭州,萧山区,湘湖家园,2026-08-06 14:00,0.061,4.0,0.37,31.8,正常,0
HZ007839,杭州,钱塘区,大学城北社区,2026-08-01 19:00,0.016,1.2,0.38,29.0,正常,0
HZ007840,杭州,临平区,乔司家园,2026-08-02 07:00,0.122,9.7,0.30,29.2,正常,0
HZ007841,杭州,西湖区,翠苑小区,2026-08-02 17:00,0.020,1.9,0.36,32.0,正常,0
HZ007842,杭州,滨江区,钱塘春晓,2026-08-04 03:00,0.019,1.7,0.39,28.2,正常,0
HZ007843,杭州,余杭区,未来科技城社区,2026-08-01 20:00,0.018,1.6,0.29,27.8,正常,0
HZ007844,杭州,拱墅区,湖墅家园,2026-08-01 08:00,0.110,7.3,0.29,30.7,正常,0
HZ007845,杭州,上城区,采荷小区,2026-08-05 19:00,0.062,4.3,0.35,30.3,正常,0
HZ007846,杭州,萧山区,钱江世纪城社区,2026-08-03 00:00,0.012,0.8,0.31,30.8,正常,0
HZ007847,杭州,钱塘区,下沙社区,2026-08-01 23:00,0.114,8.3,0.31,29.8,正常,0
HZ007848,杭州,临平区,塘栖人家,2026-08-03 16:00,0.120,8.8,0.38,32.2,正常,0
HZ007849,杭州,西湖区,三墩新天地,2026-08-07 23:00,0.021,2.0,0.34,28.3,正常,0
HZ007850,杭州,滨江区,滨康小区,2026-08-01 08:00,0.047,3.3,0.35,29.3,正常,0
HZ007851,杭州,余杭区,仓前家园,2026-08-05 16:00,0.117,9.9,0.28,32.2,正常,0
HZ007852,杭州,拱墅区,湖墅家园,2026-08-02 07:00,0.035,2.3,0.31,30.2,正常,0
HZ007853,杭州,上城区,采荷小区,2026-08-06 02:00,0.018,1.5,0.29,27.4,正常,0
HZ007854,杭州,萧山区,宁围佳境,2026-08-03 14:00,0.008,0.8,0.33,33.2,正常,0
HZ007855,杭州,钱塘区,江东家园,2026-08-02 21:00,0.107,8.5,0.30,30.7,正常,0
HZ007856,杭州,临平区,星桥社区,2026-08-03 09:00,0.018,1.6,0.38,27.5,正常,0
HZ007857,杭州,西湖区,转塘家园,2026-08-01 13:00,0.092,8.7,0.36,32.9,正常,0
HZ007858,杭州,滨江区,白马湖社区,2026-08-05 12:00,0.066,6.4,0.29,30.4,正常,0
HZ007859,杭州,余杭区,未来科技城社区,2026-08-04 11:00,0.075,5.5,0.30,31.1,正常,0
HZ007860,杭州,拱墅区,大关小区,2026-08-01 07:00,0.010,0.7,0.37,28.3,正常,0
HZ007861,杭州,上城区,近江家园,2026-08-01 22:00,0.060,4.0,0.34,29.4,正常,0
HZ007862,杭州,萧山区,宁围佳境,2026-08-04 11:00,0.065,4.9,0.35,31.9,正常,0
HZ007863,杭州,钱塘区,大学城北社区,2026-08-07 12:00,0.050,3.7,0.29,33.7,正常,0
HZ007864,杭州,临平区,塘栖人家,2026-08-06 04:00,0.028,2.3,0.34,28.4,正常,0
HZ007865,杭州,西湖区,翠苑小区,2026-08-02 01:00,0.017,1.5,0.36,28.0,正常,0
HZ007866,杭州,滨江区,江南花园,2026-08-06 07:00,0.076,5.8,0.14,30.4,异常,1
HZ007867,杭州,余杭区,仓前家园,2026-08-04 05:00,0.001,0.1,0.30,29.8,正常,0
HZ007868,杭州,拱墅区,大关小区,2026-08-06 19:00,0.041,2.9,0.38,30.8,正常,0
HZ007869,杭州,上城区,丁兰社区,2026-08-02 19:00,0.066,4.3,0.29,27.3,正常,0
HZ007870,杭州,萧山区,钱江世纪城社区,2026-08-02 19:00,0.038,2.5,0.35,28.8,正常,0
HZ007871,杭州,钱塘区,大学城北社区,2026-08-04 18:00,0.031,2.2,0.37,27.5,正常,0
HZ007872,杭州,临平区,塘栖人家,2026-08-04 21:00,0.066,5.5,0.37,28.2,正常,0
HZ007873,杭州,西湖区,文新社区,2026-08-05 05:00,0.033,2.1,0.32,30.9,正常,0
HZ007874,杭州,滨江区,滨康小区,2026-08-01 22:00,0.071,5.0,0.39,30.6,正常,0
HZ007875,杭州,余杭区,闲林山水,2026-08-04 01:00,0.018,1.8,0.32,30.0,正常,0
HZ007876,杭州,拱墅区,大关小区,2026-08-04 10:00,0.114,10.0,0.37,28.9,正常,0
HZ007877,杭州,上城区,采荷小区,2026-08-04 07:00,0.085,7.0,0.32,29.6,正常,0
HZ007878,杭州,萧山区,湘湖家园,2026-08-07 23:00,0.023,1.8,0.31,29.9,正常,0
HZ007879,杭州,钱塘区,江东家园,2026-08-01 19:00,0.095,6.2,0.29,27.5,正常,0
HZ007880,杭州,临平区,南苑小区,2026-08-06 20:00,0.108,8.7,0.38,30.0,正常,0
HZ007881,杭州,西湖区,翠苑小区,2026-08-04 11:00,0.054,3.7,0.32,30.6,正常,0
HZ007882,杭州,滨江区,钱塘春晓,2026-08-03 09:00,0.138,9.7,0.33,27.8,正常,0
HZ007883,杭州,余杭区,未来科技城社区,2026-08-02 23:00,0.091,7.8,0.35,28.7,正常,0
HZ007884,杭州,拱墅区,运河新城社区,2026-08-01 20:00,0.022,1.7,0.37,27.1,正常,0
HZ007885,杭州,上城区,丁兰社区,2026-08-05 06:00,0.111,7.4,0.38,27.7,正常,0
HZ007886,杭州,萧山区,北干社区,2026-08-05 12:00,0.072,5.4,0.37,33.8,正常,0
HZ007887,杭州,钱塘区,下沙社区,2026-08-03 18:00,0.127,7.9,0.31,29.7,正常,0
HZ007888,杭州,临平区,乔司家园,2026-08-02 19:00,0.093,7.9,0.31,29.2,正常,0
HZ007889,杭州,西湖区,转塘家园,2026-08-05 05:00,0.024,1.5,0.36,29.2,正常,0
HZ007890,杭州,滨江区,滨康小区,2026-08-05 23:00,0.015,1.3,0.31,29.6,正常,0
HZ007891,杭州,余杭区,良渚文化村,2026-08-02 17:00,0.143,9.6,0.35,33.3,正常,0
HZ007892,杭州,拱墅区,湖墅家园,2026-08-05 21:00,0.080,5.3,0.37,29.3,正常,0
HZ007893,杭州,上城区,望江新园,2026-08-02 08:00,0.050,4.1,0.34,27.3,正常,0
HZ007894,杭州,萧山区,北干社区,2026-08-01 13:00,0.019,1.8,0.29,31.1,正常,0
HZ007895,杭州,钱塘区,江东家园,2026-08-01 10:00,0.137,10.5,0.35,27.4,正常,0
HZ007896,杭州,临平区,塘栖人家,2026-08-05 10:00,0.082,6.7,0.29,28.0,正常,0
HZ007897,杭州,西湖区,转塘家园,2026-08-06 00:00,0.035,2.3,0.29,27.3,正常,0
HZ007898,杭州,滨江区,滨康小区,2026-08-05 00:00,0.018,1.6,0.39,30.9,正常,0
HZ007899,杭州,余杭区,良渚文化村,2026-08-02 15:00,0.038,3.6,0.35,30.4,正常,0
HZ007900,杭州,拱墅区,运河新城社区,2026-08-02 22:00,0.088,5.8,0.39,28.7,正常,0
HZ007901,杭州,上城区,丁兰社区,2026-08-03 06:00,0.089,5.9,0.29,29.0,正常,0
HZ007902,杭州,萧山区,宁围佳境,2026-08-06 14:00,0.071,6.4,0.34,32.0,正常,0
HZ007903,杭州,钱塘区,河庄新苑,2026-08-04 18:00,0.305,22.5,0.35,28.6,异常,1
HZ007904,杭州,临平区,塘栖人家,2026-08-05 17:00,0.127,9.3,0.38,33.2,正常,0
HZ007905,杭州,西湖区,翠苑小区,2026-08-02 21:00,0.098,7.6,0.31,30.1,正常,0
HZ007906,杭州,滨江区,滨康小区,2026-08-01 08:00,0.151,9.5,0.29,31.0,正常,0
HZ007907,杭州,余杭区,良渚文化村,2026-08-02 17:00,0.029,2.0,0.29,32.8,正常,0
HZ007908,杭州,拱墅区,运河新城社区,2026-08-03 11:00,0.062,4.0,0.31,33.4,正常,0
HZ007909,杭州,上城区,丁兰社区,2026-08-06 06:00,0.114,8.6,0.29,29.5,正常,0
HZ007910,杭州,萧山区,北干社区,2026-08-04 18:00,0.069,4.8,0.36,27.8,正常,0
HZ007911,杭州,钱塘区,大学城北社区,2026-08-03 05:00,0.005,0.4,0.30,28.2,正常,0
HZ007912,杭州,临平区,乔司家园,2026-08-03 09:00,0.076,6.6,0.37,27.6,正常,0
HZ007913,杭州,西湖区,翠苑小区,2026-08-06 07:00,0.093,7.4,0.38,28.1,正常,0
HZ007914,杭州,滨江区,江南花园,2026-08-03 22:00,0.045,4.4,0.56,28.2,异常,1
HZ007915,杭州,余杭区,未来科技城社区,2026-08-03 06:00,0.017,1.5,0.30,27.2,正常,0
HZ007916,杭州,拱墅区,运河新城社区,2026-08-02 09:00,0.078,5.7,0.37,30.1,正常,0
HZ007917,杭州,上城区,望江新园,2026-08-03 15:00,0.044,3.6,0.34,30.3,正常,0
HZ007918,杭州,萧山区,湘湖家园,2026-08-01 20:00,0.053,4.1,0.38,27.2,正常,0
HZ007919,杭州,钱塘区,下沙社区,2026-08-01 01:00,0.008,0.8,0.29,29.4,正常,0
HZ007920,杭州,临平区,南苑小区,2026-08-03 20:00,0.038,2.7,0.36,29.2,正常,0
HZ007921,杭州,西湖区,文新社区,2026-08-07 08:00,0.154,9.8,0.28,30.2,正常,0
HZ007922,杭州,滨江区,滨康小区,2026-08-07 23:00,0.015,1.4,0.35,27.0,正常,0
HZ007923,杭州,余杭区,闲林山水,2026-08-04 11:00,0.107,8.8,0.31,30.0,正常,0
HZ007924,杭州,拱墅区,湖墅家园,2026-08-06 01:00,0.008,0.6,0.50,29.1,异常,1
HZ007925,杭州,上城区,望江新园,2026-08-04 22:00,0.051,3.9,0.34,29.3,正常,0
HZ007926,杭州,萧山区,钱江世纪城社区,2026-08-03 04:00,0.010,0.8,0.31,27.8,正常,0
HZ007927,杭州,钱塘区,江东家园,2026-08-02 12:00,0.083,8.1,0.30,32.1,正常,0
HZ007928,杭州,临平区,星桥社区,2026-08-07 04:00,0.010,1.0,0.32,27.5,正常,0
HZ007929,杭州,西湖区,转塘家园,2026-08-02 01:00,0.002,0.2,0.34,29.8,正常,0
HZ007930,杭州,滨江区,滨康小区,2026-08-07 21:00,0.031,1.9,0.49,28.6,异常,1
HZ007931,杭州,余杭区,仓前家园,2026-08-05 10:00,0.356,24.9,0.29,30.9,异常,1
HZ007932,杭州,拱墅区,半山家园,2026-08-05 07:00,0.020,1.8,0.31,28.1,正常,0
HZ007933,杭州,上城区,丁兰社区,2026-08-03 07:00,0.062,4.1,0.28,29.4,正常,0
HZ007934,杭州,萧山区,宁围佳境,2026-08-03 22:00,0.037,2.8,0.34,30.1,正常,0
HZ007935,杭州,钱塘区,江东家园,2026-08-01 03:00,0.008,0.7,0.33,30.7,正常,0
HZ007936,杭州,临平区,星桥社区,2026-08-07 20:00,0.062,4.7,0.18,28.6,异常,1
HZ007937,杭州,西湖区,转塘家园,2026-08-06 08:00,0.137,8.8,0.35,28.0,正常,0
HZ007938,杭州,滨江区,钱塘春晓,2026-08-07 12:00,0.073,7.2,0.34,32.9,正常,0
HZ007939,杭州,余杭区,良渚文化村,2026-08-05 17:00,0.129,9.4,0.38,32.1,正常,0
HZ007940,杭州,拱墅区,湖墅家园,2026-08-01 07:00,0.091,8.9,0.34,30.0,正常,0
HZ007941,杭州,上城区,丁兰社区,2026-08-02 16:00,0.085,5.8,0.31,32.9,正常,0
HZ007942,杭州,萧山区,钱江世纪城社区,2026-08-06 00:00,0.019,1.4,0.32,30.8,正常,0
HZ007943,杭州,钱塘区,大学城北社区,2026-08-06 15:00,0.008,0.8,0.36,30.2,正常,0
HZ007944,杭州,临平区,乔司家园,2026-08-04 17:00,0.051,3.4,0.37,30.6,正常,0
HZ007945,杭州,西湖区,转塘家园,2026-08-03 01:00,0.006,0.5,0.38,28.6,正常,0
HZ007946,杭州,滨江区,江南花园,2026-08-02 13:00,0.058,5.5,0.30,31.8,正常,0
HZ007947,杭州,余杭区,闲林山水,2026-08-02 03:00,0.019,1.9,0.37,29.3,正常,0
HZ007948,杭州,拱墅区,湖墅家园,2026-08-01 07:00,0.086,6.4,0.37,30.9,正常,0
HZ007949,杭州,上城区,丁兰社区,2026-08-02 17:00,0.016,1.3,0.33,33.4,正常,0
HZ007950,杭州,萧山区,湘湖家园,2026-08-01 06:00,0.069,5.8,0.32,29.7,正常,0
HZ007951,杭州,钱塘区,江东家园,2026-08-01 09:00,0.095,6.1,0.36,30.5,正常,0
HZ007952,杭州,临平区,塘栖人家,2026-08-03 11:00,0.009,0.9,0.31,30.3,正常,0
HZ007953,杭州,西湖区,转塘家园,2026-08-03 06:00,0.087,8.5,0.32,29.5,正常,0
HZ007954,杭州,滨江区,白马湖社区,2026-08-01 18:00,0.079,5.6,0.36,28.4,正常,0
HZ007955,杭州,余杭区,未来科技城社区,2026-08-06 20:00,0.021,1.4,0.28,27.9,正常,0
HZ007956,杭州,拱墅区,半山家园,2026-08-03 05:00,0.014,1.3,0.35,29.4,正常,0
HZ007957,杭州,上城区,丁兰社区,2026-08-06 18:00,0.056,3.9,0.35,29.4,正常,0
HZ007958,杭州,萧山区,北干社区,2026-08-07 22:00,0.130,8.9,0.39,29.2,正常,0
HZ007959,杭州,钱塘区,大学城北社区,2026-08-04 21:00,0.071,4.5,0.29,27.5,正常,0
HZ007960,杭州,临平区,星桥社区,2026-08-03 18:00,0.023,1.6,0.38,29.0,正常,0
HZ007961,杭州,西湖区,翠苑小区,2026-08-06 09:00,0.084,8.0,0.33,27.7,正常,0
HZ007962,杭州,滨江区,白马湖社区,2026-08-01 14:00,0.149,9.7,0.48,31.2,异常,1
HZ007963,杭州,余杭区,闲林山水,2026-08-04 03:00,0.010,0.9,0.32,27.7,正常,0
HZ007964,杭州,拱墅区,半山家园,2026-08-04 13:00,0.020,1.7,0.29,30.7,正常,0
HZ007965,杭州,上城区,丁兰社区,2026-08-02 06:00,0.081,5.4,0.38,31.0,正常,0
HZ007966,杭州,萧山区,钱江世纪城社区,2026-08-01 07:00,0.018,1.3,0.34,28.6,正常,0
HZ007967,杭州,钱塘区,下沙社区,2026-08-03 23:00,0.119,8.2,0.38,27.2,正常,0
HZ007968,杭州,临平区,乔司家园,2026-08-01 16:00,0.148,9.9,0.38,33.5,正常,0
HZ007969,杭州,西湖区,翠苑小区,2026-08-03 16:00,0.028,2.6,0.30,33.7,正常,0
HZ007970,杭州,滨江区,江南花园,2026-08-02 08:00,0.065,4.6,0.39,30.8,正常,0
HZ007971,杭州,余杭区,未来科技城社区,2026-08-06 00:00,0.022,1.7,0.34,30.1,正常,0
HZ007972,杭州,拱墅区,湖墅家园,2026-08-03 19:00,0.130,9.0,0.50,30.7,异常,1
HZ007973,杭州,上城区,采荷小区,2026-08-05 20:00,0.095,8.8,0.31,29.9,正常,0
HZ007974,杭州,萧山区,北干社区,2026-08-04 11:00,0.079,6.0,0.37,33.1,正常,0
HZ007975,杭州,钱塘区,下沙社区,2026-08-02 22:00,0.087,7.2,0.29,28.2,正常,0
HZ007976,杭州,临平区,星桥社区,2026-08-05 23:00,0.036,2.8,0.33,30.7,正常,0
HZ007977,杭州,西湖区,转塘家园,2026-08-03 12:00,0.029,2.3,0.30,32.4,正常,0
HZ007978,杭州,滨江区,江南花园,2026-08-02 19:00,0.044,3.7,0.28,30.9,正常,0
HZ007979,杭州,余杭区,未来科技城社区,2026-08-05 17:00,0.289,24.1,0.36,31.7,异常,1
HZ007980,杭州,拱墅区,大关小区,2026-08-03 02:00,0.004,0.3,0.36,31.0,正常,0
HZ007981,杭州,上城区,丁兰社区,2026-08-05 21:00,0.100,9.6,0.31,29.2,正常,0
HZ007982,杭州,萧山区,宁围佳境,2026-08-07 15:00,0.015,1.0,0.34,33.4,正常,0
HZ007983,杭州,钱塘区,下沙社区,2026-08-06 08:00,0.052,4.4,0.34,29.6,正常,0
HZ007984,杭州,临平区,乔司家园,2026-08-07 21:00,0.016,1.4,0.39,30.9,正常,0
HZ007985,杭州,西湖区,翠苑小区,2026-08-06 20:00,0.103,6.7,0.30,29.0,正常,0
HZ007986,杭州,滨江区,白马湖社区,2026-08-02 01:00,0.008,0.8,0.29,28.7,正常,0
HZ007987,杭州,余杭区,未来科技城社区,2026-08-07 17:00,0.029,2.4,0.30,31.5,正常,0
HZ007988,杭州,拱墅区,湖墅家园,2026-08-03 16:00,0.093,7.0,0.38,30.5,正常,0
HZ007989,杭州,上城区,丁兰社区,2026-08-01 13:00,0.011,0.9,0.38,30.4,正常,0
HZ007990,杭州,萧山区,湘湖家园,2026-08-07 06:00,0.093,6.6,0.35,29.0,正常,0
HZ007991,杭州,钱塘区,大学城北社区,2026-08-05 21:00,0.064,4.1,0.31,29.7,正常,0
HZ007992,杭州,临平区,乔司家园,2026-08-07 07:00,0.088,7.2,0.30,28.3,正常,0
HZ007993,杭州,西湖区,转塘家园,2026-08-01 01:00,0.015,1.0,0.31,29.5,正常,0
HZ007994,杭州,滨江区,白马湖社区,2026-08-01 19:00,0.064,4.2,0.13,27.3,异常,1
HZ007995,杭州,余杭区,未来科技城社区,2026-08-03 18:00,0.058,5.6,0.33,28.0,正常,0
HZ007996,杭州,拱墅区,运河新城社区,2026-08-04 02:00,0.006,0.5,0.37,28.2,正常,0
HZ007997,杭州,上城区,近江家园,2026-08-02 07:00,0.112,7.2,0.39,27.1,正常,0
HZ007998,杭州,萧山区,湘湖家园,2026-08-04 14:00,0.081,6.8,0.29,31.4,正常,0
HZ007999,杭州,钱塘区,下沙社区,2026-08-05 21:00,0.080,7.5,0.38,29.8,正常,0
HZ008000,杭州,临平区,南苑小区,2026-08-01 23:00,0.069,6.1,0.33,29.6,正常,0
HZ008001,杭州,西湖区,三墩新天地,2026-08-01 14:00,0.029,2.8,0.28,33.6,正常,0
HZ008002,杭州,滨江区,江南花园,2026-08-02 02:00,0.018,1.6,0.35,29.2,正常,0
HZ008003,杭州,余杭区,未来科技城社区,2026-08-02 14:00,0.095,6.2,0.31,30.5,正常,0
HZ008004,杭州,拱墅区,湖墅家园,2026-08-04 14:00,0.063,5.3,0.31,33.0,正常,0
HZ008005,杭州,上城区,采荷小区,2026-08-03 20:00,0.135,9.0,0.30,29.4,正常,0
HZ008006,杭州,萧山区,宁围佳境,2026-08-03 00:00,0.007,0.5,0.32,28.2,正常,0
HZ008007,杭州,钱塘区,下沙社区,2026-08-04 11:00,0.046,4.1,0.36,30.8,正常,0
HZ008008,杭州,临平区,乔司家园,2026-08-02 04:00,0.017,1.5,0.36,28.0,正常,0
HZ008009,杭州,西湖区,三墩新天地,2026-08-07 17:00,0.062,5.3,0.31,31.6,正常,0
HZ008010,杭州,滨江区,江南花园,2026-08-02 14:00,0.125,8.6,0.35,33.2,正常,0
HZ008011,杭州,余杭区,良渚文化村,2026-08-03 02:00,0.001,0.1,0.33,29.6,正常,0
HZ008012,杭州,拱墅区,湖墅家园,2026-08-02 16:00,0.041,3.3,0.38,33.5,正常,0
HZ008013,杭州,上城区,近江家园,2026-08-05 06:00,0.069,5.2,0.34,29.7,正常,0
HZ008014,杭州,萧山区,湘湖家园,2026-08-07 01:00,0.012,1.0,0.30,28.0,正常,0
HZ008015,杭州,钱塘区,大学城北社区,2026-08-04 00:00,0.020,1.4,0.33,29.5,正常,0
HZ008016,杭州,临平区,乔司家园,2026-08-04 08:00,0.090,6.6,0.34,29.5,正常,0
HZ008017,杭州,西湖区,文新社区,2026-08-01 09:00,0.071,5.7,0.29,30.6,正常,0
HZ008018,杭州,滨江区,江南花园,2026-08-04 08:00,0.098,8.8,0.33,28.4,正常,0
HZ008019,杭州,余杭区,仓前家园,2026-08-07 20:00,0.008,0.7,0.31,27.1,正常,0
HZ008020,杭州,拱墅区,湖墅家园,2026-08-03 07:00,0.093,6.1,0.38,30.5,正常,0
HZ008021,杭州,上城区,丁兰社区,2026-08-01 23:00,0.095,8.2,0.34,28.3,正常,0
HZ008022,杭州,萧山区,宁围佳境,2026-08-05 13:00,0.110,6.9,0.28,32.8,正常,0
HZ008023,杭州,钱塘区,大学城北社区,2026-08-02 02:00,0.001,0.1,0.35,30.8,正常,0
HZ008024,杭州,临平区,南苑小区,2026-08-02 00:00,0.034,2.2,0.35,30.0,正常,0
HZ008025,杭州,西湖区,文新社区,2026-08-06 00:00,0.010,0.6,0.30,28.0,正常,0
HZ008026,杭州,滨江区,白马湖社区,2026-08-02 10:00,0.079,5.6,0.28,28.5,正常,0
HZ008027,杭州,余杭区,未来科技城社区,2026-08-06 05:00,0.018,1.5,0.38,27.7,正常,0
HZ008028,杭州,拱墅区,大关小区,2026-08-03 18:00,0.092,7.2,0.30,28.5,正常,0
HZ008029,杭州,上城区,望江新园,2026-08-01 20:00,0.091,7.5,0.38,30.0,正常,0
HZ008030,杭州,萧山区,湘湖家园,2026-08-02 17:00,0.076,5.9,0.33,32.4,正常,0
HZ008031,杭州,钱塘区,大学城北社区,2026-08-01 05:00,0.027,1.9,0.29,30.5,正常,0
HZ008032,杭州,临平区,塘栖人家,2026-08-07 23:00,0.091,6.4,0.32,28.3,正常,0
HZ008033,杭州,西湖区,三墩新天地,2026-08-02 02:00,0.013,1.2,0.32,27.3,正常,0
HZ008034,杭州,滨江区,滨康小区,2026-08-02 17:00,0.045,3.9,0.37,31.4,正常,0
HZ008035,杭州,余杭区,仓前家园,2026-08-03 15:00,0.055,4.1,0.30,34.0,正常,0
HZ008036,杭州,拱墅区,大关小区,2026-08-05 14:00,0.053,3.6,0.31,30.4,正常,0
HZ008037,杭州,上城区,采荷小区,2026-08-05 14:00,0.312,23.4,0.32,32.2,异常,1
HZ008038,杭州,萧山区,宁围佳境,2026-08-02 16:00,0.075,7.1,0.14,31.2,异常,1
HZ008039,杭州,钱塘区,河庄新苑,2026-08-02 13:00,0.078,6.6,0.36,30.5,正常,0
HZ008040,杭州,临平区,乔司家园,2026-08-05 01:00,0.027,2.0,0.32,29.2,正常,0
HZ008041,杭州,西湖区,文新社区,2026-08-07 22:00,0.053,3.7,0.33,27.9,正常,0
HZ008042,杭州,滨江区,钱塘春晓,2026-08-05 20:00,0.008,0.8,0.33,29.7,正常,0
HZ008043,杭州,余杭区,未来科技城社区,2026-08-04 10:00,0.022,1.6,0.33,28.6,正常,0
HZ008044,杭州,拱墅区,湖墅家园,2026-08-05 10:00,0.026,2.6,0.29,28.6,正常,0
HZ008045,杭州,上城区,近江家园,2026-08-06 21:00,0.086,6.6,0.36,29.6,正常,0
HZ008046,杭州,萧山区,钱江世纪城社区,2026-08-02 01:00,0.016,1.4,0.32,28.8,正常,0
HZ008047,杭州,钱塘区,江东家园,2026-08-01 03:00,0.029,2.2,0.37,30.3,正常,0
HZ008048,杭州,临平区,星桥社区,2026-08-06 15:00,0.119,8.3,0.36,32.5,正常,0
HZ008049,杭州,西湖区,翠苑小区,2026-08-05 21:00,0.024,1.8,0.34,30.8,正常,0
HZ008050,杭州,滨江区,钱塘春晓,2026-08-05 06:00,0.146,9.3,0.33,29.3,正常,0
HZ008051,杭州,余杭区,仓前家园,2026-08-07 21:00,0.126,8.5,0.30,27.6,正常,0
HZ008052,杭州,拱墅区,半山家园,2026-08-07 22:00,0.100,6.9,0.35,28.2,正常,0
HZ008053,杭州,上城区,丁兰社区,2026-08-04 12:00,0.283,19.6,0.39,32.2,异常,1
HZ008054,杭州,萧山区,湘湖家园,2026-08-04 19:00,0.114,7.9,0.33,29.7,正常,0
HZ008055,杭州,钱塘区,大学城北社区,2026-08-06 20:00,0.062,5.2,0.35,27.8,正常,0
HZ008056,杭州,临平区,乔司家园,2026-08-03 11:00,0.088,8.1,0.37,31.0,正常,0
HZ008057,杭州,西湖区,翠苑小区,2026-08-04 20:00,0.010,0.8,0.29,29.5,正常,0
HZ008058,杭州,滨江区,钱塘春晓,2026-08-05 04:00,0.016,1.3,0.30,28.2,正常,0
HZ008059,杭州,余杭区,良渚文化村,2026-08-03 04:00,0.024,2.1,0.35,28.6,正常,0
HZ008060,杭州,拱墅区,大关小区,2026-08-01 07:00,0.014,0.9,0.29,28.3,正常,0
HZ008061,杭州,上城区,望江新园,2026-08-07 07:00,0.087,7.5,0.28,28.2,正常,0
HZ008062,杭州,萧山区,北干社区,2026-08-02 04:00,0.017,1.7,0.37,27.9,正常,0
HZ008063,杭州,钱塘区,大学城北社区,2026-08-01 01:00,0.010,1.0,0.37,28.7,正常,0
HZ008064,杭州,临平区,南苑小区,2026-08-01 21:00,0.019,1.3,0.37,28.0,正常,0
HZ008065,杭州,西湖区,转塘家园,2026-08-04 18:00,0.064,5.8,0.38,28.6,正常,0
HZ008066,杭州,滨江区,滨康小区,2026-08-07 15:00,0.016,1.3,0.34,33.8,正常,0
HZ008067,杭州,余杭区,未来科技城社区,2026-08-05 18:00,0.132,10.1,0.28,30.8,正常,0
HZ008068,杭州,拱墅区,大关小区,2026-08-06 02:00,0.034,2.3,0.28,27.7,正常,0
HZ008069,杭州,上城区,近江家园,2026-08-02 20:00,0.143,9.2,0.31,30.1,正常,0
HZ008070,杭州,萧山区,北干社区,2026-08-06 19:00,0.051,3.5,0.32,28.8,正常,0
HZ008071,杭州,钱塘区,江东家园,2026-08-07 21:00,0.072,5.3,0.33,28.7,正常,0
HZ008072,杭州,临平区,乔司家园,2026-08-04 03:00,0.014,1.2,0.29,30.7,正常,0
HZ008073,杭州,西湖区,三墩新天地,2026-08-04 10:00,0.046,3.2,0.34,28.1,正常,0
HZ008074,杭州,滨江区,钱塘春晓,2026-08-01 11:00,0.126,9.6,0.36,31.2,正常,0
HZ008075,杭州,余杭区,仓前家园,2026-08-04 04:00,0.023,1.9,0.32,28.2,正常,0
HZ008076,杭州,拱墅区,湖墅家园,2026-08-04 22:00,0.074,7.0,0.38,28.2,正常,0
HZ008077,杭州,上城区,丁兰社区,2026-08-01 09:00,0.054,4.0,0.36,27.2,正常,0
HZ008078,杭州,萧山区,湘湖家园,2026-08-01 06:00,0.112,8.7,0.29,27.5,正常,0
HZ008079,杭州,钱塘区,下沙社区,2026-08-05 01:00,0.010,0.9,0.33,27.0,正常,0
HZ008080,杭州,临平区,星桥社区,2026-08-06 03:00,0.014,0.9,0.30,28.8,正常,0
HZ008081,杭州,西湖区,文新社区,2026-08-01 04:00,0.022,1.8,0.34,27.3,正常,0
HZ008082,杭州,滨江区,江南花园,2026-08-04 05:00,0.027,2.3,0.33,30.3,正常,0
HZ008083,杭州,余杭区,未来科技城社区,2026-08-07 07:00,0.107,8.1,0.37,28.3,正常,0
HZ008084,杭州,拱墅区,大关小区,2026-08-03 18:00,0.140,9.5,0.30,28.4,正常,0
HZ008085,杭州,上城区,采荷小区,2026-08-05 08:00,0.101,8.1,0.34,29.6,正常,0
HZ008086,杭州,萧山区,钱江世纪城社区,2026-08-03 06:00,0.054,4.2,0.38,27.8,正常,0
HZ008087,杭州,钱塘区,河庄新苑,2026-08-02 09:00,0.096,9.1,0.33,29.1,正常,0
HZ008088,杭州,临平区,南苑小区,2026-08-05 01:00,0.034,2.3,0.33,27.4,正常,0
HZ008089,杭州,西湖区,文新社区,2026-08-01 23:00,0.085,8.3,0.33,30.2,正常,0
HZ008090,杭州,滨江区,江南花园,2026-08-02 16:00,0.074,5.9,0.30,30.9,正常,0
HZ008091,杭州,余杭区,仓前家园,2026-08-05 23:00,0.025,1.9,0.38,30.3,正常,0
HZ008092,杭州,拱墅区,运河新城社区,2026-08-03 15:00,0.110,8.2,0.34,32.8,正常,0
HZ008093,杭州,上城区,望江新园,2026-08-01 01:00,0.020,1.3,0.36,27.4,正常,0
HZ008094,杭州,萧山区,湘湖家园,2026-08-04 00:00,0.004,0.3,0.36,30.6,正常,0
HZ008095,杭州,钱塘区,河庄新苑,2026-08-04 08:00,0.078,5.3,0.28,29.7,正常,0
HZ008096,杭州,临平区,塘栖人家,2026-08-07 16:00,0.123,9.7,0.33,31.5,正常,0
HZ008097,杭州,西湖区,文新社区,2026-08-07 01:00,0.013,0.9,0.37,27.8,正常,0
HZ008098,杭州,滨江区,滨康小区,2026-08-03 02:00,0.023,1.9,0.37,29.5,正常,0
HZ008099,杭州,余杭区,闲林山水,2026-08-05 17:00,0.120,10.5,0.30,31.1,正常,0
HZ008100,杭州,拱墅区,湖墅家园,2026-08-01 17:00,0.123,9.3,0.33,32.2,正常,0
HZ008101,杭州,上城区,丁兰社区,2026-08-05 18:00,0.093,8.9,0.30,29.5,正常,0
HZ008102,杭州,萧山区,宁围佳境,2026-08-04 09:00,0.090,8.8,0.30,27.3,正常,0
HZ008103,杭州,钱塘区,下沙社区,2026-08-01 06:00,0.082,6.5,0.31,27.4,正常,0
HZ008104,杭州,临平区,南苑小区,2026-08-03 17:00,0.106,7.5,0.20,31.0,异常,1
HZ008105,杭州,西湖区,三墩新天地,2026-08-07 23:00,0.053,4.0,0.36,29.2,正常,0
HZ008106,杭州,滨江区,滨康小区,2026-08-07 11:00,0.043,2.9,0.29,31.5,正常,0
HZ008107,杭州,余杭区,良渚文化村,2026-08-03 00:00,0.027,2.2,0.36,30.4,正常,0
HZ008108,杭州,拱墅区,半山家园,2026-08-07 02:00,0.016,1.5,0.31,27.7,正常,0
HZ008109,杭州,上城区,近江家园,2026-08-05 00:00,0.011,0.8,0.29,27.8,正常,0
HZ008110,杭州,萧山区,湘湖家园,2026-08-04 04:00,0.021,1.9,0.36,27.4,正常,0
HZ008111,杭州,钱塘区,江东家园,2026-08-03 11:00,0.043,4.2,0.37,30.7,正常,0
HZ008112,杭州,临平区,星桥社区,2026-08-02 13:00,0.123,10.5,0.32,33.0,正常,0
HZ008113,杭州,西湖区,翠苑小区,2026-08-04 08:00,0.060,4.9,0.30,27.2,正常,0
HZ008114,杭州,滨江区,滨康小区,2026-08-04 11:00,0.116,9.7,0.34,33.4,正常,0
HZ008115,杭州,余杭区,良渚文化村,2026-08-06 22:00,0.083,5.2,0.38,29.8,正常,0
HZ008116,杭州,拱墅区,湖墅家园,2026-08-04 11:00,0.022,2.1,0.28,33.2,正常,0
HZ008117,杭州,上城区,近江家园,2026-08-07 23:00,0.046,4.3,0.38,27.1,正常,0
HZ008118,杭州,萧山区,北干社区,2026-08-03 17:00,0.114,7.8,0.38,30.9,正常,0
HZ008119,杭州,钱塘区,江东家园,2026-08-02 03:00,0.016,1.5,0.30,29.2,正常,0
HZ008120,杭州,临平区,乔司家园,2026-08-03 10:00,0.013,0.8,0.37,28.9,正常,0
HZ008121,杭州,西湖区,转塘家园,2026-08-04 23:00,0.066,6.4,0.34,27.9,正常,0
HZ008122,杭州,滨江区,江南花园,2026-08-01 21:00,0.066,4.5,0.32,28.5,正常,0
HZ008123,杭州,余杭区,仓前家园,2026-08-07 22:00,0.014,1.1,0.32,30.2,正常,0
HZ008124,杭州,拱墅区,运河新城社区,2026-08-06 12:00,0.056,5.2,0.55,31.4,异常,1
HZ008125,杭州,上城区,望江新园,2026-08-07 23:00,0.054,4.3,0.38,29.1,正常,0
HZ008126,杭州,萧山区,宁围佳境,2026-08-02 23:00,0.043,2.7,0.32,30.9,正常,0
HZ008127,杭州,钱塘区,江东家园,2026-08-01 07:00,0.031,2.0,0.32,29.7,正常,0
HZ008128,杭州,临平区,南苑小区,2026-08-06 08:00,0.095,8.2,0.30,30.4,正常,0
HZ008129,杭州,西湖区,转塘家园,2026-08-04 10:00,0.072,7.0,0.38,29.0,正常,0
HZ008130,杭州,滨江区,滨康小区,2026-08-07 13:00,0.040,2.6,0.30,33.6,正常,0
HZ008131,杭州,余杭区,良渚文化村,2026-08-03 11:00,0.066,5.0,0.30,31.0,正常,0
HZ008132,杭州,拱墅区,湖墅家园,2026-08-07 10:00,0.140,9.6,0.37,28.2,正常,0
HZ008133,杭州,上城区,近江家园,2026-08-02 00:00,0.327,20.2,0.36,28.8,异常,1
HZ008134,杭州,萧山区,湘湖家园,2026-08-05 01:00,0.002,0.2,0.28,27.4,正常,0
HZ008135,杭州,钱塘区,下沙社区,2026-08-06 06:00,0.014,0.9,0.32,28.2,正常,0
HZ008136,杭州,临平区,乔司家园,2026-08-06 19:00,0.061,5.2,0.31,30.6,正常,0
HZ008137,杭州,西湖区,翠苑小区,2026-08-02 13:00,0.120,8.9,0.33,33.8,正常,0
HZ008138,杭州,滨江区,钱塘春晓,2026-08-02 20:00,0.154,9.7,0.34,30.3,正常,0
HZ008139,杭州,余杭区,良渚文化村,2026-08-05 13:00,0.106,9.5,0.32,33.1,正常,0
HZ008140,杭州,拱墅区,大关小区,2026-08-06 09:00,0.018,1.5,0.32,28.6,正常,0
HZ008141,杭州,上城区,丁兰社区,2026-08-03 23:00,0.080,6.3,0.29,30.2,正常,0
HZ008142,杭州,萧山区,钱江世纪城社区,2026-08-06 03:00,0.028,2.2,0.37,27.1,正常,0
HZ008143,杭州,钱塘区,河庄新苑,2026-08-03 20:00,0.104,6.7,0.34,29.4,正常,0
HZ008144,杭州,临平区,乔司家园,2026-08-07 13:00,0.079,6.5,0.31,31.7,正常,0
HZ008145,杭州,西湖区,三墩新天地,2026-08-03 19:00,0.054,4.5,0.33,29.0,正常,0
HZ008146,杭州,滨江区,钱塘春晓,2026-08-01 20:00,0.084,7.7,0.33,28.3,正常,0
HZ008147,杭州,余杭区,仓前家园,2026-08-04 14:00,0.122,9.3,0.35,34.0,正常,0
HZ008148,杭州,拱墅区,湖墅家园,2026-08-05 17:00,0.061,5.9,0.38,31.5,正常,0
HZ008149,杭州,上城区,近江家园,2026-08-03 15:00,0.016,1.6,0.35,30.0,正常,0
HZ008150,杭州,萧山区,钱江世纪城社区,2026-08-01 21:00,0.121,8.9,0.28,29.9,正常,0
HZ008151,杭州,钱塘区,下沙社区,2026-08-05 17:00,0.110,7.8,0.38,31.4,正常,0
HZ008152,杭州,临平区,南苑小区,2026-08-02 22:00,0.062,5.4,0.30,30.3,正常,0
HZ008153,杭州,西湖区,翠苑小区,2026-08-03 05:00,0.005,0.4,0.30,27.2,正常,0
HZ008154,杭州,滨江区,白马湖社区,2026-08-02 23:00,0.133,8.5,0.30,30.6,正常,0
HZ008155,杭州,余杭区,良渚文化村,2026-08-02 20:00,0.038,3.5,0.31,27.3,正常,0
HZ008156,杭州,拱墅区,大关小区,2026-08-07 22:00,0.051,4.6,0.32,27.7,正常,0
HZ008157,杭州,上城区,采荷小区,2026-08-07 05:00,0.015,1.1,0.31,30.9,正常,0
HZ008158,杭州,萧山区,宁围佳境,2026-08-02 15:00,0.016,1.1,0.33,33.0,正常,0
HZ008159,杭州,钱塘区,河庄新苑,2026-08-03 01:00,0.029,2.0,0.29,30.6,正常,0
HZ008160,杭州,临平区,星桥社区,2026-08-01 16:00,0.074,7.3,0.34,31.0,正常,0
HZ008161,杭州,西湖区,转塘家园,2026-08-01 02:00,0.003,0.3,0.28,27.1,正常,0
HZ008162,杭州,滨江区,滨康小区,2026-08-01 20:00,0.104,7.4,0.29,29.7,正常,0
HZ008163,杭州,余杭区,闲林山水,2026-08-01 03:00,0.009,0.8,0.29,30.4,正常,0
HZ008164,杭州,拱墅区,大关小区,2026-08-01 16:00,0.017,1.3,0.33,30.4,正常,0
HZ008165,杭州,上城区,丁兰社区,2026-08-07 17:00,0.137,9.5,0.29,31.9,正常,0
HZ008166,杭州,萧山区,钱江世纪城社区,2026-08-07 21:00,0.015,1.4,0.29,27.8,正常,0
HZ008167,杭州,钱塘区,下沙社区,2026-08-01 08:00,0.111,9.0,0.35,29.5,正常,0
HZ008168,杭州,临平区,南苑小区,2026-08-07 03:00,0.015,1.0,0.36,30.2,正常,0
HZ008169,杭州,西湖区,转塘家园,2026-08-01 02:00,0.027,2.1,0.33,30.8,正常,0
HZ008170,杭州,滨江区,滨康小区,2026-08-02 23:00,0.032,2.2,0.30,29.3,正常,0
HZ008171,杭州,余杭区,良渚文化村,2026-08-01 08:00,0.132,8.7,0.29,30.0,正常,0
HZ008172,杭州,拱墅区,半山家园,2026-08-07 23:00,0.021,1.4,0.28,28.0,正常,0
HZ008173,杭州,上城区,近江家园,2026-08-05 19:00,0.043,3.1,0.36,29.3,正常,0
HZ008174,杭州,萧山区,宁围佳境,2026-08-03 22:00,0.116,7.4,0.29,28.3,正常,0
HZ008175,杭州,钱塘区,河庄新苑,2026-08-07 22:00,0.044,3.4,0.29,27.1,正常,0
HZ008176,杭州,临平区,星桥社区,2026-08-01 05:00,0.014,1.1,0.30,28.0,正常,0
HZ008177,杭州,西湖区,三墩新天地,2026-08-04 15:00,0.072,5.8,0.35,32.5,正常,0
HZ008178,杭州,滨江区,白马湖社区,2026-08-03 17:00,0.040,2.7,0.34,30.1,正常,0
HZ008179,杭州,余杭区,未来科技城社区,2026-08-07 19:00,0.059,5.6,0.29,30.5,正常,0
HZ008180,杭州,拱墅区,半山家园,2026-08-07 15:00,0.012,0.9,0.29,31.2,正常,0
HZ008181,杭州,上城区,采荷小区,2026-08-03 23:00,0.033,3.0,0.37,29.7,正常,0
HZ008182,杭州,萧山区,钱江世纪城社区,2026-08-03 23:00,0.132,9.0,0.36,27.5,正常,0
HZ008183,杭州,钱塘区,大学城北社区,2026-08-05 04:00,0.034,2.2,0.35,30.6,正常,0
HZ008184,杭州,临平区,星桥社区,2026-08-05 03:00,0.008,0.6,0.29,30.2,正常,0
HZ008185,杭州,西湖区,文新社区,2026-08-05 03:00,0.016,1.6,0.31,28.6,正常,0
HZ008186,杭州,滨江区,白马湖社区,2026-08-06 05:00,0.032,2.3,0.39,29.7,正常,0
HZ008187,杭州,余杭区,未来科技城社区,2026-08-07 12:00,0.081,6.0,0.35,31.1,正常,0
HZ008188,杭州,拱墅区,半山家园,2026-08-02 05:00,0.017,1.2,0.35,27.5,正常,0
HZ008189,杭州,上城区,近江家园,2026-08-07 20:00,0.017,1.3,0.32,30.3,正常,0
HZ008190,杭州,萧山区,北干社区,2026-08-03 14:00,0.083,6.7,0.56,31.0,异常,1
HZ008191,杭州,钱塘区,江东家园,2026-08-02 14:00,0.084,6.3,0.30,33.6,正常,0
HZ008192,杭州,临平区,南苑小区,2026-08-06 04:00,0.019,1.3,0.32,28.3,正常,0
HZ008193,杭州,西湖区,翠苑小区,2026-08-04 21:00,0.120,10.1,0.30,31.0,正常,0
HZ008194,杭州,滨江区,白马湖社区,2026-08-01 08:00,0.062,3.9,0.38,30.2,正常,0
HZ008195,杭州,余杭区,未来科技城社区,2026-08-05 01:00,0.002,0.1,0.36,29.2,正常,0
HZ008196,杭州,拱墅区,湖墅家园,2026-08-05 04:00,0.029,2.2,0.37,30.2,正常,0
HZ008197,杭州,上城区,丁兰社区,2026-08-06 12:00,0.063,4.1,0.38,33.4,正常,0
HZ008198,杭州,萧山区,北干社区,2026-08-06 09:00,0.041,3.2,0.53,27.3,异常,1
HZ008199,杭州,钱塘区,大学城北社区,2026-08-01 18:00,0.041,3.5,0.36,29.3,正常,0
HZ008200,杭州,临平区,星桥社区,2026-08-01 08:00,0.087,8.3,0.30,30.6,正常,0
HZ008201,杭州,西湖区,三墩新天地,2026-08-02 19:00,0.031,2.1,0.34,27.7,正常,0
HZ008202,杭州,滨江区,钱塘春晓,2026-08-07 20:00,0.033,2.8,0.30,30.1,正常,0
HZ008203,杭州,余杭区,良渚文化村,2026-08-07 10:00,0.107,9.2,0.30,27.2,正常,0
HZ008204,杭州,拱墅区,半山家园,2026-08-07 12:00,0.079,7.1,0.33,32.6,正常,0
HZ008205,杭州,上城区,望江新园,2026-08-04 20:00,0.036,3.0,0.32,27.5,正常,0
HZ008206,杭州,萧山区,宁围佳境,2026-08-04 09:00,0.075,5.1,0.15,29.6,异常,1
HZ008207,杭州,钱塘区,河庄新苑,2026-08-06 01:00,0.006,0.5,0.34,27.9,正常,0
HZ008208,杭州,临平区,乔司家园,2026-08-05 09:00,0.030,2.3,0.52,27.8,异常,1
HZ008209,杭州,西湖区,转塘家园,2026-08-03 04:00,0.021,1.4,0.34,28.8,正常,0
HZ008210,杭州,滨江区,江南花园,2026-08-06 20:00,0.026,1.9,0.34,29.4,正常,0
HZ008211,杭州,余杭区,未来科技城社区,2026-08-05 22:00,0.038,3.7,0.31,28.6,正常,0
HZ008212,杭州,拱墅区,运河新城社区,2026-08-07 11:00,0.105,7.0,0.34,33.3,正常,0
HZ008213,杭州,上城区,丁兰社区,2026-08-02 20:00,0.021,1.6,0.31,27.9,正常,0
HZ008214,杭州,萧山区,湘湖家园,2026-08-02 12:00,0.022,1.6,0.34,32.6,正常,0
HZ008215,杭州,钱塘区,河庄新苑,2026-08-02 07:00,0.100,6.6,0.36,28.3,正常,0
HZ008216,杭州,临平区,塘栖人家,2026-08-05 17:00,0.100,8.1,0.30,31.0,正常,0
HZ008217,杭州,西湖区,三墩新天地,2026-08-07 08:00,0.020,1.9,0.31,28.0,正常,0
HZ008218,杭州,滨江区,江南花园,2026-08-01 15:00,0.092,6.4,0.31,31.8,正常,0
HZ008219,杭州,余杭区,闲林山水,2026-08-04 20:00,0.020,1.5,0.32,31.0,正常,0
HZ008220,杭州,拱墅区,运河新城社区,2026-08-06 21:00,0.097,9.7,0.33,29.7,正常,0
HZ008221,杭州,上城区,近江家园,2026-08-06 09:00,0.022,1.9,0.38,30.6,正常,0
HZ008222,杭州,萧山区,钱江世纪城社区,2026-08-01 16:00,0.044,3.0,0.30,31.9,正常,0
HZ008223,杭州,钱塘区,下沙社区,2026-08-06 14:00,0.124,10.0,0.30,31.4,正常,0
HZ008224,杭州,临平区,星桥社区,2026-08-07 20:00,0.066,5.2,0.30,29.6,正常,0
HZ008225,杭州,西湖区,转塘家园,2026-08-05 20:00,0.093,7.9,0.38,28.5,正常,0
HZ008226,杭州,滨江区,江南花园,2026-08-03 00:00,0.014,0.9,0.29,27.8,正常,0
HZ008227,杭州,余杭区,闲林山水,2026-08-01 15:00,0.114,8.1,0.34,33.2,正常,0
HZ008228,杭州,拱墅区,大关小区,2026-08-06 17:00,0.062,4.1,0.35,30.2,正常,0
HZ008229,杭州,上城区,望江新园,2026-08-01 18:00,0.063,5.7,0.29,30.3,正常,0
HZ008230,杭州,萧山区,钱江世纪城社区,2026-08-02 16:00,0.080,5.5,0.37,31.5,正常,0
HZ008231,杭州,钱塘区,河庄新苑,2026-08-01 04:00,0.020,1.4,0.38,30.5,正常,0
HZ008232,杭州,临平区,南苑小区,2026-08-02 14:00,0.108,7.9,0.29,32.0,正常,0
HZ008233,杭州,西湖区,翠苑小区,2026-08-07 10:00,0.132,9.7,0.37,27.4,正常,0
HZ008234,杭州,滨江区,钱塘春晓,2026-08-02 16:00,0.079,6.3,0.32,31.0,正常,0
HZ008235,杭州,余杭区,良渚文化村,2026-08-04 18:00,0.055,4.8,0.36,28.4,正常,0
HZ008236,杭州,拱墅区,大关小区,2026-08-01 20:00,0.089,5.6,0.29,30.6,正常,0
HZ008237,杭州,上城区,采荷小区,2026-08-07 03:00,0.022,1.8,0.39,30.4,正常,0
HZ008238,杭州,萧山区,钱江世纪城社区,2026-08-04 12:00,0.048,3.0,0.35,33.8,正常,0
HZ008239,杭州,钱塘区,江东家园,2026-08-03 10:00,0.012,1.2,0.28,27.8,正常,0
HZ008240,杭州,临平区,星桥社区,2026-08-04 15:00,0.057,5.5,0.35,30.1,正常,0
HZ008241,杭州,西湖区,转塘家园,2026-08-04 22:00,0.096,8.5,0.34,29.2,正常,0
HZ008242,杭州,滨江区,白马湖社区,2026-08-04 13:00,0.081,7.0,0.37,33.3,正常,0
HZ008243,杭州,余杭区,仓前家园,2026-08-07 17:00,0.016,1.0,0.36,33.4,正常,0
HZ008244,杭州,拱墅区,大关小区,2026-08-05 03:00,0.023,1.5,0.37,28.4,正常,0
HZ008245,杭州,上城区,近江家园,2026-08-07 14:00,0.103,8.2,0.38,32.8,正常,0
HZ008246,杭州,萧山区,北干社区,2026-08-03 08:00,0.039,2.9,0.36,30.8,正常,0
HZ008247,杭州,钱塘区,大学城北社区,2026-08-02 14:00,0.019,1.7,0.36,30.2,正常,0
HZ008248,杭州,临平区,乔司家园,2026-08-06 22:00,0.138,9.1,0.29,29.4,正常,0
HZ008249,杭州,西湖区,翠苑小区,2026-08-04 05:00,0.023,1.5,0.39,30.5,正常,0
HZ008250,杭州,滨江区,白马湖社区,2026-08-01 17:00,0.052,3.8,0.32,32.4,正常,0
HZ008251,杭州,余杭区,良渚文化村,2026-08-04 10:00,0.111,9.5,0.32,29.0,正常,0
HZ008252,杭州,拱墅区,大关小区,2026-08-03 03:00,0.026,1.7,0.34,29.6,正常,0
HZ008253,杭州,上城区,近江家园,2026-08-05 20:00,0.210,13.3,0.29,27.9,异常,1
HZ008254,杭州,萧山区,湘湖家园,2026-08-06 04:00,0.005,0.3,0.33,28.1,正常,0
HZ008255,杭州,钱塘区,河庄新苑,2026-08-01 01:00,0.011,0.8,0.32,30.2,正常,0
HZ008256,杭州,临平区,星桥社区,2026-08-02 21:00,0.099,7.9,0.37,29.2,正常,0
HZ008257,杭州,西湖区,翠苑小区,2026-08-06 22:00,0.060,4.6,0.38,27.7,正常,0
HZ008258,杭州,滨江区,白马湖社区,2026-08-02 04:00,0.006,0.5,0.36,29.1,正常,0
HZ008259,杭州,余杭区,未来科技城社区,2026-08-01 12:00,0.314,16.1,0.33,31.1,异常,1
HZ008260,杭州,拱墅区,湖墅家园,2026-08-05 22:00,0.037,3.3,0.29,30.5,正常,0
HZ008261,杭州,上城区,近江家园,2026-08-05 07:00,0.072,5.2,0.30,30.8,正常,0
HZ008262,杭州,萧山区,宁围佳境,2026-08-06 18:00,0.045,3.5,0.38,27.6,正常,0
HZ008263,杭州,钱塘区,大学城北社区,2026-08-01 02:00,0.006,0.6,0.34,30.9,正常,0
HZ008264,杭州,临平区,星桥社区,2026-08-02 18:00,0.079,7.6,0.29,28.2,正常,0
HZ008265,杭州,西湖区,文新社区,2026-08-01 17:00,0.087,6.1,0.35,32.3,正常,0
HZ008266,杭州,滨江区,滨康小区,2026-08-06 22:00,0.037,2.4,0.37,28.2,正常,0
HZ008267,杭州,余杭区,未来科技城社区,2026-08-07 06:00,0.019,1.8,0.33,28.6,正常,0
HZ008268,杭州,拱墅区,大关小区,2026-08-06 09:00,0.009,0.8,0.38,27.5,正常,0
HZ008269,杭州,上城区,采荷小区,2026-08-04 22:00,0.018,1.6,0.35,27.1,正常,0
HZ008270,杭州,萧山区,北干社区,2026-08-07 10:00,0.045,3.9,0.33,28.8,正常,0
HZ008271,杭州,钱塘区,大学城北社区,2026-08-07 21:00,0.035,2.3,0.33,27.8,正常,0
HZ008272,杭州,临平区,南苑小区,2026-08-01 12:00,0.091,6.7,0.35,30.8,正常,0
HZ008273,杭州,西湖区,文新社区,2026-08-02 01:00,0.009,0.8,0.37,28.7,正常,0
HZ008274,杭州,滨江区,白马湖社区,2026-08-02 00:00,0.006,0.6,0.29,30.1,正常,0
HZ008275,杭州,余杭区,未来科技城社区,2026-08-04 11:00,0.037,2.6,0.36,30.5,正常,0
HZ008276,杭州,拱墅区,湖墅家园,2026-08-02 12:00,0.121,7.8,0.34,31.5,正常,0
HZ008277,杭州,上城区,望江新园,2026-08-03 23:00,0.039,3.8,0.32,28.3,正常,0
HZ008278,杭州,萧山区,北干社区,2026-08-02 21:00,0.078,5.1,0.31,28.3,正常,0
HZ008279,杭州,钱塘区,大学城北社区,2026-08-05 03:00,0.005,0.4,0.29,30.6,正常,0
HZ008280,杭州,临平区,塘栖人家,2026-08-06 12:00,0.073,5.6,0.36,33.9,正常,0
HZ008281,杭州,西湖区,翠苑小区,2026-08-06 10:00,0.073,6.4,0.31,28.8,正常,0
HZ008282,杭州,滨江区,钱塘春晓,2026-08-05 18:00,0.089,7.9,0.36,29.8,正常,0
HZ008283,杭州,余杭区,良渚文化村,2026-08-03 04:00,0.020,1.9,0.28,30.9,正常,0
HZ008284,杭州,拱墅区,半山家园,2026-08-02 03:00,0.027,2.3,0.31,27.5,正常,0
HZ008285,杭州,上城区,望江新园,2026-08-04 03:00,0.012,0.8,0.37,27.1,正常,0
HZ008286,杭州,萧山区,北干社区,2026-08-04 12:00,0.045,3.5,0.13,32.2,异常,1
HZ008287,杭州,钱塘区,大学城北社区,2026-08-03 21:00,0.073,7.3,0.32,30.6,正常,0
HZ008288,杭州,临平区,南苑小区,2026-08-06 23:00,0.080,7.3,0.32,27.4,正常,0
HZ008289,杭州,西湖区,三墩新天地,2026-08-04 01:00,0.018,1.2,0.33,30.0,正常,0
HZ008290,杭州,滨江区,白马湖社区,2026-08-06 02:00,0.010,0.7,0.34,27.5,正常,0
HZ008291,杭州,余杭区,未来科技城社区,2026-08-06 17:00,0.114,7.9,0.38,30.6,正常,0
HZ008292,杭州,拱墅区,大关小区,2026-08-01 23:00,0.058,4.9,0.36,30.8,正常,0
HZ008293,杭州,上城区,丁兰社区,2026-08-07 11:00,0.056,4.9,0.35,32.0,正常,0
HZ008294,杭州,萧山区,北干社区,2026-08-02 11:00,0.074,4.9,0.36,31.8,正常,0
HZ008295,杭州,钱塘区,大学城北社区,2026-08-06 18:00,0.025,1.9,0.34,27.8,正常,0
HZ008296,杭州,临平区,塘栖人家,2026-08-06 19:00,0.042,4.0,0.39,28.7,正常,0
HZ008297,杭州,西湖区,转塘家园,2026-08-07 13:00,0.076,7.5,0.34,30.9,正常,0
HZ008298,杭州,滨江区,钱塘春晓,2026-08-01 01:00,0.008,0.6,0.36,30.1,正常,0
HZ008299,杭州,余杭区,仓前家园,2026-08-06 20:00,0.062,4.8,0.35,30.6,正常,0
HZ008300,杭州,拱墅区,大关小区,2026-08-04 16:00,0.075,7.3,0.29,32.0,正常,0
HZ008301,杭州,上城区,丁兰社区,2026-08-04 06:00,0.060,5.3,0.38,27.2,正常,0
HZ008302,杭州,萧山区,宁围佳境,2026-08-05 07:00,0.145,10.5,0.39,30.7,正常,0
HZ008303,杭州,钱塘区,大学城北社区,2026-08-02 04:00,0.006,0.4,0.33,28.8,正常,0
HZ008304,杭州,临平区,塘栖人家,2026-08-06 07:00,0.126,9.5,0.34,28.5,正常,0
HZ008305,杭州,西湖区,三墩新天地,2026-08-01 19:00,0.139,10.0,0.29,28.0,正常,0
HZ008306,杭州,滨江区,江南花园,2026-08-07 05:00,0.011,1.0,0.37,28.5,正常,0
HZ008307,杭州,余杭区,仓前家园,2026-08-02 07:00,0.134,9.7,0.31,30.7,正常,0
HZ008308,杭州,拱墅区,大关小区,2026-08-04 15:00,0.086,7.2,0.39,30.2,正常,0
HZ008309,杭州,上城区,丁兰社区,2026-08-03 21:00,0.023,1.7,0.29,29.4,正常,0
HZ008310,杭州,萧山区,北干社区,2026-08-05 12:00,0.025,1.7,0.35,33.8,正常,0
HZ008311,杭州,钱塘区,河庄新苑,2026-08-03 16:00,0.275,18.3,0.32,30.3,异常,1
HZ008312,杭州,临平区,星桥社区,2026-08-04 19:00,0.056,5.3,0.36,28.2,正常,0
HZ008313,杭州,西湖区,翠苑小区,2026-08-07 15:00,0.107,6.8,0.38,33.1,正常,0
HZ008314,杭州,滨江区,滨康小区,2026-08-02 03:00,0.030,2.3,0.32,29.6,正常,0
HZ008315,杭州,余杭区,未来科技城社区,2026-08-02 21:00,0.023,2.0,0.35,27.5,正常,0
HZ008316,杭州,拱墅区,运河新城社区,2026-08-05 01:00,0.022,1.9,0.29,29.3,正常,0
HZ008317,杭州,上城区,采荷小区,2026-08-03 12:00,0.127,8.5,0.34,33.7,正常,0
HZ008318,杭州,萧山区,北干社区,2026-08-02 15:00,0.032,2.1,0.35,32.0,正常,0
HZ008319,杭州,钱塘区,江东家园,2026-08-01 05:00,0.024,1.6,0.38,27.1,正常,0
HZ008320,杭州,临平区,南苑小区,2026-08-07 21:00,0.024,1.8,0.32,28.9,正常,0
HZ008321,杭州,西湖区,翠苑小区,2026-08-03 11:00,0.080,7.6,0.37,33.2,正常,0
HZ008322,杭州,滨江区,江南花园,2026-08-07 13:00,0.117,9.3,0.39,31.7,正常,0
HZ008323,杭州,余杭区,良渚文化村,2026-08-02 11:00,0.037,3.7,0.31,32.1,正常,0
HZ008324,杭州,拱墅区,运河新城社区,2026-08-04 16:00,0.034,2.5,0.37,31.0,正常,0
HZ008325,杭州,上城区,丁兰社区,2026-08-03 23:00,0.018,1.3,0.34,30.7,正常,0
HZ008326,杭州,萧山区,宁围佳境,2026-08-05 01:00,0.002,0.2,0.33,28.2,正常,0
HZ008327,杭州,钱塘区,河庄新苑,2026-08-06 14:00,0.132,9.2,0.30,33.0,正常,0
HZ008328,杭州,临平区,南苑小区,2026-08-02 22:00,0.064,5.2,0.38,30.6,正常,0
HZ008329,杭州,西湖区,转塘家园,2026-08-05 03:00,0.006,0.4,0.35,27.2,正常,0
HZ008330,杭州,滨江区,江南花园,2026-08-02 06:00,0.056,5.1,0.30,30.3,正常,0
HZ008331,杭州,余杭区,良渚文化村,2026-08-02 19:00,0.129,10.1,0.38,28.0,正常,0
HZ008332,杭州,拱墅区,大关小区,2026-08-06 05:00,0.030,2.3,0.37,30.5,正常,0
HZ008333,杭州,上城区,采荷小区,2026-08-04 04:00,0.004,0.3,0.37,27.5,正常,0
HZ008334,杭州,萧山区,宁围佳境,2026-08-07 16:00,0.051,4.3,0.31,30.2,正常,0
HZ008335,杭州,钱塘区,江东家园,2026-08-05 14:00,0.083,7.8,0.32,32.4,正常,0
HZ008336,杭州,临平区,乔司家园,2026-08-01 15:00,0.030,2.2,0.37,33.6,正常,0
HZ008337,杭州,西湖区,转塘家园,2026-08-07 04:00,0.016,1.5,0.31,30.0,正常,0
HZ008338,杭州,滨江区,滨康小区,2026-08-06 03:00,0.031,2.2,0.37,31.0,正常,0
HZ008339,杭州,余杭区,闲林山水,2026-08-03 14:00,0.096,8.7,0.39,31.5,正常,0
HZ008340,杭州,拱墅区,运河新城社区,2026-08-03 20:00,0.032,2.5,0.35,30.2,正常,0
HZ008341,杭州,上城区,采荷小区,2026-08-02 13:00,0.085,7.7,0.31,31.1,正常,0
HZ008342,杭州,萧山区,钱江世纪城社区,2026-08-05 04:00,0.010,0.8,0.31,27.8,正常,0
HZ008343,杭州,钱塘区,下沙社区,2026-08-03 07:00,0.082,8.1,0.32,30.1,正常,0
HZ008344,杭州,临平区,乔司家园,2026-08-01 05:00,0.014,1.1,0.32,28.8,正常,0
HZ008345,杭州,西湖区,翠苑小区,2026-08-01 17:00,0.019,1.2,0.32,31.6,正常,0
HZ008346,杭州,滨江区,钱塘春晓,2026-08-03 21:00,0.099,7.8,0.28,29.1,正常,0
HZ008347,杭州,余杭区,仓前家园,2026-08-06 22:00,0.067,6.3,0.35,30.0,正常,0
HZ008348,杭州,拱墅区,运河新城社区,2026-08-07 18:00,0.119,8.4,0.32,30.3,正常,0
HZ008349,杭州,上城区,望江新园,2026-08-06 10:00,0.083,5.8,0.30,28.9,正常,0
HZ008350,杭州,萧山区,宁围佳境,2026-08-04 23:00,0.036,3.2,0.34,30.8,正常,0
HZ008351,杭州,钱塘区,下沙社区,2026-08-07 23:00,0.100,7.6,0.38,30.0,正常,0
HZ008352,杭州,临平区,南苑小区,2026-08-03 05:00,0.006,0.5,0.35,30.8,正常,0
HZ008353,杭州,西湖区,三墩新天地,2026-08-01 02:00,0.001,0.1,0.28,27.2,正常,0
HZ008354,杭州,滨江区,滨康小区,2026-08-05 20:00,0.077,4.9,0.34,28.0,正常,0
HZ008355,杭州,余杭区,未来科技城社区,2026-08-04 17:00,0.045,4.1,0.39,30.3,正常,0
HZ008356,杭州,拱墅区,大关小区,2026-08-06 19:00,0.124,9.1,0.37,27.3,正常,0
HZ008357,杭州,上城区,望江新园,2026-08-05 06:00,0.083,7.1,0.37,28.8,正常,0
HZ008358,杭州,萧山区,宁围佳境,2026-08-04 03:00,0.017,1.7,0.34,27.4,正常,0
HZ008359,杭州,钱塘区,大学城北社区,2026-08-04 02:00,0.028,2.2,0.34,29.3,正常,0
HZ008360,杭州,临平区,南苑小区,2026-08-04 06:00,0.087,6.6,0.37,30.4,正常,0
HZ008361,杭州,西湖区,翠苑小区,2026-08-03 18:00,0.033,3.0,0.31,28.7,正常,0
HZ008362,杭州,滨江区,滨康小区,2026-08-03 21:00,0.098,7.5,0.28,30.3,正常,0
HZ008363,杭州,余杭区,仓前家园,2026-08-07 19:00,0.027,1.8,0.36,27.9,正常,0
HZ008364,杭州,拱墅区,湖墅家园,2026-08-01 10:00,0.058,4.2,0.31,29.1,正常,0
HZ008365,杭州,上城区,丁兰社区,2026-08-07 00:00,0.003,0.2,0.35,29.9,正常,0
HZ008366,杭州,萧山区,北干社区,2026-08-01 00:00,0.007,0.6,0.33,29.5,正常,0
HZ008367,杭州,钱塘区,下沙社区,2026-08-03 00:00,0.024,2.1,0.34,30.9,正常,0
HZ008368,杭州,临平区,乔司家园,2026-08-01 01:00,0.011,0.9,0.32,28.3,正常,0
HZ008369,杭州,西湖区,翠苑小区,2026-08-03 00:00,0.037,2.3,0.33,27.3,正常,0
HZ008370,杭州,滨江区,滨康小区,2026-08-04 03:00,0.005,0.5,0.36,28.9,正常,0
HZ008371,杭州,余杭区,良渚文化村,2026-08-05 11:00,0.032,2.0,0.31,31.4,正常,0
HZ008372,杭州,拱墅区,运河新城社区,2026-08-01 09:00,0.037,2.4,0.33,30.0,正常,0
HZ008373,杭州,上城区,丁兰社区,2026-08-04 12:00,0.131,10.0,0.29,33.0,正常,0
HZ008374,杭州,萧山区,钱江世纪城社区,2026-08-07 02:00,0.011,0.8,0.33,28.6,正常,0
HZ008375,杭州,钱塘区,江东家园,2026-08-01 23:00,0.066,5.5,0.36,29.2,正常,0
HZ008376,杭州,临平区,乔司家园,2026-08-01 22:00,0.062,5.8,0.36,27.2,正常,0
HZ008377,杭州,西湖区,转塘家园,2026-08-02 00:00,0.017,1.3,0.36,29.7,正常,0
HZ008378,杭州,滨江区,钱塘春晓,2026-08-03 18:00,0.091,6.5,0.36,29.6,正常,0
HZ008379,杭州,余杭区,未来科技城社区,2026-08-01 13:00,0.060,4.8,0.36,30.3,正常,0
HZ008380,杭州,拱墅区,湖墅家园,2026-08-02 16:00,0.157,10.3,0.33,32.7,正常,0
HZ008381,杭州,上城区,望江新园,2026-08-04 15:00,0.038,3.4,0.36,30.6,正常,0
HZ008382,杭州,萧山区,宁围佳境,2026-08-03 01:00,0.019,1.2,0.36,30.7,正常,0
HZ008383,杭州,钱塘区,下沙社区,2026-08-06 14:00,0.078,7.4,0.34,30.0,正常,0
HZ008384,杭州,临平区,乔司家园,2026-08-03 21:00,0.070,4.5,0.38,30.3,正常,0
HZ008385,杭州,西湖区,三墩新天地,2026-08-01 03:00,0.019,1.6,0.32,27.5,正常,0
HZ008386,杭州,滨江区,江南花园,2026-08-02 21:00,0.055,4.6,0.33,30.1,正常,0
HZ008387,杭州,余杭区,未来科技城社区,2026-08-01 23:00,0.028,1.9,0.36,29.9,正常,0
HZ008388,杭州,拱墅区,半山家园,2026-08-06 04:00,0.006,0.5,0.36,27.5,正常,0
HZ008389,杭州,上城区,采荷小区,2026-08-01 16:00,0.023,1.9,0.36,33.7,正常,0
HZ008390,杭州,萧山区,湘湖家园,2026-08-06 04:00,0.004,0.3,0.29,30.7,正常,0
HZ008391,杭州,钱塘区,下沙社区,2026-08-04 02:00,0.022,1.8,0.29,28.3,正常,0
HZ008392,杭州,临平区,南苑小区,2026-08-04 06:00,0.078,5.6,0.32,28.0,正常,0
HZ008393,杭州,西湖区,转塘家园,2026-08-06 12:00,0.108,9.1,0.29,33.0,正常,0
HZ008394,杭州,滨江区,白马湖社区,2026-08-02 09:00,0.136,10.3,0.30,30.4,正常,0
HZ008395,杭州,余杭区,未来科技城社区,2026-08-01 20:00,0.016,1.1,0.32,28.9,正常,0
HZ008396,杭州,拱墅区,半山家园,2026-08-01 16:00,0.115,10.2,0.38,32.6,正常,0
HZ008397,杭州,上城区,望江新园,2026-08-06 18:00,0.033,2.4,0.33,29.3,正常,0
HZ008398,杭州,萧山区,北干社区,2026-08-05 12:00,0.038,3.1,0.31,30.5,正常,0
HZ008399,杭州,钱塘区,大学城北社区,2026-08-06 15:00,0.103,8.4,0.35,33.6,正常,0
HZ008400,杭州,临平区,乔司家园,2026-08-05 14:00,0.089,6.1,0.29,31.7,正常,0
HZ008401,杭州,西湖区,文新社区,2026-08-03 00:00,0.002,0.2,0.30,29.3,正常,0
HZ008402,杭州,滨江区,滨康小区,2026-08-01 14:00,0.061,5.4,0.31,30.8,正常,0
HZ008403,杭州,余杭区,未来科技城社区,2026-08-01 00:00,0.031,2.3,0.28,29.0,正常,0
HZ008404,杭州,拱墅区,运河新城社区,2026-08-07 12:00,0.015,1.1,0.39,30.5,正常,0
HZ008405,杭州,上城区,望江新园,2026-08-06 23:00,0.025,2.1,0.37,28.2,正常,0
HZ008406,杭州,萧山区,湘湖家园,2026-08-01 11:00,0.097,8.4,0.34,33.5,正常,0
HZ008407,杭州,钱塘区,下沙社区,2026-08-03 16:00,0.028,2.6,0.30,33.3,正常,0
HZ008408,杭州,临平区,塘栖人家,2026-08-06 12:00,0.051,4.2,0.34,32.8,正常,0
HZ008409,杭州,西湖区,文新社区,2026-08-04 19:00,0.124,9.5,0.39,28.3,正常,0
HZ008410,杭州,滨江区,白马湖社区,2026-08-03 04:00,0.028,1.8,0.36,27.5,正常,0
HZ008411,杭州,余杭区,仓前家园,2026-08-05 01:00,0.009,0.6,0.36,28.2,正常,0
HZ008412,杭州,拱墅区,半山家园,2026-08-05 09:00,0.095,8.0,0.37,28.9,正常,0
HZ008413,杭州,上城区,采荷小区,2026-08-01 18:00,0.037,2.7,0.35,28.1,正常,0
HZ008414,杭州,萧山区,湘湖家园,2026-08-03 17:00,0.045,3.5,0.36,33.4,正常,0
HZ008415,杭州,钱塘区,大学城北社区,2026-08-05 04:00,0.002,0.2,0.37,30.9,正常,0
HZ008416,杭州,临平区,塘栖人家,2026-08-06 10:00,0.108,7.9,0.32,28.0,正常,0
HZ008417,杭州,西湖区,翠苑小区,2026-08-07 11:00,0.030,2.6,0.38,33.2,正常,0
HZ008418,杭州,滨江区,江南花园,2026-08-04 01:00,0.008,0.7,0.38,29.6,正常,0
HZ008419,杭州,余杭区,未来科技城社区,2026-08-05 23:00,0.010,1.0,0.36,30.0,正常,0
HZ008420,杭州,拱墅区,湖墅家园,2026-08-01 08:00,0.099,9.6,0.37,28.4,正常,0
HZ008421,杭州,上城区,近江家园,2026-08-04 08:00,0.071,4.9,0.30,29.8,正常,0
HZ008422,杭州,萧山区,北干社区,2026-08-01 00:00,0.023,2.2,0.35,30.2,正常,0
HZ008423,杭州,钱塘区,江东家园,2026-08-01 01:00,0.018,1.4,0.29,28.0,正常,0
HZ008424,杭州,临平区,南苑小区,2026-08-03 07:00,0.085,5.7,0.38,30.4,正常,0
HZ008425,杭州,西湖区,三墩新天地,2026-08-03 15:00,0.055,4.6,0.37,33.9,正常,0
HZ008426,杭州,滨江区,江南花园,2026-08-07 01:00,0.004,0.3,0.32,27.5,正常,0
HZ008427,杭州,余杭区,仓前家园,2026-08-04 03:00,0.024,2.2,0.31,28.2,正常,0
HZ008428,杭州,拱墅区,半山家园,2026-08-02 09:00,0.133,8.6,0.37,30.2,正常,0
HZ008429,杭州,上城区,望江新园,2026-08-07 20:00,0.048,3.2,0.33,27.5,正常,0
HZ008430,杭州,萧山区,北干社区,2026-08-07 23:00,0.070,4.6,0.39,27.5,正常,0
HZ008431,杭州,钱塘区,下沙社区,2026-08-04 09:00,0.066,6.0,0.33,30.1,正常,0
HZ008432,杭州,临平区,星桥社区,2026-08-05 16:00,0.063,4.5,0.29,32.1,正常,0
HZ008433,杭州,西湖区,三墩新天地,2026-08-04 19:00,0.011,0.7,0.32,27.8,正常,0
HZ008434,杭州,滨江区,滨康小区,2026-08-04 18:00,0.098,9.4,0.38,30.9,正常,0
HZ008435,杭州,余杭区,未来科技城社区,2026-08-02 20:00,0.054,4.1,0.29,28.0,正常,0
HZ008436,杭州,拱墅区,运河新城社区,2026-08-07 12:00,0.020,1.6,0.29,30.0,正常,0
HZ008437,杭州,上城区,丁兰社区,2026-08-07 17:00,0.133,9.2,0.39,31.9,正常,0
HZ008438,杭州,萧山区,北干社区,2026-08-06 22:00,0.121,9.8,0.32,29.7,正常,0
HZ008439,杭州,钱塘区,江东家园,2026-08-03 17:00,0.110,8.4,0.37,30.1,正常,0
HZ008440,杭州,临平区,塘栖人家,2026-08-02 08:00,0.116,9.9,0.35,28.0,正常,0
HZ008441,杭州,西湖区,文新社区,2026-08-01 04:00,0.001,0.1,0.32,28.6,正常,0
HZ008442,杭州,滨江区,江南花园,2026-08-05 09:00,0.089,6.9,0.33,28.4,正常,0
HZ008443,杭州,余杭区,闲林山水,2026-08-02 14:00,0.128,8.9,0.38,33.4,正常,0
HZ008444,杭州,拱墅区,大关小区,2026-08-05 04:00,0.025,1.7,0.33,30.6,正常,0
HZ008445,杭州,上城区,近江家园,2026-08-03 02:00,0.022,1.6,0.37,28.7,正常,0
HZ008446,杭州,萧山区,湘湖家园,2026-08-01 15:00,0.024,2.1,0.34,31.5,正常,0
HZ008447,杭州,钱塘区,河庄新苑,2026-08-06 12:00,0.082,6.0,0.29,30.4,正常,0
HZ008448,杭州,临平区,塘栖人家,2026-08-02 02:00,0.017,1.3,0.39,29.6,正常,0
HZ008449,杭州,西湖区,三墩新天地,2026-08-04 14:00,0.049,4.7,0.32,30.8,正常,0
HZ008450,杭州,滨江区,白马湖社区,2026-08-02 12:00,0.106,8.5,0.29,33.4,正常,0
HZ008451,杭州,余杭区,闲林山水,2026-08-02 06:00,0.105,7.4,0.32,29.3,正常,0
HZ008452,杭州,拱墅区,大关小区,2026-08-06 11:00,0.145,9.9,0.36,33.8,正常,0
HZ008453,杭州,上城区,近江家园,2026-08-04 22:00,0.106,8.4,0.30,28.7,正常,0
HZ008454,杭州,萧山区,湘湖家园,2026-08-01 06:00,0.013,1.0,0.36,30.6,正常,0
HZ008455,杭州,钱塘区,下沙社区,2026-08-05 06:00,0.124,10.0,0.30,30.5,正常,0
HZ008456,杭州,临平区,塘栖人家,2026-08-03 15:00,0.035,2.9,0.37,32.6,正常,0
HZ008457,杭州,西湖区,文新社区,2026-08-01 01:00,0.015,1.1,0.30,27.9,正常,0
HZ008458,杭州,滨江区,白马湖社区,2026-08-01 00:00,0.006,0.4,0.37,27.7,正常,0
HZ008459,杭州,余杭区,闲林山水,2026-08-07 14:00,0.036,3.3,0.32,30.9,正常,0
HZ008460,杭州,拱墅区,运河新城社区,2026-08-07 18:00,0.029,2.2,0.33,29.9,正常,0
HZ008461,杭州,上城区,采荷小区,2026-08-02 11:00,0.041,3.7,0.29,30.2,正常,0
HZ008462,杭州,萧山区,钱江世纪城社区,2026-08-03 23:00,0.104,9.6,0.29,28.6,正常,0
HZ008463,杭州,钱塘区,江东家园,2026-08-06 23:00,0.073,5.6,0.37,27.4,正常,0
HZ008464,杭州,临平区,乔司家园,2026-08-07 10:00,0.110,8.2,0.35,27.6,正常,0
HZ008465,杭州,西湖区,三墩新天地,2026-08-07 20:00,0.037,3.1,0.29,27.8,正常,0
HZ008466,杭州,滨江区,白马湖社区,2026-08-07 16:00,0.133,8.3,0.35,33.5,正常,0
HZ008467,杭州,余杭区,良渚文化村,2026-08-04 10:00,0.069,5.6,0.34,27.5,正常,0
HZ008468,杭州,拱墅区,湖墅家园,2026-08-02 12:00,0.101,9.5,0.28,32.8,正常,0
HZ008469,杭州,上城区,采荷小区,2026-08-06 12:00,0.286,21.7,0.32,33.9,异常,1
HZ008470,杭州,萧山区,湘湖家园,2026-08-03 05:00,0.010,0.9,0.39,30.1,正常,0
HZ008471,杭州,钱塘区,江东家园,2026-08-02 03:00,0.031,2.1,0.33,30.1,正常,0
HZ008472,杭州,临平区,南苑小区,2026-08-03 05:00,0.005,0.3,0.32,29.3,正常,0
HZ008473,杭州,西湖区,翠苑小区,2026-08-05 16:00,0.030,2.7,0.31,30.2,正常,0
HZ008474,杭州,滨江区,钱塘春晓,2026-08-04 14:00,0.108,6.9,0.29,30.6,正常,0
HZ008475,杭州,余杭区,良渚文化村,2026-08-01 07:00,0.064,5.2,0.37,30.5,正常,0
HZ008476,杭州,拱墅区,半山家园,2026-08-01 07:00,0.029,1.9,0.34,27.4,正常,0
HZ008477,杭州,上城区,近江家园,2026-08-06 16:00,0.044,3.6,0.36,33.6,正常,0
HZ008478,杭州,萧山区,宁围佳境,2026-08-05 13:00,0.028,2.2,0.32,30.1,正常,0
HZ008479,杭州,钱塘区,下沙社区,2026-08-04 11:00,0.102,9.6,0.33,32.2,正常,0
HZ008480,杭州,临平区,乔司家园,2026-08-03 02:00,0.016,1.1,0.37,30.3,正常,0
HZ008481,杭州,西湖区,文新社区,2026-08-06 20:00,0.070,5.0,0.37,30.5,正常,0
HZ008482,杭州,滨江区,钱塘春晓,2026-08-05 10:00,0.065,4.9,0.37,29.9,正常,0
HZ008483,杭州,余杭区,仓前家园,2026-08-05 02:00,0.017,1.1,0.38,27.9,正常,0
HZ008484,杭州,拱墅区,运河新城社区,2026-08-04 01:00,0.011,0.9,0.29,28.7,正常,0
HZ008485,杭州,上城区,丁兰社区,2026-08-07 08:00,0.068,4.3,0.38,30.6,正常,0
HZ008486,杭州,萧山区,钱江世纪城社区,2026-08-06 20:00,0.046,3.2,0.34,30.8,正常,0
HZ008487,杭州,钱塘区,大学城北社区,2026-08-04 16:00,0.050,3.2,0.36,30.7,正常,0
HZ008488,杭州,临平区,南苑小区,2026-08-06 18:00,0.151,10.0,0.36,30.2,正常,0
HZ008489,杭州,西湖区,转塘家园,2026-08-01 10:00,0.050,3.3,0.37,28.7,正常,0
HZ008490,杭州,滨江区,滨康小区,2026-08-03 10:00,0.110,7.6,0.30,30.4,正常,0
HZ008491,杭州,余杭区,闲林山水,2026-08-02 07:00,0.071,6.8,0.36,28.0,正常,0
HZ008492,杭州,拱墅区,运河新城社区,2026-08-01 18:00,0.079,6.2,0.36,29.6,正常,0
HZ008493,杭州,上城区,丁兰社区,2026-08-04 23:00,0.016,1.4,0.31,29.1,正常,0
HZ008494,杭州,萧山区,北干社区,2026-08-06 04:00,0.011,0.7,0.32,29.7,正常,0
HZ008495,杭州,钱塘区,下沙社区,2026-08-06 04:00,0.034,2.3,0.32,29.2,正常,0
HZ008496,杭州,临平区,塘栖人家,2026-08-01 06:00,0.046,4.3,0.31,30.0,正常,0
HZ008497,杭州,西湖区,文新社区,2026-08-03 06:00,0.076,7.5,0.34,29.9,正常,0
HZ008498,杭州,滨江区,钱塘春晓,2026-08-04 00:00,0.016,1.4,0.35,30.9,正常,0
HZ008499,杭州,余杭区,仓前家园,2026-08-03 05:00,0.018,1.7,0.29,27.8,正常,0
HZ008500,杭州,拱墅区,运河新城社区,2026-08-06 20:00,0.055,3.7,0.38,29.1,正常,0
HZ008501,杭州,上城区,近江家园,2026-08-03 02:00,0.033,2.2,0.38,27.5,正常,0
HZ008502,杭州,萧山区,钱江世纪城社区,2026-08-05 02:00,0.003,0.2,0.31,28.3,正常,0
HZ008503,杭州,钱塘区,江东家园,2026-08-06 10:00,0.134,8.7,0.33,28.0,正常,0
HZ008504,杭州,临平区,南苑小区,2026-08-01 22:00,0.068,4.6,0.37,28.7,正常,0
HZ008505,杭州,西湖区,转塘家园,2026-08-01 13:00,0.040,3.7,0.36,32.0,正常,0
HZ008506,杭州,滨江区,白马湖社区,2026-08-05 05:00,0.006,0.4,0.30,29.7,正常,0
HZ008507,杭州,余杭区,仓前家园,2026-08-04 07:00,0.036,2.4,0.36,28.7,正常,0
HZ008508,杭州,拱墅区,湖墅家园,2026-08-04 13:00,0.042,3.3,0.32,33.2,正常,0
HZ008509,杭州,上城区,采荷小区,2026-08-03 22:00,0.066,5.9,0.35,29.1,正常,0
HZ008510,杭州,萧山区,钱江世纪城社区,2026-08-02 01:00,0.024,2.3,0.34,27.9,正常,0
HZ008511,杭州,钱塘区,河庄新苑,2026-08-01 23:00,0.015,1.0,0.36,27.9,正常,0
HZ008512,杭州,临平区,塘栖人家,2026-08-04 15:00,0.019,1.5,0.29,30.7,正常,0
HZ008513,杭州,西湖区,文新社区,2026-08-07 11:00,0.021,1.4,0.36,33.7,正常,0
HZ008514,杭州,滨江区,江南花园,2026-08-06 04:00,0.021,1.9,0.36,30.2,正常,0
HZ008515,杭州,余杭区,仓前家园,2026-08-06 19:00,0.146,9.4,0.32,30.7,正常,0
HZ008516,杭州,拱墅区,半山家园,2026-08-03 10:00,0.094,7.7,0.37,28.6,正常,0
HZ008517,杭州,上城区,丁兰社区,2026-08-06 02:00,0.008,0.7,0.38,30.4,正常,0
HZ008518,杭州,萧山区,宁围佳境,2026-08-07 12:00,0.086,5.5,0.36,30.1,正常,0
HZ008519,杭州,钱塘区,大学城北社区,2026-08-07 01:00,0.014,1.1,0.37,29.1,正常,0
HZ008520,杭州,临平区,乔司家园,2026-08-07 23:00,0.054,3.4,0.36,27.3,正常,0
HZ008521,杭州,西湖区,三墩新天地,2026-08-03 01:00,0.013,0.9,0.33,28.0,正常,0
HZ008522,杭州,滨江区,滨康小区,2026-08-01 04:00,0.024,1.6,0.31,29.7,正常,0
HZ008523,杭州,余杭区,未来科技城社区,2026-08-07 15:00,0.053,3.4,0.34,30.5,正常,0
HZ008524,杭州,拱墅区,大关小区,2026-08-01 09:00,0.112,9.7,0.33,29.8,正常,0
HZ008525,杭州,上城区,丁兰社区,2026-08-02 13:00,0.079,4.9,0.37,30.8,正常,0
HZ008526,杭州,萧山区,北干社区,2026-08-03 13:00,0.071,6.5,0.32,30.0,正常,0
HZ008527,杭州,钱塘区,大学城北社区,2026-08-02 13:00,0.058,4.0,0.35,33.6,正常,0
HZ008528,杭州,临平区,星桥社区,2026-08-07 22:00,0.012,0.9,0.37,28.1,正常,0
HZ008529,杭州,西湖区,三墩新天地,2026-08-02 02:00,0.026,2.1,0.39,29.0,正常,0
HZ008530,杭州,滨江区,白马湖社区,2026-08-02 05:00,0.005,0.4,0.36,28.2,正常,0
HZ008531,杭州,余杭区,良渚文化村,2026-08-04 08:00,0.030,2.8,0.28,29.2,正常,0
HZ008532,杭州,拱墅区,运河新城社区,2026-08-01 06:00,0.072,6.6,0.30,29.5,正常,0
HZ008533,杭州,上城区,望江新园,2026-08-06 05:00,0.003,0.3,0.32,27.9,正常,0
HZ008534,杭州,萧山区,北干社区,2026-08-07 22:00,0.041,2.6,0.36,27.7,正常,0
HZ008535,杭州,钱塘区,大学城北社区,2026-08-03 16:00,0.059,4.2,0.31,32.1,正常,0
HZ008536,杭州,临平区,南苑小区,2026-08-05 17:00,0.022,1.5,0.31,30.3,正常,0
HZ008537,杭州,西湖区,转塘家园,2026-08-05 17:00,0.069,6.3,0.37,31.0,正常,0
HZ008538,杭州,滨江区,白马湖社区,2026-08-05 05:00,0.011,0.7,0.29,28.9,正常,0
HZ008539,杭州,余杭区,未来科技城社区,2026-08-06 14:00,0.114,9.7,0.38,31.9,正常,0
HZ008540,杭州,拱墅区,湖墅家园,2026-08-05 01:00,0.010,0.9,0.31,30.4,正常,0
HZ008541,杭州,上城区,采荷小区,2026-08-06 01:00,0.003,0.2,0.35,30.9,正常,0
HZ008542,杭州,萧山区,宁围佳境,2026-08-05 11:00,0.096,6.3,0.30,32.0,正常,0
HZ008543,杭州,钱塘区,大学城北社区,2026-08-01 23:00,0.084,5.9,0.36,29.8,正常,0
HZ008544,杭州,临平区,星桥社区,2026-08-02 13:00,0.052,3.5,0.30,30.3,正常,0
HZ008545,杭州,西湖区,转塘家园,2026-08-07 12:00,0.073,6.1,0.37,30.6,正常,0
HZ008546,杭州,滨江区,滨康小区,2026-08-05 08:00,0.032,2.6,0.37,27.3,正常,0
HZ008547,杭州,余杭区,未来科技城社区,2026-08-06 09:00,0.131,9.4,0.33,29.6,正常,0
HZ008548,杭州,拱墅区,湖墅家园,2026-08-01 02:00,0.007,0.5,0.54,27.2,异常,1
HZ008549,杭州,上城区,望江新园,2026-08-01 23:00,0.090,6.9,0.38,29.6,正常,0
HZ008550,杭州,萧山区,宁围佳境,2026-08-05 06:00,0.096,9.5,0.33,29.2,正常,0
HZ008551,杭州,钱塘区,下沙社区,2026-08-06 01:00,0.228,12.5,0.32,30.8,异常,1
HZ008552,杭州,临平区,乔司家园,2026-08-04 09:00,0.073,5.4,0.29,28.6,正常,0
HZ008553,杭州,西湖区,转塘家园,2026-08-06 07:00,0.011,0.8,0.34,30.0,正常,0
HZ008554,杭州,滨江区,钱塘春晓,2026-08-02 03:00,0.022,1.8,0.38,30.6,正常,0
HZ008555,杭州,余杭区,良渚文化村,2026-08-07 17:00,0.084,5.4,0.36,32.6,正常,0
HZ008556,杭州,拱墅区,运河新城社区,2026-08-07 21:00,0.036,2.7,0.32,29.6,正常,0
HZ008557,杭州,上城区,近江家园,2026-08-04 13:00,0.039,3.9,0.30,31.8,正常,0
HZ008558,杭州,萧山区,钱江世纪城社区,2026-08-01 17:00,0.104,7.3,0.34,32.0,正常,0
HZ008559,杭州,钱塘区,河庄新苑,2026-08-05 11:00,0.026,2.0,0.36,32.1,正常,0
HZ008560,杭州,临平区,南苑小区,2026-08-02 17:00,0.103,7.7,0.34,30.8,正常,0
HZ008561,杭州,西湖区,翠苑小区,2026-08-02 05:00,0.022,1.9,0.38,29.9,正常,0
HZ008562,杭州,滨江区,钱塘春晓,2026-08-02 17:00,0.108,8.9,0.37,32.4,正常,0
HZ008563,杭州,余杭区,未来科技城社区,2026-08-02 02:00,0.009,0.8,0.38,30.2,正常,0
HZ008564,杭州,拱墅区,运河新城社区,2026-08-06 11:00,0.051,4.5,0.32,32.7,正常,0
HZ008565,杭州,上城区,望江新园,2026-08-01 18:00,0.094,7.1,0.37,27.4,正常,0
HZ008566,杭州,萧山区,北干社区,2026-08-05 16:00,0.096,8.3,0.34,31.2,正常,0
HZ008567,杭州,钱塘区,江东家园,2026-08-06 15:00,0.014,1.3,0.29,32.5,正常,0
HZ008568,杭州,临平区,乔司家园,2026-08-02 10:00,0.011,0.7,0.30,27.7,正常,0
HZ008569,杭州,西湖区,三墩新天地,2026-08-05 20:00,0.102,7.6,0.33,30.6,正常,0
HZ008570,杭州,滨江区,江南花园,2026-08-03 17:00,0.015,1.4,0.37,31.1,正常,0
HZ008571,杭州,余杭区,良渚文化村,2026-08-04 10:00,0.038,2.4,0.31,28.6,正常,0
HZ008572,杭州,拱墅区,湖墅家园,2026-08-01 12:00,0.097,8.3,0.37,33.6,正常,0
HZ008573,杭州,上城区,近江家园,2026-08-04 11:00,0.249,17.5,0.37,31.6,异常,1
HZ008574,杭州,萧山区,钱江世纪城社区,2026-08-03 04:00,0.017,1.7,0.36,29.7,正常,0
HZ008575,杭州,钱塘区,大学城北社区,2026-08-05 16:00,0.097,8.1,0.29,31.3,正常,0
HZ008576,杭州,临平区,南苑小区,2026-08-05 22:00,0.058,4.5,0.36,29.2,正常,0
HZ008577,杭州,西湖区,转塘家园,2026-08-03 21:00,0.105,9.1,0.39,28.9,正常,0
HZ008578,杭州,滨江区,钱塘春晓,2026-08-01 05:00,0.030,2.2,0.48,28.7,异常,1
HZ008579,杭州,余杭区,良渚文化村,2026-08-01 03:00,0.020,1.8,0.32,28.0,正常,0
HZ008580,杭州,拱墅区,湖墅家园,2026-08-06 13:00,0.101,7.4,0.30,30.6,正常,0
HZ008581,杭州,上城区,望江新园,2026-08-07 06:00,0.048,3.9,0.32,30.9,正常,0
HZ008582,杭州,萧山区,宁围佳境,2026-08-02 12:00,0.054,4.2,0.38,34.0,正常,0
HZ008583,杭州,钱塘区,大学城北社区,2026-08-02 08:00,0.214,15.2,0.35,28.2,异常,1
HZ008584,杭州,临平区,乔司家园,2026-08-04 23:00,0.033,2.8,0.32,30.6,正常,0
HZ008585,杭州,西湖区,三墩新天地,2026-08-03 02:00,0.003,0.3,0.30,29.9,正常,0
HZ008586,杭州,滨江区,白马湖社区,2026-08-03 09:00,0.059,4.4,0.32,28.6,正常,0
HZ008587,杭州,余杭区,良渚文化村,2026-08-03 17:00,0.360,19.2,0.32,33.6,异常,1
HZ008588,杭州,拱墅区,运河新城社区,2026-08-07 04:00,0.022,1.6,0.29,29.0,正常,0
HZ008589,杭州,上城区,望江新园,2026-08-01 15:00,0.084,6.5,0.29,32.5,正常,0
HZ008590,杭州,萧山区,宁围佳境,2026-08-01 00:00,0.024,1.6,0.29,29.2,正常,0
HZ008591,杭州,钱塘区,江东家园,2026-08-04 07:00,0.117,8.0,0.38,30.5,正常,0
HZ008592,杭州,临平区,乔司家园,2026-08-06 23:00,0.132,9.1,0.30,30.5,正常,0
HZ008593,杭州,西湖区,三墩新天地,2026-08-05 23:00,0.086,7.6,0.34,27.8,正常,0
HZ008594,杭州,滨江区,钱塘春晓,2026-08-05 21:00,0.050,4.7,0.33,30.8,正常,0
HZ008595,杭州,余杭区,未来科技城社区,2026-08-07 21:00,0.080,5.0,0.35,29.8,正常,0
HZ008596,杭州,拱墅区,湖墅家园,2026-08-05 04:00,0.012,0.8,0.33,28.5,正常,0
HZ008597,杭州,上城区,采荷小区,2026-08-07 06:00,0.081,6.1,0.33,29.1,正常,0
HZ008598,杭州,萧山区,宁围佳境,2026-08-07 06:00,0.062,4.9,0.39,30.3,正常,0
HZ008599,杭州,钱塘区,大学城北社区,2026-08-06 16:00,0.090,6.9,0.39,32.3,正常,0
HZ008600,杭州,临平区,乔司家园,2026-08-06 23:00,0.041,3.6,0.52,29.2,异常,1
HZ008601,杭州,西湖区,文新社区,2026-08-03 18:00,0.047,4.2,0.33,29.5,正常,0
HZ008602,杭州,滨江区,钱塘春晓,2026-08-03 05:00,0.029,2.3,0.35,30.7,正常,0
HZ008603,杭州,余杭区,仓前家园,2026-08-02 03:00,0.007,0.5,0.35,28.1,正常,0
HZ008604,杭州,拱墅区,半山家园,2026-08-04 20:00,0.067,5.9,0.31,30.0,正常,0
HZ008605,杭州,上城区,采荷小区,2026-08-04 01:00,0.315,17.4,0.36,28.4,异常,1
HZ008606,杭州,萧山区,北干社区,2026-08-07 18:00,0.013,1.0,0.32,29.2,正常,0
HZ008607,杭州,钱塘区,江东家园,2026-08-03 19:00,0.087,6.7,0.31,30.4,正常,0
HZ008608,杭州,临平区,星桥社区,2026-08-02 05:00,0.014,1.1,0.52,29.3,异常,1
HZ008609,杭州,西湖区,文新社区,2026-08-07 20:00,0.017,1.4,0.33,30.7,正常,0
HZ008610,杭州,滨江区,白马湖社区,2026-08-04 02:00,0.021,1.9,0.37,28.0,正常,0
HZ008611,杭州,余杭区,仓前家园,2026-08-07 00:00,0.017,1.5,0.35,30.4,正常,0
HZ008612,杭州,拱墅区,湖墅家园,2026-08-06 12:00,0.082,5.8,0.33,33.7,正常,0
HZ008613,杭州,上城区,望江新园,2026-08-05 18:00,0.026,2.0,0.38,28.2,正常,0
HZ008614,杭州,萧山区,北干社区,2026-08-02 03:00,0.029,2.1,0.39,29.0,正常,0
HZ008615,杭州,钱塘区,江东家园,2026-08-04 21:00,0.062,5.8,0.28,28.3,正常,0
HZ008616,杭州,临平区,南苑小区,2026-08-01 11:00,0.035,3.3,0.29,30.5,正常,0
HZ008617,杭州,西湖区,转塘家园,2026-08-01 12:00,0.081,6.2,0.38,30.2,正常,0
HZ008618,杭州,滨江区,江南花园,2026-08-03 10:00,0.030,2.1,0.36,30.2,正常,0
HZ008619,杭州,余杭区,良渚文化村,2026-08-04 09:00,0.102,6.9,0.34,30.8,正常,0
HZ008620,杭州,拱墅区,大关小区,2026-08-05 11:00,0.090,6.6,0.33,34.0,正常,0
HZ008621,杭州,上城区,近江家园,2026-08-01 10:00,0.067,6.2,0.32,28.4,正常,0
HZ008622,杭州,萧山区,北干社区,2026-08-02 02:00,0.028,2.2,0.30,27.0,正常,0
HZ008623,杭州,钱塘区,河庄新苑,2026-08-04 22:00,0.011,1.1,0.34,29.1,正常,0
HZ008624,杭州,临平区,星桥社区,2026-08-04 15:00,0.029,2.0,0.30,30.2,正常,0
HZ008625,杭州,西湖区,三墩新天地,2026-08-02 11:00,0.091,6.5,0.32,31.3,正常,0
HZ008626,杭州,滨江区,江南花园,2026-08-04 16:00,0.054,5.2,0.30,30.8,正常,0
HZ008627,杭州,余杭区,未来科技城社区,2026-08-05 12:00,0.032,2.2,0.28,30.5,正常,0
HZ008628,杭州,拱墅区,半山家园,2026-08-01 15:00,0.114,9.8,0.35,31.6,正常,0
HZ008629,杭州,上城区,近江家园,2026-08-05 20:00,0.088,6.5,0.33,27.7,正常,0
HZ008630,杭州,萧山区,北干社区,2026-08-05 16:00,0.088,6.3,0.32,33.3,正常,0
HZ008631,杭州,钱塘区,大学城北社区,2026-08-01 00:00,0.030,2.0,0.36,28.3,正常,0
HZ008632,杭州,临平区,塘栖人家,2026-08-07 16:00,0.011,0.8,0.30,32.3,正常,0
HZ008633,杭州,西湖区,转塘家园,2026-08-06 14:00,0.097,6.1,0.32,31.0,正常,0
HZ008634,杭州,滨江区,白马湖社区,2026-08-05 19:00,0.040,3.9,0.28,30.6,正常,0
HZ008635,杭州,余杭区,未来科技城社区,2026-08-03 14:00,0.014,1.1,0.29,30.8,正常,0
HZ008636,杭州,拱墅区,大关小区,2026-08-06 10:00,0.104,6.6,0.34,29.0,正常,0
HZ008637,杭州,上城区,采荷小区,2026-08-01 00:00,0.017,1.1,0.28,28.2,正常,0
HZ008638,杭州,萧山区,北干社区,2026-08-02 07:00,0.049,4.6,0.36,27.9,正常,0
HZ008639,杭州,钱塘区,大学城北社区,2026-08-04 14:00,0.053,3.9,0.31,32.5,正常,0
HZ008640,杭州,临平区,南苑小区,2026-08-02 10:00,0.029,2.2,0.33,29.3,正常,0
HZ008641,杭州,西湖区,翠苑小区,2026-08-05 01:00,0.013,1.0,0.35,29.2,正常,0
HZ008642,杭州,滨江区,白马湖社区,2026-08-01 03:00,0.009,0.7,0.50,29.8,异常,1
HZ008643,杭州,余杭区,未来科技城社区,2026-08-04 07:00,0.107,8.6,0.28,30.5,正常,0
HZ008644,杭州,拱墅区,运河新城社区,2026-08-02 07:00,0.113,8.0,0.34,30.3,正常,0
HZ008645,杭州,上城区,采荷小区,2026-08-02 00:00,0.008,0.8,0.28,27.1,正常,0
HZ008646,杭州,萧山区,湘湖家园,2026-08-02 20:00,0.068,4.9,0.49,27.2,异常,1
HZ008647,杭州,钱塘区,大学城北社区,2026-08-06 06:00,0.094,7.4,0.32,27.6,正常,0
HZ008648,杭州,临平区,塘栖人家,2026-08-03 18:00,0.085,5.8,0.30,28.1,正常,0
HZ008649,杭州,西湖区,转塘家园,2026-08-03 10:00,0.070,4.5,0.35,27.9,正常,0
HZ008650,杭州,滨江区,钱塘春晓,2026-08-02 22:00,0.060,4.5,0.29,27.7,正常,0
HZ008651,杭州,余杭区,未来科技城社区,2026-08-04 11:00,0.144,9.8,0.28,33.5,正常,0
HZ008652,杭州,拱墅区,运河新城社区,2026-08-01 19:00,0.056,4.2,0.29,29.1,正常,0
HZ008653,杭州,上城区,丁兰社区,2026-08-01 17:00,0.009,0.9,0.36,30.4,正常,0
HZ008654,杭州,萧山区,钱江世纪城社区,2026-08-02 13:00,0.051,4.8,0.38,30.1,正常,0
HZ008655,杭州,钱塘区,大学城北社区,2026-08-05 23:00,0.018,1.8,0.36,28.3,正常,0
HZ008656,杭州,临平区,南苑小区,2026-08-03 22:00,0.011,1.0,0.30,28.1,正常,0
HZ008657,杭州,西湖区,文新社区,2026-08-03 07:00,0.123,9.0,0.35,28.0,正常,0
HZ008658,杭州,滨江区,江南花园,2026-08-07 23:00,0.105,8.2,0.29,30.0,正常,0
HZ008659,杭州,余杭区,良渚文化村,2026-08-01 01:00,0.003,0.2,0.32,29.4,正常,0
HZ008660,杭州,拱墅区,湖墅家园,2026-08-03 11:00,0.077,6.1,0.30,32.8,正常,0
HZ008661,杭州,上城区,采荷小区,2026-08-05 21:00,0.308,17.8,0.38,28.6,异常,1
HZ008662,杭州,萧山区,钱江世纪城社区,2026-08-06 22:00,0.054,3.7,0.31,28.4,正常,0
HZ008663,杭州,钱塘区,大学城北社区,2026-08-07 06:00,0.088,8.8,0.34,30.3,正常,0
HZ008664,杭州,临平区,星桥社区,2026-08-07 11:00,0.127,8.8,0.36,33.8,正常,0
HZ008665,杭州,西湖区,转塘家园,2026-08-07 08:00,0.028,1.9,0.33,29.1,正常,0
HZ008666,杭州,滨江区,江南花园,2026-08-03 15:00,0.139,9.9,0.38,31.5,正常,0
HZ008667,杭州,余杭区,仓前家园,2026-08-07 20:00,0.034,2.3,0.29,27.4,正常,0
HZ008668,杭州,拱墅区,湖墅家园,2026-08-05 09:00,0.041,3.8,0.31,30.4,正常,0
HZ008669,杭州,上城区,近江家园,2026-08-06 21:00,0.090,8.9,0.32,30.2,正常,0
HZ008670,杭州,萧山区,湘湖家园,2026-08-03 10:00,0.114,9.6,0.30,29.0,正常,0
HZ008671,杭州,钱塘区,下沙社区,2026-08-05 02:00,0.017,1.3,0.29,28.1,正常,0
HZ008672,杭州,临平区,塘栖人家,2026-08-04 19:00,0.107,7.9,0.39,29.6,正常,0
HZ008673,杭州,西湖区,转塘家园,2026-08-07 00:00,0.016,1.4,0.39,29.0,正常,0
HZ008674,杭州,滨江区,江南花园,2026-08-06 15:00,0.021,1.6,0.38,30.9,正常,0
HZ008675,杭州,余杭区,未来科技城社区,2026-08-03 15:00,0.080,5.1,0.31,33.4,正常,0
HZ008676,杭州,拱墅区,湖墅家园,2026-08-04 06:00,0.046,3.0,0.30,27.2,正常,0
HZ008677,杭州,上城区,丁兰社区,2026-08-01 15:00,0.041,2.6,0.28,31.2,正常,0
HZ008678,杭州,萧山区,宁围佳境,2026-08-06 08:00,0.053,3.5,0.31,28.3,正常,0
HZ008679,杭州,钱塘区,下沙社区,2026-08-05 22:00,0.102,9.8,0.32,29.0,正常,0
HZ008680,杭州,临平区,南苑小区,2026-08-02 17:00,0.041,3.7,0.38,33.7,正常,0
HZ008681,杭州,西湖区,三墩新天地,2026-08-04 01:00,0.007,0.5,0.28,28.4,正常,0
HZ008682,杭州,滨江区,江南花园,2026-08-01 04:00,0.011,1.0,0.34,28.7,正常,0
HZ008683,杭州,余杭区,仓前家园,2026-08-02 18:00,0.085,6.2,0.33,29.5,正常,0
HZ008684,杭州,拱墅区,湖墅家园,2026-08-05 09:00,0.061,5.2,0.29,28.7,正常,0
HZ008685,杭州,上城区,采荷小区,2026-08-07 12:00,0.131,9.9,0.31,31.6,正常,0
HZ008686,杭州,萧山区,宁围佳境,2026-08-04 13:00,0.013,0.9,0.34,31.1,正常,0
HZ008687,杭州,钱塘区,大学城北社区,2026-08-05 20:00,0.038,3.2,0.32,27.7,正常,0
HZ008688,杭州,临平区,星桥社区,2026-08-05 02:00,0.004,0.4,0.30,29.8,正常,0
HZ008689,杭州,西湖区,三墩新天地,2026-08-02 15:00,0.105,6.6,0.33,33.1,正常,0
HZ008690,杭州,滨江区,滨康小区,2026-08-02 04:00,0.011,0.8,0.28,28.5,正常,0
HZ008691,杭州,余杭区,良渚文化村,2026-08-04 03:00,0.034,2.2,0.32,29.3,正常,0
HZ008692,杭州,拱墅区,运河新城社区,2026-08-03 05:00,0.032,2.3,0.36,27.6,正常,0
HZ008693,杭州,上城区,近江家园,2026-08-01 23:00,0.151,10.2,0.38,29.2,正常,0
HZ008694,杭州,萧山区,钱江世纪城社区,2026-08-04 05:00,0.004,0.3,0.51,28.8,异常,1
HZ008695,杭州,钱塘区,河庄新苑,2026-08-01 11:00,0.058,4.6,0.34,32.9,正常,0
HZ008696,杭州,临平区,乔司家园,2026-08-02 19:00,0.018,1.5,0.47,27.6,异常,1
HZ008697,杭州,西湖区,翠苑小区,2026-08-05 10:00,0.083,6.7,0.33,29.9,正常,0
HZ008698,杭州,滨江区,江南花园,2026-08-02 06:00,0.024,2.2,0.29,28.6,正常,0
HZ008699,杭州,余杭区,闲林山水,2026-08-06 04:00,0.025,1.9,0.36,29.7,正常,0
HZ008700,杭州,拱墅区,半山家园,2026-08-04 02:00,0.016,1.5,0.13,28.4,异常,1
HZ008701,杭州,上城区,望江新园,2026-08-01 22:00,0.058,3.9,0.34,30.0,正常,0
HZ008702,杭州,萧山区,北干社区,2026-08-02 16:00,0.043,3.5,0.34,32.6,正常,0
HZ008703,杭州,钱塘区,江东家园,2026-08-05 13:00,0.095,6.9,0.37,30.1,正常,0
HZ008704,杭州,临平区,塘栖人家,2026-08-01 14:00,0.129,9.2,0.37,32.0,正常,0
HZ008705,杭州,西湖区,转塘家园,2026-08-01 21:00,0.123,9.6,0.31,30.2,正常,0
HZ008706,杭州,滨江区,钱塘春晓,2026-08-05 21:00,0.094,7.3,0.29,29.9,正常,0
HZ008707,杭州,余杭区,未来科技城社区,2026-08-07 12:00,0.107,7.4,0.38,33.3,正常,0
HZ008708,杭州,拱墅区,半山家园,2026-08-06 05:00,0.009,0.6,0.30,27.3,正常,0
HZ008709,杭州,上城区,采荷小区,2026-08-07 02:00,0.021,1.9,0.38,27.0,正常,0
HZ008710,杭州,萧山区,湘湖家园,2026-08-07 19:00,0.113,8.9,0.38,27.2,正常,0
HZ008711,杭州,钱塘区,下沙社区,2026-08-03 11:00,0.052,5.0,0.30,32.7,正常,0
HZ008712,杭州,临平区,星桥社区,2026-08-05 05:00,0.005,0.4,0.35,28.6,正常,0
HZ008713,杭州,西湖区,转塘家园,2026-08-02 05:00,0.034,2.1,0.30,28.0,正常,0
HZ008714,杭州,滨江区,白马湖社区,2026-08-07 19:00,0.022,1.7,0.37,28.6,正常,0
HZ008715,杭州,余杭区,仓前家园,2026-08-05 08:00,0.092,9.0,0.34,28.1,正常,0
HZ008716,杭州,拱墅区,半山家园,2026-08-05 23:00,0.088,8.4,0.32,29.7,正常,0
HZ008717,杭州,上城区,望江新园,2026-08-01 04:00,0.013,0.9,0.35,28.0,正常,0
HZ008718,杭州,萧山区,宁围佳境,2026-08-02 23:00,0.110,9.4,0.32,29.0,正常,0
HZ008719,杭州,钱塘区,江东家园,2026-08-01 00:00,0.018,1.6,0.33,28.5,正常,0
HZ008720,杭州,临平区,乔司家园,2026-08-05 13:00,0.022,1.4,0.31,31.9,正常,0
HZ008721,杭州,西湖区,翠苑小区,2026-08-07 21:00,0.127,10.3,0.30,30.3,正常,0
HZ008722,杭州,滨江区,钱塘春晓,2026-08-03 18:00,0.130,8.6,0.31,29.0,正常,0
HZ008723,杭州,余杭区,仓前家园,2026-08-06 07:00,0.038,3.0,0.32,29.1,正常,0
HZ008724,杭州,拱墅区,运河新城社区,2026-08-04 23:00,0.015,1.4,0.39,27.7,正常,0
HZ008725,杭州,上城区,丁兰社区,2026-08-02 04:00,0.029,2.2,0.29,30.1,正常,0
HZ008726,杭州,萧山区,北干社区,2026-08-01 05:00,0.019,1.5,0.38,27.6,正常,0
HZ008727,杭州,钱塘区,下沙社区,2026-08-02 02:00,0.015,1.2,0.33,28.9,正常,0
HZ008728,杭州,临平区,乔司家园,2026-08-02 14:00,0.141,10.5,0.32,33.0,正常,0
HZ008729,杭州,西湖区,转塘家园,2026-08-06 13:00,0.091,6.8,0.28,30.9,正常,0
HZ008730,杭州,滨江区,江南花园,2026-08-04 06:00,0.014,1.1,0.33,28.7,正常,0
HZ008731,杭州,余杭区,仓前家园,2026-08-01 05:00,0.014,1.2,0.32,27.4,正常,0
HZ008732,杭州,拱墅区,湖墅家园,2026-08-02 11:00,0.025,1.9,0.33,31.9,正常,0
HZ008733,杭州,上城区,望江新园,2026-08-02 19:00,0.020,1.6,0.30,29.1,正常,0
HZ008734,杭州,萧山区,宁围佳境,2026-08-01 02:00,0.004,0.3,0.36,27.1,正常,0
HZ008735,杭州,钱塘区,河庄新苑,2026-08-07 11:00,0.109,9.8,0.34,33.1,正常,0
HZ008736,杭州,临平区,塘栖人家,2026-08-01 12:00,0.092,5.8,0.34,32.8,正常,0
HZ008737,杭州,西湖区,文新社区,2026-08-06 18:00,0.101,6.4,0.34,30.3,正常,0
HZ008738,杭州,滨江区,滨康小区,2026-08-04 07:00,0.115,8.7,0.34,30.5,正常,0
HZ008739,杭州,余杭区,良渚文化村,2026-08-06 10:00,0.058,3.8,0.38,29.3,正常,0
HZ008740,杭州,拱墅区,湖墅家园,2026-08-05 12:00,0.079,6.3,0.36,33.2,正常,0
HZ008741,杭州,上城区,望江新园,2026-08-06 18:00,0.052,5.0,0.37,27.3,正常,0
HZ008742,杭州,萧山区,湘湖家园,2026-08-05 18:00,0.014,1.4,0.32,30.6,正常,0
HZ008743,杭州,钱塘区,大学城北社区,2026-08-02 04:00,0.008,0.5,0.34,29.9,正常,0
HZ008744,杭州,临平区,塘栖人家,2026-08-03 12:00,0.054,3.8,0.32,30.1,正常,0
HZ008745,杭州,西湖区,文新社区,2026-08-04 05:00,0.010,0.9,0.30,30.0,正常,0
HZ008746,杭州,滨江区,钱塘春晓,2026-08-02 03:00,0.022,2.0,0.35,29.2,正常,0
HZ008747,杭州,余杭区,闲林山水,2026-08-02 05:00,0.026,2.1,0.37,30.2,正常,0
HZ008748,杭州,拱墅区,湖墅家园,2026-08-05 11:00,0.073,6.7,0.33,31.9,正常,0
HZ008749,杭州,上城区,采荷小区,2026-08-02 03:00,0.001,0.1,0.35,30.8,正常,0
HZ008750,杭州,萧山区,钱江世纪城社区,2026-08-06 10:00,0.103,9.6,0.33,30.2,正常,0
HZ008751,杭州,钱塘区,河庄新苑,2026-08-05 21:00,0.209,14.0,0.31,29.2,异常,1
HZ008752,杭州,临平区,星桥社区,2026-08-02 23:00,0.024,2.1,0.31,28.9,正常,0
HZ008753,杭州,西湖区,三墩新天地,2026-08-07 23:00,0.022,2.0,0.38,28.9,正常,0
HZ008754,杭州,滨江区,滨康小区,2026-08-03 03:00,0.028,1.9,0.34,28.8,正常,0
HZ008755,杭州,余杭区,良渚文化村,2026-08-04 21:00,0.015,1.5,0.34,28.7,正常,0
HZ008756,杭州,拱墅区,半山家园,2026-08-06 18:00,0.128,9.7,0.31,29.2,正常,0
HZ008757,杭州,上城区,望江新园,2026-08-07 16:00,0.134,9.3,0.31,30.3,正常,0
HZ008758,杭州,萧山区,钱江世纪城社区,2026-08-01 12:00,0.073,4.8,0.39,31.8,正常,0
HZ008759,杭州,钱塘区,下沙社区,2026-08-04 02:00,0.008,0.6,0.37,27.8,正常,0
HZ008760,杭州,临平区,南苑小区,2026-08-03 22:00,0.022,1.6,0.35,27.6,正常,0
HZ008761,杭州,西湖区,转塘家园,2026-08-03 06:00,0.024,1.9,0.31,27.7,正常,0
HZ008762,杭州,滨江区,白马湖社区,2026-08-07 02:00,0.015,1.2,0.37,27.2,正常,0
HZ008763,杭州,余杭区,仓前家园,2026-08-06 23:00,0.012,1.1,0.37,28.5,正常,0
HZ008764,杭州,拱墅区,大关小区,2026-08-07 07:00,0.115,9.5,0.35,28.4,正常,0
HZ008765,杭州,上城区,望江新园,2026-08-03 14:00,0.054,4.6,0.30,30.1,正常,0
HZ008766,杭州,萧山区,宁围佳境,2026-08-01 06:00,0.023,1.5,0.29,29.6,正常,0
HZ008767,杭州,钱塘区,大学城北社区,2026-08-07 10:00,0.107,9.4,0.36,28.8,正常,0
HZ008768,杭州,临平区,星桥社区,2026-08-01 19:00,0.034,2.7,0.36,29.2,正常,0
HZ008769,杭州,西湖区,文新社区,2026-08-05 14:00,0.091,7.8,0.33,32.4,正常,0
HZ008770,杭州,滨江区,钱塘春晓,2026-08-02 02:00,0.010,0.9,0.31,30.2,正常,0
HZ008771,杭州,余杭区,未来科技城社区,2026-08-07 05:00,0.006,0.5,0.35,29.8,正常,0
HZ008772,杭州,拱墅区,运河新城社区,2026-08-02 21:00,0.071,5.3,0.39,28.3,正常,0
HZ008773,杭州,上城区,望江新园,2026-08-04 08:00,0.064,6.3,0.35,29.0,正常,0
HZ008774,杭州,萧山区,宁围佳境,2026-08-07 21:00,0.099,9.3,0.30,27.2,正常,0
HZ008775,杭州,钱塘区,江东家园,2026-08-07 06:00,0.393,20.2,0.32,30.5,异常,1
HZ008776,杭州,临平区,塘栖人家,2026-08-01 13:00,0.113,8.2,0.37,31.5,正常,0
HZ008777,杭州,西湖区,三墩新天地,2026-08-07 16:00,0.089,7.7,0.30,33.5,正常,0
HZ008778,杭州,滨江区,滨康小区,2026-08-04 09:00,0.087,8.0,0.32,29.9,正常,0
HZ008779,杭州,余杭区,未来科技城社区,2026-08-03 22:00,0.049,4.4,0.29,28.8,正常,0
HZ008780,杭州,拱墅区,运河新城社区,2026-08-03 21:00,0.139,9.8,0.32,30.1,正常,0
HZ008781,杭州,上城区,近江家园,2026-08-07 12:00,0.028,2.3,0.38,33.7,正常,0
HZ008782,杭州,萧山区,湘湖家园,2026-08-06 04:00,0.015,1.4,0.35,29.8,正常,0
HZ008783,杭州,钱塘区,下沙社区,2026-08-05 14:00,0.339,20.5,0.39,30.5,异常,1
HZ008784,杭州,临平区,南苑小区,2026-08-04 00:00,0.008,0.6,0.31,29.1,正常,0
HZ008785,杭州,西湖区,文新社区,2026-08-05 18:00,0.098,7.9,0.30,28.9,正常,0
HZ008786,杭州,滨江区,滨康小区,2026-08-03 06:00,0.099,7.4,0.32,27.5,正常,0
HZ008787,杭州,余杭区,仓前家园,2026-08-06 02:00,0.019,1.3,0.32,30.1,正常,0
HZ008788,杭州,拱墅区,半山家园,2026-08-03 20:00,0.119,8.3,0.36,30.4,正常,0
HZ008789,杭州,上城区,丁兰社区,2026-08-03 22:00,0.105,9.9,0.36,30.6,正常,0
HZ008790,杭州,萧山区,钱江世纪城社区,2026-08-01 07:00,0.029,2.1,0.29,27.4,正常,0
HZ008791,杭州,钱塘区,大学城北社区,2026-08-03 18:00,0.039,2.5,0.38,27.7,正常,0
HZ008792,杭州,临平区,乔司家园,2026-08-03 11:00,0.108,8.5,0.55,33.8,异常,1
HZ008793,杭州,西湖区,翠苑小区,2026-08-07 07:00,0.112,10.0,0.28,29.1,正常,0
HZ008794,杭州,滨江区,滨康小区,2026-08-05 01:00,0.029,1.8,0.34,27.9,正常,0
HZ008795,杭州,余杭区,良渚文化村,2026-08-04 20:00,0.104,7.8,0.36,28.2,正常,0
HZ008796,杭州,拱墅区,半山家园,2026-08-04 16:00,0.107,7.5,0.36,32.6,正常,0
HZ008797,杭州,上城区,采荷小区,2026-08-02 06:00,0.104,9.8,0.33,28.3,正常,0
HZ008798,杭州,萧山区,湘湖家园,2026-08-06 13:00,0.117,7.5,0.32,30.4,正常,0
HZ008799,杭州,钱塘区,河庄新苑,2026-08-04 15:00,0.290,17.8,0.38,31.0,异常,1
HZ008800,杭州,临平区,塘栖人家,2026-08-03 12:00,0.056,5.0,0.34,32.3,正常,0
HZ008801,杭州,西湖区,文新社区,2026-08-04 13:00,0.102,9.8,0.32,31.7,正常,0
HZ008802,杭州,滨江区,白马湖社区,2026-08-06 02:00,0.001,0.1,0.53,28.3,异常,1
HZ008803,杭州,余杭区,未来科技城社区,2026-08-03 05:00,0.020,1.4,0.38,29.4,正常,0
HZ008804,杭州,拱墅区,半山家园,2026-08-03 16:00,0.117,9.1,0.35,30.1,正常,0
HZ008805,杭州,上城区,近江家园,2026-08-04 20:00,0.077,5.5,0.35,29.0,正常,0
HZ008806,杭州,萧山区,钱江世纪城社区,2026-08-05 10:00,0.053,4.0,0.35,29.8,正常,0
HZ008807,杭州,钱塘区,江东家园,2026-08-05 10:00,0.077,5.0,0.39,27.6,正常,0
HZ008808,杭州,临平区,塘栖人家,2026-08-01 04:00,0.032,2.1,0.35,30.3,正常,0
HZ008809,杭州,西湖区,转塘家园,2026-08-05 16:00,0.037,3.6,0.36,33.2,正常,0
HZ008810,杭州,滨江区,江南花园,2026-08-01 08:00,0.014,0.9,0.52,28.6,异常,1
HZ008811,杭州,余杭区,未来科技城社区,2026-08-06 19:00,0.072,7.2,0.37,29.7,正常,0
HZ008812,杭州,拱墅区,半山家园,2026-08-01 04:00,0.008,0.7,0.37,30.1,正常,0
HZ008813,杭州,上城区,丁兰社区,2026-08-06 18:00,0.033,2.6,0.33,30.8,正常,0
HZ008814,杭州,萧山区,北干社区,2026-08-01 01:00,0.019,1.8,0.30,30.6,正常,0
HZ008815,杭州,钱塘区,大学城北社区,2026-08-01 09:00,0.056,5.0,0.30,28.2,正常,0
HZ008816,杭州,临平区,南苑小区,2026-08-04 17:00,0.141,10.0,0.28,32.2,正常,0
HZ008817,杭州,西湖区,文新社区,2026-08-03 12:00,0.013,0.9,0.33,33.1,正常,0
HZ008818,杭州,滨江区,江南花园,2026-08-07 15:00,0.019,1.6,0.37,33.3,正常,0
HZ008819,杭州,余杭区,良渚文化村,2026-08-02 21:00,0.022,2.1,0.38,27.5,正常,0
HZ008820,杭州,拱墅区,大关小区,2026-08-07 12:00,0.092,6.6,0.32,32.7,正常,0
HZ008821,杭州,上城区,采荷小区,2026-08-05 14:00,0.123,8.0,0.31,31.5,正常,0
HZ008822,杭州,萧山区,宁围佳境,2026-08-05 01:00,0.020,1.4,0.39,28.9,正常,0
HZ008823,杭州,钱塘区,江东家园,2026-08-04 23:00,0.069,6.2,0.36,28.6,正常,0
HZ008824,杭州,临平区,塘栖人家,2026-08-07 19:00,0.014,1.1,0.34,29.7,正常,0
HZ008825,杭州,西湖区,三墩新天地,2026-08-07 05:00,0.017,1.3,0.28,29.4,正常,0
HZ008826,杭州,滨江区,江南花园,2026-08-04 08:00,0.069,6.5,0.37,28.0,正常,0
HZ008827,杭州,余杭区,良渚文化村,2026-08-06 09:00,0.118,8.3,0.39,29.0,正常,0
HZ008828,杭州,拱墅区,半山家园,2026-08-03 21:00,0.014,1.0,0.38,30.0,正常,0
HZ008829,杭州,上城区,近江家园,2026-08-01 03:00,0.007,0.5,0.38,27.6,正常,0
HZ008830,杭州,萧山区,钱江世纪城社区,2026-08-06 15:00,0.122,8.0,0.35,30.2,正常,0
HZ008831,杭州,钱塘区,大学城北社区,2026-08-06 16:00,0.045,3.4,0.37,32.9,正常,0
HZ008832,杭州,临平区,星桥社区,2026-08-03 07:00,0.114,9.3,0.28,30.5,正常,0
HZ008833,杭州,西湖区,三墩新天地,2026-08-04 09:00,0.131,9.7,0.35,27.8,正常,0
HZ008834,杭州,滨江区,白马湖社区,2026-08-05 22:00,0.148,10.4,0.29,27.0,正常,0
HZ008835,杭州,余杭区,未来科技城社区,2026-08-02 12:00,0.150,10.3,0.29,31.9,正常,0
HZ008836,杭州,拱墅区,大关小区,2026-08-01 12:00,0.039,3.3,0.36,32.2,正常,0
HZ008837,杭州,上城区,丁兰社区,2026-08-07 11:00,0.021,1.4,0.33,31.1,正常,0
HZ008838,杭州,萧山区,宁围佳境,2026-08-02 16:00,0.099,8.6,0.33,32.9,正常,0
HZ008839,杭州,钱塘区,大学城北社区,2026-08-05 07:00,0.156,10.4,0.38,28.4,正常,0
HZ008840,杭州,临平区,塘栖人家,2026-08-05 22:00,0.059,4.7,0.31,27.4,正常,0
HZ008841,杭州,西湖区,翠苑小区,2026-08-01 01:00,0.016,1.1,0.37,27.9,正常,0
HZ008842,杭州,滨江区,白马湖社区,2026-08-07 06:00,0.118,8.8,0.30,27.8,正常,0
HZ008843,杭州,余杭区,未来科技城社区,2026-08-03 03:00,0.005,0.5,0.35,28.2,正常,0
HZ008844,杭州,拱墅区,大关小区,2026-08-01 10:00,0.079,6.4,0.29,29.8,正常,0
HZ008845,杭州,上城区,望江新园,2026-08-02 19:00,0.097,6.6,0.32,27.3,正常,0
HZ008846,杭州,萧山区,钱江世纪城社区,2026-08-05 15:00,0.103,7.5,0.38,30.7,正常,0
HZ008847,杭州,钱塘区,江东家园,2026-08-07 14:00,0.096,6.4,0.32,33.4,正常,0
HZ008848,杭州,临平区,星桥社区,2026-08-03 08:00,0.141,9.4,0.38,29.4,正常,0
HZ008849,杭州,西湖区,文新社区,2026-08-01 02:00,0.026,2.2,0.30,27.5,正常,0
HZ008850,杭州,滨江区,钱塘春晓,2026-08-05 12:00,0.033,3.2,0.38,30.6,正常,0
HZ008851,杭州,余杭区,良渚文化村,2026-08-02 11:00,0.095,7.2,0.31,31.9,正常,0
HZ008852,杭州,拱墅区,半山家园,2026-08-02 18:00,0.062,4.1,0.32,28.2,正常,0
HZ008853,杭州,上城区,望江新园,2026-08-03 22:00,0.079,5.1,0.31,30.8,正常,0
HZ008854,杭州,萧山区,湘湖家园,2026-08-02 20:00,0.025,1.8,0.38,30.6,正常,0
HZ008855,杭州,钱塘区,江东家园,2026-08-05 07:00,0.052,3.6,0.37,30.4,正常,0
HZ008856,杭州,临平区,星桥社区,2026-08-06 12:00,0.052,4.1,0.29,30.2,正常,0
HZ008857,杭州,西湖区,三墩新天地,2026-08-04 03:00,0.023,1.5,0.31,29.6,正常,0
HZ008858,杭州,滨江区,滨康小区,2026-08-01 05:00,0.012,1.0,0.39,29.4,正常,0
HZ008859,杭州,余杭区,闲林山水,2026-08-03 02:00,0.019,1.5,0.37,28.7,正常,0
HZ008860,杭州,拱墅区,湖墅家园,2026-08-04 05:00,0.014,0.9,0.36,30.9,正常,0
HZ008861,杭州,上城区,望江新园,2026-08-01 08:00,0.116,8.2,0.38,30.9,正常,0
HZ008862,杭州,萧山区,北干社区,2026-08-06 20:00,0.011,0.8,0.28,28.7,正常,0
HZ008863,杭州,钱塘区,下沙社区,2026-08-07 17:00,0.098,7.4,0.32,33.0,正常,0
HZ008864,杭州,临平区,南苑小区,2026-08-02 02:00,0.002,0.2,0.32,30.2,正常,0
HZ008865,杭州,西湖区,文新社区,2026-08-03 05:00,0.010,0.8,0.33,29.8,正常,0
HZ008866,杭州,滨江区,钱塘春晓,2026-08-06 20:00,0.126,9.6,0.34,30.3,正常,0
HZ008867,杭州,余杭区,良渚文化村,2026-08-06 14:00,0.150,10.2,0.30,30.9,正常,0
HZ008868,杭州,拱墅区,运河新城社区,2026-08-05 03:00,0.017,1.2,0.36,27.4,正常,0
HZ008869,杭州,上城区,近江家园,2026-08-06 00:00,0.003,0.3,0.31,30.1,正常,0
HZ008870,杭州,萧山区,北干社区,2026-08-07 12:00,0.010,0.8,0.31,31.5,正常,0
HZ008871,杭州,钱塘区,江东家园,2026-08-04 18:00,0.094,6.4,0.31,28.9,正常,0
HZ008872,杭州,临平区,星桥社区,2026-08-02 15:00,0.124,9.9,0.36,30.3,正常,0
HZ008873,杭州,西湖区,翠苑小区,2026-08-03 19:00,0.021,1.5,0.39,30.8,正常,0
HZ008874,杭州,滨江区,江南花园,2026-08-06 00:00,0.007,0.6,0.34,30.7,正常,0
HZ008875,杭州,余杭区,良渚文化村,2026-08-04 12:00,0.072,4.6,0.31,31.1,正常,0
HZ008876,杭州,拱墅区,大关小区,2026-08-07 01:00,0.027,1.9,0.31,31.0,正常,0
HZ008877,杭州,上城区,近江家园,2026-08-04 23:00,0.055,3.6,0.30,27.1,正常,0
HZ008878,杭州,萧山区,湘湖家园,2026-08-01 15:00,0.116,8.8,0.54,33.1,异常,1
HZ008879,杭州,钱塘区,河庄新苑,2026-08-02 10:00,0.041,3.9,0.39,29.8,正常,0
HZ008880,杭州,临平区,塘栖人家,2026-08-05 15:00,0.056,5.3,0.32,33.6,正常,0
HZ008881,杭州,西湖区,文新社区,2026-08-05 20:00,0.116,8.9,0.38,28.5,正常,0
HZ008882,杭州,滨江区,江南花园,2026-08-06 11:00,0.144,9.3,0.37,31.7,正常,0
HZ008883,杭州,余杭区,未来科技城社区,2026-08-04 16:00,0.013,1.3,0.35,33.9,正常,0
HZ008884,杭州,拱墅区,运河新城社区,2026-08-04 18:00,0.073,6.8,0.30,27.2,正常,0
HZ008885,杭州,上城区,丁兰社区,2026-08-03 22:00,0.060,5.5,0.34,27.0,正常,0
HZ008886,杭州,萧山区,钱江世纪城社区,2026-08-06 16:00,0.040,3.6,0.33,33.0,正常,0
HZ008887,杭州,钱塘区,下沙社区,2026-08-05 10:00,0.041,3.1,0.37,28.2,正常,0
HZ008888,杭州,临平区,南苑小区,2026-08-01 22:00,0.044,3.6,0.33,27.7,正常,0
HZ008889,杭州,西湖区,三墩新天地,2026-08-02 17:00,0.087,6.3,0.34,33.2,正常,0
HZ008890,杭州,滨江区,滨康小区,2026-08-04 14:00,0.079,5.1,0.36,32.2,正常,0
HZ008891,杭州,余杭区,良渚文化村,2026-08-04 10:00,0.066,5.0,0.37,28.2,正常,0
HZ008892,杭州,拱墅区,湖墅家园,2026-08-01 16:00,0.047,4.2,0.35,32.4,正常,0
HZ008893,杭州,上城区,采荷小区,2026-08-01 21:00,0.017,1.5,0.34,29.9,正常,0
HZ008894,杭州,萧山区,宁围佳境,2026-08-02 16:00,0.095,6.0,0.35,32.8,正常,0
HZ008895,杭州,钱塘区,河庄新苑,2026-08-03 06:00,0.022,1.9,0.28,27.3,正常,0
HZ008896,杭州,临平区,南苑小区,2026-08-01 00:00,0.002,0.2,0.38,28.7,正常,0
HZ008897,杭州,西湖区,转塘家园,2026-08-03 12:00,0.083,6.4,0.31,31.5,正常,0
HZ008898,杭州,滨江区,滨康小区,2026-08-02 07:00,0.125,9.6,0.30,28.8,正常,0
HZ008899,杭州,余杭区,良渚文化村,2026-08-02 06:00,0.011,1.0,0.33,27.3,正常,0
HZ008900,杭州,拱墅区,运河新城社区,2026-08-03 22:00,0.135,10.1,0.38,28.2,正常,0
HZ008901,杭州,上城区,丁兰社区,2026-08-05 18:00,0.063,5.3,0.36,30.2,正常,0
HZ008902,杭州,萧山区,北干社区,2026-08-06 14:00,0.078,6.6,0.34,33.9,正常,0
HZ008903,杭州,钱塘区,河庄新苑,2026-08-01 12:00,0.143,9.4,0.31,32.1,正常,0
HZ008904,杭州,临平区,南苑小区,2026-08-02 09:00,0.097,7.7,0.34,28.1,正常,0
HZ008905,杭州,西湖区,转塘家园,2026-08-07 12:00,0.089,6.4,0.33,30.5,正常,0
HZ008906,杭州,滨江区,江南花园,2026-08-02 22:00,0.106,7.8,0.34,31.0,正常,0
HZ008907,杭州,余杭区,未来科技城社区,2026-08-05 11:00,0.077,5.1,0.32,32.2,正常,0
HZ008908,杭州,拱墅区,半山家园,2026-08-05 19:00,0.058,5.6,0.38,29.4,正常,0
HZ008909,杭州,上城区,丁兰社区,2026-08-03 01:00,0.005,0.4,0.33,29.2,正常,0
HZ008910,杭州,萧山区,宁围佳境,2026-08-01 19:00,0.094,7.1,0.34,28.7,正常,0
HZ008911,杭州,钱塘区,下沙社区,2026-08-04 00:00,0.238,18.7,0.37,29.9,异常,1
HZ008912,杭州,临平区,乔司家园,2026-08-01 04:00,0.020,1.5,0.20,27.2,异常,1
HZ008913,杭州,西湖区,转塘家园,2026-08-07 12:00,0.075,5.2,0.28,33.9,正常,0
HZ008914,杭州,滨江区,白马湖社区,2026-08-01 10:00,0.018,1.3,0.37,29.3,正常,0
HZ008915,杭州,余杭区,闲林山水,2026-08-02 21:00,0.044,2.9,0.35,29.5,正常,0
HZ008916,杭州,拱墅区,运河新城社区,2026-08-07 17:00,0.102,6.5,0.29,31.5,正常,0
HZ008917,杭州,上城区,丁兰社区,2026-08-01 21:00,0.107,9.9,0.34,28.1,正常,0
HZ008918,杭州,萧山区,北干社区,2026-08-03 10:00,0.104,6.7,0.34,27.1,正常,0
HZ008919,杭州,钱塘区,下沙社区,2026-08-05 19:00,0.031,2.8,0.31,29.3,正常,0
HZ008920,杭州,临平区,南苑小区,2026-08-02 22:00,0.024,2.2,0.34,28.0,正常,0
HZ008921,杭州,西湖区,翠苑小区,2026-08-05 06:00,0.117,8.3,0.35,27.8,正常,0
HZ008922,杭州,滨江区,滨康小区,2026-08-02 13:00,0.095,7.8,0.13,30.7,异常,1
HZ008923,杭州,余杭区,未来科技城社区,2026-08-03 10:00,0.052,5.0,0.29,29.5,正常,0
HZ008924,杭州,拱墅区,湖墅家园,2026-08-05 09:00,0.051,3.6,0.30,30.4,正常,0
HZ008925,杭州,上城区,望江新园,2026-08-06 15:00,0.123,8.8,0.37,30.1,正常,0
HZ008926,杭州,萧山区,北干社区,2026-08-01 15:00,0.054,4.7,0.37,31.4,正常,0
HZ008927,杭州,钱塘区,大学城北社区,2026-08-05 14:00,0.067,5.3,0.33,32.1,正常,0
HZ008928,杭州,临平区,乔司家园,2026-08-02 16:00,0.056,3.9,0.35,30.8,正常,0
HZ008929,杭州,西湖区,转塘家园,2026-08-01 06:00,0.162,10.3,0.32,28.6,正常,0
HZ008930,杭州,滨江区,江南花园,2026-08-05 16:00,0.122,9.1,0.18,33.1,异常,1
HZ008931,杭州,余杭区,闲林山水,2026-08-04 15:00,0.032,2.9,0.38,31.5,正常,0
HZ008932,杭州,拱墅区,半山家园,2026-08-03 09:00,0.035,3.0,0.32,30.1,正常,0
HZ008933,杭州,上城区,近江家园,2026-08-04 12:00,0.043,3.4,0.34,33.7,正常,0
HZ008934,杭州,萧山区,宁围佳境,2026-08-02 09:00,0.011,0.7,0.31,28.6,正常,0
HZ008935,杭州,钱塘区,河庄新苑,2026-08-03 10:00,0.033,2.1,0.39,27.1,正常,0
HZ008936,杭州,临平区,塘栖人家,2026-08-01 16:00,0.030,2.8,0.31,31.5,正常,0
HZ008937,杭州,西湖区,转塘家园,2026-08-02 12:00,0.023,1.7,0.35,30.7,正常,0
HZ008938,杭州,滨江区,江南花园,2026-08-04 12:00,0.112,8.7,0.37,31.6,正常,0
HZ008939,杭州,余杭区,仓前家园,2026-08-05 05:00,0.018,1.5,0.28,29.4,正常,0
HZ008940,杭州,拱墅区,半山家园,2026-08-05 01:00,0.019,1.5,0.37,27.4,正常,0
HZ008941,杭州,上城区,望江新园,2026-08-04 01:00,0.034,2.2,0.37,30.4,正常,0
HZ008942,杭州,萧山区,钱江世纪城社区,2026-08-01 02:00,0.026,1.7,0.39,28.2,正常,0
HZ008943,杭州,钱塘区,大学城北社区,2026-08-04 18:00,0.023,2.2,0.34,27.7,正常,0
HZ008944,杭州,临平区,南苑小区,2026-08-07 01:00,0.026,2.2,0.38,28.5,正常,0
HZ008945,杭州,西湖区,转塘家园,2026-08-03 15:00,0.060,4.7,0.34,34.0,正常,0
HZ008946,杭州,滨江区,滨康小区,2026-08-02 03:00,0.007,0.5,0.39,28.2,正常,0
HZ008947,杭州,余杭区,仓前家园,2026-08-04 12:00,0.145,9.8,0.34,31.1,正常,0
HZ008948,杭州,拱墅区,大关小区,2026-08-01 21:00,0.082,7.4,0.33,30.4,正常,0
HZ008949,杭州,上城区,近江家园,2026-08-02 04:00,0.007,0.6,0.29,30.9,正常,0
HZ008950,杭州,萧山区,湘湖家园,2026-08-02 06:00,0.033,2.6,0.30,27.9,正常,0
HZ008951,杭州,钱塘区,江东家园,2026-08-07 19:00,0.081,7.5,0.32,28.7,正常,0
HZ008952,杭州,临平区,塘栖人家,2026-08-02 21:00,0.121,9.1,0.32,29.9,正常,0
HZ008953,杭州,西湖区,文新社区,2026-08-04 08:00,0.011,1.0,0.30,27.3,正常,0
HZ008954,杭州,滨江区,白马湖社区,2026-08-07 23:00,0.050,3.8,0.34,29.3,正常,0
HZ008955,杭州,余杭区,仓前家园,2026-08-02 15:00,0.381,22.1,0.30,30.0,异常,1
HZ008956,杭州,拱墅区,湖墅家园,2026-08-06 20:00,0.059,3.8,0.37,29.6,正常,0
HZ008957,杭州,上城区,近江家园,2026-08-01 19:00,0.103,8.7,0.36,28.0,正常,0
HZ008958,杭州,萧山区,钱江世纪城社区,2026-08-04 08:00,0.113,8.5,0.30,29.1,正常,0
HZ008959,杭州,钱塘区,江东家园,2026-08-05 03:00,0.015,1.0,0.31,30.5,正常,0
HZ008960,杭州,临平区,塘栖人家,2026-08-04 08:00,0.108,7.8,0.37,28.6,正常,0
HZ008961,杭州,西湖区,转塘家园,2026-08-02 05:00,0.007,0.6,0.29,28.2,正常,0
HZ008962,杭州,滨江区,滨康小区,2026-08-03 00:00,0.018,1.6,0.37,30.3,正常,0
HZ008963,杭州,余杭区,仓前家园,2026-08-02 04:00,0.014,1.2,0.33,29.1,正常,0
HZ008964,杭州,拱墅区,半山家园,2026-08-01 14:00,0.013,0.9,0.28,30.8,正常,0
HZ008965,杭州,上城区,采荷小区,2026-08-05 22:00,0.158,10.3,0.33,28.8,正常,0
HZ008966,杭州,萧山区,北干社区,2026-08-07 07:00,0.119,7.8,0.33,27.6,正常,0
HZ008967,杭州,钱塘区,江东家园,2026-08-07 12:00,0.056,3.5,0.28,30.9,正常,0
HZ008968,杭州,临平区,南苑小区,2026-08-07 02:00,0.008,0.5,0.33,27.1,正常,0
HZ008969,杭州,西湖区,转塘家园,2026-08-03 08:00,0.028,2.1,0.34,30.9,正常,0
HZ008970,杭州,滨江区,江南花园,2026-08-02 12:00,0.029,1.8,0.31,31.8,正常,0
HZ008971,杭州,余杭区,闲林山水,2026-08-03 10:00,0.067,4.5,0.31,28.8,正常,0
HZ008972,杭州,拱墅区,大关小区,2026-08-06 00:00,0.022,1.8,0.37,30.3,正常,0
HZ008973,杭州,上城区,采荷小区,2026-08-06 03:00,0.001,0.1,0.37,28.8,正常,0
HZ008974,杭州,萧山区,宁围佳境,2026-08-05 20:00,0.037,2.5,0.35,27.3,正常,0
HZ008975,杭州,钱塘区,下沙社区,2026-08-03 13:00,0.018,1.7,0.30,32.6,正常,0
HZ008976,杭州,临平区,南苑小区,2026-08-06 21:00,0.096,7.7,0.37,28.9,正常,0
HZ008977,杭州,西湖区,转塘家园,2026-08-03 02:00,0.008,0.6,0.35,27.5,正常,0
HZ008978,杭州,滨江区,白马湖社区,2026-08-04 08:00,0.103,7.5,0.33,29.9,正常,0
HZ008979,杭州,余杭区,未来科技城社区,2026-08-03 21:00,0.056,4.6,0.33,27.9,正常,0
HZ008980,杭州,拱墅区,大关小区,2026-08-07 13:00,0.059,4.6,0.55,31.1,异常,1
HZ008981,杭州,上城区,望江新园,2026-08-04 18:00,0.108,10.4,0.35,27.7,正常,0
HZ008982,杭州,萧山区,北干社区,2026-08-03 17:00,0.104,10.0,0.36,31.9,正常,0
HZ008983,杭州,钱塘区,大学城北社区,2026-08-01 14:00,0.107,7.2,0.30,34.0,正常,0
HZ008984,杭州,临平区,星桥社区,2026-08-07 15:00,0.075,6.7,0.29,33.3,正常,0
HZ008985,杭州,西湖区,转塘家园,2026-08-06 08:00,0.102,6.8,0.32,27.5,正常,0
HZ008986,杭州,滨江区,白马湖社区,2026-08-01 09:00,0.022,1.5,0.37,27.6,正常,0
HZ008987,杭州,余杭区,良渚文化村,2026-08-03 07:00,0.127,10.4,0.36,29.2,正常,0
HZ008988,杭州,拱墅区,湖墅家园,2026-08-05 17:00,0.071,5.9,0.28,31.9,正常,0
HZ008989,杭州,上城区,近江家园,2026-08-05 23:00,0.137,9.1,0.31,27.9,正常,0
HZ008990,杭州,萧山区,宁围佳境,2026-08-02 15:00,0.024,1.9,0.32,33.6,正常,0
HZ008991,杭州,钱塘区,大学城北社区,2026-08-02 21:00,0.061,4.7,0.38,29.4,正常,0
HZ008992,杭州,临平区,南苑小区,2026-08-06 23:00,0.090,7.7,0.31,29.1,正常,0
HZ008993,杭州,西湖区,转塘家园,2026-08-02 03:00,0.014,0.9,0.38,28.5,正常,0
HZ008994,杭州,滨江区,滨康小区,2026-08-06 18:00,0.027,2.0,0.17,28.0,异常,1
HZ008995,杭州,余杭区,闲林山水,2026-08-06 18:00,0.084,7.9,0.36,30.8,正常,0
HZ008996,杭州,拱墅区,大关小区,2026-08-07 03:00,0.028,1.9,0.31,30.0,正常,0
HZ008997,杭州,上城区,近江家园,2026-08-06 15:00,0.121,9.7,0.30,33.1,正常,0
HZ008998,杭州,萧山区,北干社区,2026-08-04 03:00,0.014,1.3,0.35,30.7,正常,0
HZ008999,杭州,钱塘区,河庄新苑,2026-08-02 22:00,0.029,1.9,0.32,29.8,正常,0
HZ009000,杭州,临平区,塘栖人家,2026-08-04 20:00,0.042,3.1,0.31,27.7,正常,0
HZ009001,杭州,西湖区,翠苑小区,2026-08-02 14:00,0.060,4.3,0.31,33.0,正常,0
HZ009002,杭州,滨江区,滨康小区,2026-08-06 12:00,0.093,5.8,0.36,30.4,正常,0
HZ009003,杭州,余杭区,未来科技城社区,2026-08-05 14:00,0.064,5.7,0.30,30.6,正常,0
HZ009004,杭州,拱墅区,湖墅家园,2026-08-02 13:00,0.117,9.7,0.28,33.5,正常,0
HZ009005,杭州,上城区,采荷小区,2026-08-02 06:00,0.087,8.1,0.29,27.5,正常,0
HZ009006,杭州,萧山区,钱江世纪城社区,2026-08-03 07:00,0.126,8.4,0.33,30.4,正常,0
HZ009007,杭州,钱塘区,河庄新苑,2026-08-01 21:00,0.137,8.6,0.29,30.2,正常,0
HZ009008,杭州,临平区,塘栖人家,2026-08-06 15:00,0.120,9.6,0.30,31.8,正常,0
HZ009009,杭州,西湖区,翠苑小区,2026-08-07 18:00,0.064,4.0,0.37,29.9,正常,0
HZ009010,杭州,滨江区,滨康小区,2026-08-04 15:00,0.083,5.2,0.35,32.1,正常,0
HZ009011,杭州,余杭区,闲林山水,2026-08-06 08:00,0.126,9.7,0.38,29.9,正常,0
HZ009012,杭州,拱墅区,大关小区,2026-08-02 10:00,0.103,6.6,0.31,28.8,正常,0
HZ009013,杭州,上城区,近江家园,2026-08-01 03:00,0.402,24.4,0.28,30.5,异常,1
HZ009014,杭州,萧山区,宁围佳境,2026-08-02 03:00,0.003,0.2,0.30,27.9,正常,0
HZ009015,杭州,钱塘区,下沙社区,2026-08-04 09:00,0.154,10.1,0.34,30.9,正常,0
HZ009016,杭州,临平区,乔司家园,2026-08-03 15:00,0.142,9.2,0.32,33.3,正常,0
HZ009017,杭州,西湖区,翠苑小区,2026-08-07 15:00,0.101,8.4,0.31,30.0,正常,0
HZ009018,杭州,滨江区,江南花园,2026-08-06 16:00,0.131,8.4,0.35,32.0,正常,0
HZ009019,杭州,余杭区,闲林山水,2026-08-01 15:00,0.048,4.0,0.33,31.5,正常,0
HZ009020,杭州,拱墅区,湖墅家园,2026-08-06 15:00,0.110,9.7,0.37,33.7,正常,0
HZ009021,杭州,上城区,望江新园,2026-08-05 09:00,0.068,5.2,0.31,27.0,正常,0
HZ009022,杭州,萧山区,钱江世纪城社区,2026-08-07 08:00,0.091,6.0,0.36,29.3,正常,0
HZ009023,杭州,钱塘区,下沙社区,2026-08-02 16:00,0.070,4.9,0.31,31.1,正常,0
HZ009024,杭州,临平区,塘栖人家,2026-08-04 01:00,0.027,1.7,0.36,30.8,正常,0
HZ009025,杭州,西湖区,文新社区,2026-08-01 13:00,0.062,4.7,0.32,30.1,正常,0
HZ009026,杭州,滨江区,滨康小区,2026-08-05 17:00,0.094,6.5,0.35,31.7,正常,0
HZ009027,杭州,余杭区,良渚文化村,2026-08-04 19:00,0.061,4.4,0.32,28.0,正常,0
HZ009028,杭州,拱墅区,运河新城社区,2026-08-01 17:00,0.096,7.3,0.32,33.0,正常,0
HZ009029,杭州,上城区,望江新园,2026-08-04 03:00,0.007,0.6,0.36,27.6,正常,0
HZ009030,杭州,萧山区,宁围佳境,2026-08-03 14:00,0.023,1.9,0.34,32.8,正常,0
HZ009031,杭州,钱塘区,江东家园,2026-08-06 17:00,0.109,6.8,0.31,32.2,正常,0
HZ009032,杭州,临平区,乔司家园,2026-08-07 02:00,0.025,1.9,0.19,29.1,异常,1
HZ009033,杭州,西湖区,翠苑小区,2026-08-04 05:00,0.004,0.3,0.38,27.7,正常,0
HZ009034,杭州,滨江区,滨康小区,2026-08-07 10:00,0.048,3.1,0.34,27.7,正常,0
HZ009035,杭州,余杭区,仓前家园,2026-08-06 22:00,0.091,7.2,0.37,29.6,正常,0
HZ009036,杭州,拱墅区,运河新城社区,2026-08-03 22:00,0.101,9.1,0.29,28.1,正常,0
HZ009037,杭州,上城区,采荷小区,2026-08-03 14:00,0.042,3.7,0.38,30.3,正常,0
HZ009038,杭州,萧山区,北干社区,2026-08-01 23:00,0.086,7.1,0.30,29.3,正常,0
HZ009039,杭州,钱塘区,大学城北社区,2026-08-06 06:00,0.067,5.9,0.37,30.8,正常,0
HZ009040,杭州,临平区,南苑小区,2026-08-05 10:00,0.054,4.1,0.19,27.9,异常,1
HZ009041,杭州,西湖区,转塘家园,2026-08-03 09:00,0.031,2.0,0.37,28.0,正常,0
HZ009042,杭州,滨江区,滨康小区,2026-08-01 05:00,0.003,0.3,0.33,29.4,正常,0
HZ009043,杭州,余杭区,闲林山水,2026-08-06 13:00,0.113,8.3,0.32,33.6,正常,0
HZ009044,杭州,拱墅区,半山家园,2026-08-05 07:00,0.050,3.3,0.37,27.7,正常,0
HZ009045,杭州,上城区,近江家园,2026-08-04 07:00,0.090,7.2,0.37,27.1,正常,0
HZ009046,杭州,萧山区,北干社区,2026-08-01 19:00,0.040,2.6,0.33,28.0,正常,0
HZ009047,杭州,钱塘区,河庄新苑,2026-08-05 18:00,0.015,1.1,0.36,27.6,正常,0
HZ009048,杭州,临平区,星桥社区,2026-08-03 05:00,0.021,1.8,0.31,27.8,正常,0
HZ009049,杭州,西湖区,翠苑小区,2026-08-03 19:00,0.101,8.7,0.28,28.6,正常,0
HZ009050,杭州,滨江区,白马湖社区,2026-08-07 10:00,0.147,9.7,0.31,28.9,正常,0
HZ009051,杭州,余杭区,良渚文化村,2026-08-06 04:00,0.002,0.2,0.33,27.4,正常,0
HZ009052,杭州,拱墅区,半山家园,2026-08-05 16:00,0.122,7.9,0.32,32.0,正常,0
HZ009053,杭州,上城区,采荷小区,2026-08-02 21:00,0.043,3.5,0.34,28.0,正常,0
HZ009054,杭州,萧山区,钱江世纪城社区,2026-08-02 18:00,0.113,9.7,0.15,29.5,异常,1
HZ009055,杭州,钱塘区,大学城北社区,2026-08-02 06:00,0.059,5.2,0.30,28.9,正常,0
HZ009056,杭州,临平区,星桥社区,2026-08-05 21:00,0.026,1.7,0.20,30.4,异常,1
HZ009057,杭州,西湖区,文新社区,2026-08-02 17:00,0.082,5.6,0.32,33.3,正常,0
HZ009058,杭州,滨江区,江南花园,2026-08-06 05:00,0.021,1.8,0.38,27.2,正常,0
HZ009059,杭州,余杭区,闲林山水,2026-08-04 10:00,0.107,6.8,0.32,28.5,正常,0
HZ009060,杭州,拱墅区,运河新城社区,2026-08-04 20:00,0.079,6.5,0.38,27.7,正常,0
HZ009061,杭州,上城区,采荷小区,2026-08-06 16:00,0.112,9.7,0.39,32.8,正常,0
HZ009062,杭州,萧山区,宁围佳境,2026-08-04 08:00,0.056,5.5,0.39,27.1,正常,0
HZ009063,杭州,钱塘区,河庄新苑,2026-08-03 23:00,0.080,6.6,0.37,28.2,正常,0
HZ009064,杭州,临平区,塘栖人家,2026-08-07 19:00,0.152,10.4,0.36,30.9,正常,0
HZ009065,杭州,西湖区,翠苑小区,2026-08-07 19:00,0.103,8.8,0.31,27.5,正常,0
HZ009066,杭州,滨江区,滨康小区,2026-08-01 19:00,0.123,9.6,0.39,29.9,正常,0
HZ009067,杭州,余杭区,闲林山水,2026-08-07 23:00,0.031,2.2,0.39,29.3,正常,0
HZ009068,杭州,拱墅区,运河新城社区,2026-08-05 15:00,0.136,8.7,0.31,33.9,正常,0
HZ009069,杭州,上城区,望江新园,2026-08-05 04:00,0.011,0.8,0.28,29.4,正常,0
HZ009070,杭州,萧山区,湘湖家园,2026-08-06 01:00,0.031,2.1,0.38,28.1,正常,0
HZ009071,杭州,钱塘区,大学城北社区,2026-08-07 00:00,0.002,0.2,0.31,29.4,正常,0
HZ009072,杭州,临平区,乔司家园,2026-08-05 02:00,0.028,1.8,0.28,30.3,正常,0
HZ009073,杭州,西湖区,转塘家园,2026-08-02 20:00,0.116,8.5,0.29,29.0,正常,0
HZ009074,杭州,滨江区,钱塘春晓,2026-08-03 05:00,0.002,0.2,0.32,29.1,正常,0
HZ009075,杭州,余杭区,未来科技城社区,2026-08-02 19:00,0.050,3.6,0.36,28.7,正常,0
HZ009076,杭州,拱墅区,半山家园,2026-08-01 07:00,0.058,5.6,0.35,29.6,正常,0
HZ009077,杭州,上城区,望江新园,2026-08-05 13:00,0.016,1.3,0.35,31.1,正常,0
HZ009078,杭州,萧山区,湘湖家园,2026-08-01 21:00,0.129,10.0,0.29,28.8,正常,0
HZ009079,杭州,钱塘区,下沙社区,2026-08-04 06:00,0.139,8.9,0.37,28.6,正常,0
HZ009080,杭州,临平区,塘栖人家,2026-08-05 13:00,0.136,9.4,0.37,32.9,正常,0
HZ009081,杭州,西湖区,文新社区,2026-08-04 16:00,0.046,3.1,0.34,31.8,正常,0
HZ009082,杭州,滨江区,滨康小区,2026-08-07 00:00,0.027,2.0,0.34,29.2,正常,0
HZ009083,杭州,余杭区,良渚文化村,2026-08-06 13:00,0.097,7.7,0.34,32.4,正常,0
HZ009084,杭州,拱墅区,大关小区,2026-08-04 06:00,0.026,1.9,0.38,28.1,正常,0
HZ009085,杭州,上城区,望江新园,2026-08-02 23:00,0.111,7.1,0.32,30.5,正常,0
HZ009086,杭州,萧山区,湘湖家园,2026-08-01 15:00,0.098,6.8,0.34,31.0,正常,0
HZ009087,杭州,钱塘区,下沙社区,2026-08-02 00:00,0.012,0.9,0.38,30.1,正常,0
HZ009088,杭州,临平区,星桥社区,2026-08-01 17:00,0.107,7.0,0.38,33.9,正常,0
HZ009089,杭州,西湖区,转塘家园,2026-08-01 07:00,0.022,1.7,0.38,29.5,正常,0
HZ009090,杭州,滨江区,江南花园,2026-08-05 20:00,0.033,2.8,0.39,28.8,正常,0
HZ009091,杭州,余杭区,闲林山水,2026-08-02 04:00,0.012,1.0,0.34,30.0,正常,0
HZ009092,杭州,拱墅区,半山家园,2026-08-07 16:00,0.109,8.7,0.33,34.0,正常,0
HZ009093,杭州,上城区,近江家园,2026-08-03 04:00,0.018,1.2,0.32,29.8,正常,0
HZ009094,杭州,萧山区,湘湖家园,2026-08-03 02:00,0.002,0.2,0.38,27.5,正常,0
HZ009095,杭州,钱塘区,下沙社区,2026-08-07 14:00,0.078,6.1,0.38,31.8,正常,0
HZ009096,杭州,临平区,塘栖人家,2026-08-04 05:00,0.019,1.2,0.31,29.8,正常,0
HZ009097,杭州,西湖区,翠苑小区,2026-08-02 09:00,0.137,8.7,0.33,30.3,正常,0
HZ009098,杭州,滨江区,滨康小区,2026-08-07 06:00,0.053,3.8,0.35,30.8,正常,0
HZ009099,杭州,余杭区,仓前家园,2026-08-02 12:00,0.019,1.5,0.34,32.4,正常,0
HZ009100,杭州,拱墅区,湖墅家园,2026-08-04 02:00,0.012,0.8,0.28,29.7,正常,0
HZ009101,杭州,上城区,近江家园,2026-08-02 12:00,0.037,3.0,0.37,31.5,正常,0
HZ009102,杭州,萧山区,湘湖家园,2026-08-03 20:00,0.115,7.7,0.28,27.1,正常,0
HZ009103,杭州,钱塘区,江东家园,2026-08-02 18:00,0.043,3.9,0.38,30.3,正常,0
HZ009104,杭州,临平区,塘栖人家,2026-08-04 13:00,0.106,9.7,0.30,32.5,正常,0
HZ009105,杭州,西湖区,三墩新天地,2026-08-05 08:00,0.101,8.5,0.38,28.1,正常,0
HZ009106,杭州,滨江区,江南花园,2026-08-03 16:00,0.080,5.8,0.33,32.6,正常,0
HZ009107,杭州,余杭区,仓前家园,2026-08-02 09:00,0.093,7.8,0.31,28.2,正常,0
HZ009108,杭州,拱墅区,半山家园,2026-08-04 12:00,0.134,9.2,0.37,32.1,正常,0
HZ009109,杭州,上城区,近江家园,2026-08-03 07:00,0.038,2.4,0.32,27.0,正常,0
HZ009110,杭州,萧山区,湘湖家园,2026-08-06 04:00,0.004,0.3,0.31,27.5,正常,0
HZ009111,杭州,钱塘区,江东家园,2026-08-01 02:00,0.002,0.1,0.28,27.9,正常,0
HZ009112,杭州,临平区,南苑小区,2026-08-01 02:00,0.011,1.1,0.36,29.6,正常,0
HZ009113,杭州,西湖区,翠苑小区,2026-08-03 19:00,0.117,9.4,0.29,30.1,正常,0
HZ009114,杭州,滨江区,钱塘春晓,2026-08-04 23:00,0.042,3.7,0.12,29.7,异常,1
HZ009115,杭州,余杭区,仓前家园,2026-08-07 06:00,0.039,3.1,0.39,31.0,正常,0
HZ009116,杭州,拱墅区,湖墅家园,2026-08-03 16:00,0.031,2.1,0.39,30.2,正常,0
HZ009117,杭州,上城区,望江新园,2026-08-02 19:00,0.052,4.2,0.34,30.9,正常,0
HZ009118,杭州,萧山区,宁围佳境,2026-08-06 20:00,0.017,1.4,0.29,30.5,正常,0
HZ009119,杭州,钱塘区,河庄新苑,2026-08-06 17:00,0.098,9.2,0.38,31.5,正常,0
HZ009120,杭州,临平区,南苑小区,2026-08-02 04:00,0.011,0.8,0.37,28.1,正常,0
HZ009121,杭州,西湖区,三墩新天地,2026-08-05 13:00,0.138,9.0,0.33,30.3,正常,0
HZ009122,杭州,滨江区,江南花园,2026-08-05 19:00,0.050,4.2,0.36,28.4,正常,0
HZ009123,杭州,余杭区,良渚文化村,2026-08-03 02:00,0.019,1.5,0.33,30.1,正常,0
HZ009124,杭州,拱墅区,大关小区,2026-08-07 20:00,0.121,8.7,0.38,31.0,正常,0
HZ009125,杭州,上城区,望江新园,2026-08-06 15:00,0.102,8.7,0.39,33.4,正常,0
HZ009126,杭州,萧山区,钱江世纪城社区,2026-08-05 22:00,0.059,4.6,0.35,28.5,正常,0
HZ009127,杭州,钱塘区,江东家园,2026-08-06 13:00,0.109,9.7,0.36,31.3,正常,0
HZ009128,杭州,临平区,乔司家园,2026-08-06 08:00,0.164,10.3,0.30,30.2,正常,0
HZ009129,杭州,西湖区,文新社区,2026-08-04 09:00,0.027,2.4,0.29,28.4,正常,0
HZ009130,杭州,滨江区,白马湖社区,2026-08-04 14:00,0.080,5.2,0.35,33.6,正常,0
HZ009131,杭州,余杭区,未来科技城社区,2026-08-07 04:00,0.009,0.8,0.29,28.7,正常,0
HZ009132,杭州,拱墅区,运河新城社区,2026-08-06 18:00,0.075,5.8,0.29,27.9,正常,0
HZ009133,杭州,上城区,望江新园,2026-08-04 06:00,0.026,2.1,0.35,30.1,正常,0
HZ009134,杭州,萧山区,宁围佳境,2026-08-07 06:00,0.012,1.1,0.31,27.7,正常,0
HZ009135,杭州,钱塘区,江东家园,2026-08-01 19:00,0.037,2.5,0.38,29.6,正常,0
HZ009136,杭州,临平区,乔司家园,2026-08-03 08:00,0.121,9.6,0.39,29.3,正常,0
HZ009137,杭州,西湖区,翠苑小区,2026-08-02 05:00,0.031,2.3,0.33,29.1,正常,0
HZ009138,杭州,滨江区,江南花园,2026-08-06 20:00,0.045,4.2,0.32,29.4,正常,0
HZ009139,杭州,余杭区,良渚文化村,2026-08-06 21:00,0.102,7.9,0.32,30.2,正常,0
HZ009140,杭州,拱墅区,运河新城社区,2026-08-03 19:00,0.061,3.9,0.38,28.5,正常,0
HZ009141,杭州,上城区,丁兰社区,2026-08-03 00:00,0.008,0.6,0.36,29.5,正常,0
HZ009142,杭州,萧山区,湘湖家园,2026-08-01 18:00,0.023,2.2,0.29,27.9,正常,0
HZ009143,杭州,钱塘区,河庄新苑,2026-08-02 04:00,0.009,0.6,0.36,30.2,正常,0
HZ009144,杭州,临平区,乔司家园,2026-08-05 18:00,0.133,9.3,0.31,28.4,正常,0
HZ009145,杭州,西湖区,文新社区,2026-08-04 08:00,0.022,1.4,0.31,30.6,正常,0
HZ009146,杭州,滨江区,江南花园,2026-08-04 07:00,0.092,8.5,0.29,29.8,正常,0
HZ009147,杭州,余杭区,闲林山水,2026-08-07 11:00,0.113,8.8,0.36,33.6,正常,0
HZ009148,杭州,拱墅区,运河新城社区,2026-08-05 05:00,0.003,0.2,0.38,30.7,正常,0
HZ009149,杭州,上城区,采荷小区,2026-08-02 03:00,0.010,0.8,0.30,28.5,正常,0
HZ009150,杭州,萧山区,湘湖家园,2026-08-03 12:00,0.102,7.3,0.37,33.6,正常,0
HZ009151,杭州,钱塘区,大学城北社区,2026-08-06 01:00,0.006,0.4,0.37,29.7,正常,0
HZ009152,杭州,临平区,塘栖人家,2026-08-01 15:00,0.083,7.4,0.31,31.3,正常,0
HZ009153,杭州,西湖区,转塘家园,2026-08-03 10:00,0.034,2.2,0.34,29.9,正常,0
HZ009154,杭州,滨江区,滨康小区,2026-08-02 07:00,0.167,10.5,0.31,27.1,正常,0
HZ009155,杭州,余杭区,未来科技城社区,2026-08-01 15:00,0.127,10.4,0.38,31.7,正常,0
HZ009156,杭州,拱墅区,湖墅家园,2026-08-07 09:00,0.102,9.1,0.34,28.1,正常,0
HZ009157,杭州,上城区,采荷小区,2026-08-04 13:00,0.115,10.3,0.29,33.0,正常,0
HZ009158,杭州,萧山区,宁围佳境,2026-08-02 08:00,0.110,8.1,0.34,28.1,正常,0
HZ009159,杭州,钱塘区,江东家园,2026-08-05 08:00,0.069,4.9,0.30,27.9,正常,0
HZ009160,杭州,临平区,塘栖人家,2026-08-04 19:00,0.087,6.3,0.29,27.9,正常,0
HZ009161,杭州,西湖区,三墩新天地,2026-08-05 01:00,0.023,1.6,0.30,30.7,正常,0
HZ009162,杭州,滨江区,钱塘春晓,2026-08-06 22:00,0.025,2.1,0.30,27.7,正常,0
HZ009163,杭州,余杭区,闲林山水,2026-08-02 15:00,0.018,1.3,0.35,32.0,正常,0
HZ009164,杭州,拱墅区,运河新城社区,2026-08-05 06:00,0.051,4.9,0.33,27.4,正常,0
HZ009165,杭州,上城区,望江新园,2026-08-07 15:00,0.017,1.4,0.29,30.1,正常,0
HZ009166,杭州,萧山区,宁围佳境,2026-08-06 22:00,0.034,2.5,0.36,28.1,正常,0
HZ009167,杭州,钱塘区,下沙社区,2026-08-04 05:00,0.029,2.1,0.31,27.8,正常,0
HZ009168,杭州,临平区,南苑小区,2026-08-07 06:00,0.103,7.3,0.29,29.5,正常,0
HZ009169,杭州,西湖区,翠苑小区,2026-08-04 20:00,0.129,9.0,0.33,30.0,正常,0
HZ009170,杭州,滨江区,滨康小区,2026-08-05 08:00,0.100,8.2,0.29,29.6,正常,0
HZ009171,杭州,余杭区,闲林山水,2026-08-06 19:00,0.023,2.2,0.36,28.7,正常,0
HZ009172,杭州,拱墅区,大关小区,2026-08-07 10:00,0.078,7.1,0.31,28.3,正常,0
HZ009173,杭州,上城区,近江家园,2026-08-01 01:00,0.015,1.4,0.37,29.2,正常,0
HZ009174,杭州,萧山区,湘湖家园,2026-08-04 05:00,0.031,2.1,0.30,30.1,正常,0
HZ009175,杭州,钱塘区,河庄新苑,2026-08-03 00:00,0.018,1.8,0.35,30.2,正常,0
HZ009176,杭州,临平区,乔司家园,2026-08-01 10:00,0.078,5.0,0.33,30.7,正常,0
HZ009177,杭州,西湖区,文新社区,2026-08-07 00:00,0.013,1.2,0.31,28.6,正常,0
HZ009178,杭州,滨江区,白马湖社区,2026-08-02 03:00,0.009,0.6,0.38,27.4,正常,0
HZ009179,杭州,余杭区,仓前家园,2026-08-05 15:00,0.118,7.5,0.38,30.9,正常,0
HZ009180,杭州,拱墅区,运河新城社区,2026-08-02 17:00,0.108,9.8,0.35,31.9,正常,0
HZ009181,杭州,上城区,望江新园,2026-08-06 14:00,0.092,8.1,0.33,32.4,正常,0
HZ009182,杭州,萧山区,北干社区,2026-08-02 18:00,0.033,2.9,0.30,31.0,正常,0
HZ009183,杭州,钱塘区,河庄新苑,2026-08-02 22:00,0.063,4.0,0.29,28.5,正常,0
HZ009184,杭州,临平区,乔司家园,2026-08-02 12:00,0.018,1.5,0.32,33.2,正常,0
HZ009185,杭州,西湖区,文新社区,2026-08-01 07:00,0.020,1.3,0.36,30.2,正常,0
HZ009186,杭州,滨江区,白马湖社区,2026-08-06 12:00,0.031,2.0,0.34,32.0,正常,0
HZ009187,杭州,余杭区,未来科技城社区,2026-08-04 09:00,0.036,3.6,0.38,28.9,正常,0
HZ009188,杭州,拱墅区,运河新城社区,2026-08-03 08:00,0.108,7.0,0.37,30.3,正常,0
HZ009189,杭州,上城区,丁兰社区,2026-08-05 23:00,0.095,7.7,0.37,30.8,正常,0
HZ009190,杭州,萧山区,北干社区,2026-08-05 21:00,0.086,7.0,0.39,28.9,正常,0
HZ009191,杭州,钱塘区,下沙社区,2026-08-04 00:00,0.008,0.7,0.33,27.4,正常,0
HZ009192,杭州,临平区,乔司家园,2026-08-07 18:00,0.013,0.9,0.35,27.7,正常,0
HZ009193,杭州,西湖区,翠苑小区,2026-08-02 21:00,0.082,6.1,0.35,28.2,正常,0
HZ009194,杭州,滨江区,白马湖社区,2026-08-05 20:00,0.108,8.1,0.31,28.3,正常,0
HZ009195,杭州,余杭区,未来科技城社区,2026-08-06 00:00,0.021,1.7,0.30,30.7,正常,0
HZ009196,杭州,拱墅区,半山家园,2026-08-04 03:00,0.016,1.4,0.29,29.2,正常,0
HZ009197,杭州,上城区,采荷小区,2026-08-01 14:00,0.103,8.0,0.34,32.4,正常,0
HZ009198,杭州,萧山区,钱江世纪城社区,2026-08-06 03:00,0.032,2.1,0.30,28.5,正常,0
HZ009199,杭州,钱塘区,河庄新苑,2026-08-02 19:00,0.045,3.1,0.38,29.7,正常,0
HZ009200,杭州,临平区,乔司家园,2026-08-04 20:00,0.058,3.7,0.28,29.1,正常,0
HZ009201,杭州,西湖区,转塘家园,2026-08-07 22:00,0.053,4.6,0.36,28.0,正常,0
HZ009202,杭州,滨江区,白马湖社区,2026-08-01 16:00,0.056,5.6,0.31,32.8,正常,0
HZ009203,杭州,余杭区,未来科技城社区,2026-08-01 20:00,0.124,8.8,0.30,27.6,正常,0
HZ009204,杭州,拱墅区,大关小区,2026-08-05 01:00,0.015,1.1,0.33,30.8,正常,0
HZ009205,杭州,上城区,丁兰社区,2026-08-07 12:00,0.124,10.4,0.32,32.1,正常,0
HZ009206,杭州,萧山区,宁围佳境,2026-08-07 14:00,0.096,7.1,0.31,32.5,正常,0
HZ009207,杭州,钱塘区,大学城北社区,2026-08-04 06:00,0.142,10.2,0.29,27.2,正常,0
HZ009208,杭州,临平区,星桥社区,2026-08-01 01:00,0.003,0.2,0.28,31.0,正常,0
HZ009209,杭州,西湖区,文新社区,2026-08-05 16:00,0.068,5.5,0.30,33.4,正常,0
HZ009210,杭州,滨江区,滨康小区,2026-08-04 09:00,0.049,4.0,0.30,29.7,正常,0
HZ009211,杭州,余杭区,闲林山水,2026-08-04 15:00,0.066,5.3,0.35,31.3,正常,0
HZ009212,杭州,拱墅区,湖墅家园,2026-08-05 11:00,0.037,2.6,0.34,32.4,正常,0
HZ009213,杭州,上城区,丁兰社区,2026-08-05 00:00,0.016,1.2,0.37,27.9,正常,0
HZ009214,杭州,萧山区,宁围佳境,2026-08-06 01:00,0.026,1.9,0.29,27.6,正常,0
HZ009215,杭州,钱塘区,河庄新苑,2026-08-05 11:00,0.029,2.5,0.31,30.2,正常,0
HZ009216,杭州,临平区,南苑小区,2026-08-03 17:00,0.131,9.9,0.35,32.6,正常,0
HZ009217,杭州,西湖区,翠苑小区,2026-08-04 01:00,0.002,0.1,0.32,29.5,正常,0
HZ009218,杭州,滨江区,滨康小区,2026-08-06 02:00,0.006,0.6,0.30,28.3,正常,0
HZ009219,杭州,余杭区,闲林山水,2026-08-04 02:00,0.018,1.2,0.33,30.4,正常,0
HZ009220,杭州,拱墅区,半山家园,2026-08-05 06:00,0.066,5.4,0.33,29.2,正常,0
HZ009221,杭州,上城区,采荷小区,2026-08-03 15:00,0.025,2.4,0.34,32.1,正常,0
HZ009222,杭州,萧山区,钱江世纪城社区,2026-08-04 11:00,0.151,10.0,0.31,30.0,正常,0
HZ009223,杭州,钱塘区,大学城北社区,2026-08-07 15:00,0.078,6.2,0.38,30.2,正常,0
HZ009224,杭州,临平区,星桥社区,2026-08-07 13:00,0.077,5.9,0.34,32.4,正常,0
HZ009225,杭州,西湖区,翠苑小区,2026-08-06 14:00,0.085,6.0,0.35,31.5,正常,0
HZ009226,杭州,滨江区,钱塘春晓,2026-08-03 09:00,0.095,6.5,0.38,30.9,正常,0
HZ009227,杭州,余杭区,未来科技城社区,2026-08-06 22:00,0.093,6.4,0.35,27.3,正常,0
HZ009228,杭州,拱墅区,运河新城社区,2026-08-06 09:00,0.024,2.3,0.29,29.4,正常,0
HZ009229,杭州,上城区,近江家园,2026-08-03 21:00,0.102,6.6,0.39,28.0,正常,0
HZ009230,杭州,萧山区,北干社区,2026-08-07 05:00,0.029,2.1,0.30,29.5,正常,0
HZ009231,杭州,钱塘区,下沙社区,2026-08-06 14:00,0.206,14.6,0.37,33.1,异常,1
HZ009232,杭州,临平区,塘栖人家,2026-08-02 15:00,0.110,9.3,0.31,31.3,正常,0
HZ009233,杭州,西湖区,三墩新天地,2026-08-07 17:00,0.050,3.7,0.39,32.5,正常,0
HZ009234,杭州,滨江区,白马湖社区,2026-08-07 22:00,0.040,3.2,0.38,30.2,正常,0
HZ009235,杭州,余杭区,良渚文化村,2026-08-06 22:00,0.390,21.3,0.31,30.5,异常,1
HZ009236,杭州,拱墅区,半山家园,2026-08-03 05:00,0.019,1.8,0.29,30.1,正常,0
HZ009237,杭州,上城区,采荷小区,2026-08-06 18:00,0.144,9.3,0.28,28.5,正常,0
HZ009238,杭州,萧山区,湘湖家园,2026-08-07 12:00,0.011,0.8,0.35,31.6,正常,0
HZ009239,杭州,钱塘区,下沙社区,2026-08-06 21:00,0.042,3.1,0.34,30.0,正常,0
HZ009240,杭州,临平区,乔司家园,2026-08-05 01:00,0.016,1.4,0.15,27.8,异常,1
HZ009241,杭州,西湖区,转塘家园,2026-08-06 22:00,0.017,1.2,0.34,27.5,正常,0
HZ009242,杭州,滨江区,滨康小区,2026-08-01 21:00,0.012,0.9,0.31,29.9,正常,0
HZ009243,杭州,余杭区,未来科技城社区,2026-08-03 06:00,0.082,7.0,0.29,28.5,正常,0
HZ009244,杭州,拱墅区,运河新城社区,2026-08-02 00:00,0.024,1.5,0.38,27.4,正常,0
HZ009245,杭州,上城区,近江家园,2026-08-02 10:00,0.106,7.6,0.39,29.4,正常,0
HZ009246,杭州,萧山区,钱江世纪城社区,2026-08-02 18:00,0.099,7.8,0.29,29.2,正常,0
HZ009247,杭州,钱塘区,下沙社区,2026-08-05 21:00,0.100,9.7,0.37,30.8,正常,0
HZ009248,杭州,临平区,南苑小区,2026-08-04 05:00,0.019,1.9,0.28,30.4,正常,0
HZ009249,杭州,西湖区,翠苑小区,2026-08-04 08:00,0.015,1.3,0.32,27.9,正常,0
HZ009250,杭州,滨江区,钱塘春晓,2026-08-02 03:00,0.026,1.7,0.34,29.7,正常,0
HZ009251,杭州,余杭区,未来科技城社区,2026-08-03 12:00,0.419,23.4,0.31,32.6,异常,1
HZ009252,杭州,拱墅区,大关小区,2026-08-05 17:00,0.134,8.6,0.49,30.3,异常,1
HZ009253,杭州,上城区,望江新园,2026-08-02 09:00,0.048,4.4,0.35,27.7,正常,0
HZ009254,杭州,萧山区,北干社区,2026-08-04 19:00,0.019,1.4,0.34,29.8,正常,0
HZ009255,杭州,钱塘区,河庄新苑,2026-08-05 21:00,0.042,3.0,0.36,27.1,正常,0
HZ009256,杭州,临平区,南苑小区,2026-08-03 04:00,0.018,1.5,0.30,29.3,正常,0
HZ009257,杭州,西湖区,文新社区,2026-08-07 17:00,0.043,3.5,0.29,33.5,正常,0
HZ009258,杭州,滨江区,钱塘春晓,2026-08-05 19:00,0.013,1.1,0.51,27.4,异常,1
HZ009259,杭州,余杭区,良渚文化村,2026-08-05 23:00,0.046,4.2,0.36,30.5,正常,0
HZ009260,杭州,拱墅区,湖墅家园,2026-08-07 04:00,0.005,0.3,0.36,28.6,正常,0
HZ009261,杭州,上城区,采荷小区,2026-08-05 12:00,0.069,6.8,0.34,31.9,正常,0
HZ009262,杭州,萧山区,湘湖家园,2026-08-02 17:00,0.073,5.4,0.17,30.9,异常,1
HZ009263,杭州,钱塘区,下沙社区,2026-08-07 12:00,0.070,5.6,0.31,33.1,正常,0
HZ009264,杭州,临平区,南苑小区,2026-08-04 05:00,0.020,1.4,0.32,27.7,正常,0
HZ009265,杭州,西湖区,文新社区,2026-08-05 04:00,0.020,1.8,0.35,29.2,正常,0
HZ009266,杭州,滨江区,白马湖社区,2026-08-06 14:00,0.101,7.1,0.28,30.1,正常,0
HZ009267,杭州,余杭区,仓前家园,2026-08-07 22:00,0.083,5.3,0.33,27.3,正常,0
HZ009268,杭州,拱墅区,大关小区,2026-08-05 18:00,0.074,6.9,0.29,29.9,正常,0
HZ009269,杭州,上城区,丁兰社区,2026-08-02 06:00,0.143,10.1,0.38,30.8,正常,0
HZ009270,杭州,萧山区,北干社区,2026-08-04 20:00,0.010,1.0,0.38,28.4,正常,0
HZ009271,杭州,钱塘区,下沙社区,2026-08-06 19:00,0.087,8.2,0.35,30.7,正常,0
HZ009272,杭州,临平区,南苑小区,2026-08-07 07:00,0.109,8.8,0.31,28.5,正常,0
HZ009273,杭州,西湖区,文新社区,2026-08-03 13:00,0.063,5.4,0.28,30.5,正常,0
HZ009274,杭州,滨江区,江南花园,2026-08-04 19:00,0.040,3.6,0.32,28.7,正常,0
HZ009275,杭州,余杭区,良渚文化村,2026-08-01 09:00,0.101,8.6,0.37,28.7,正常,0
HZ009276,杭州,拱墅区,大关小区,2026-08-02 17:00,0.052,3.4,0.35,33.1,正常,0
HZ009277,杭州,上城区,采荷小区,2026-08-05 15:00,0.109,6.8,0.35,31.9,正常,0
HZ009278,杭州,萧山区,宁围佳境,2026-08-01 15:00,0.110,10.4,0.29,31.2,正常,0
HZ009279,杭州,钱塘区,江东家园,2026-08-03 10:00,0.077,6.5,0.30,30.1,正常,0
HZ009280,杭州,临平区,南苑小区,2026-08-06 19:00,0.017,1.5,0.30,27.4,正常,0
HZ009281,杭州,西湖区,文新社区,2026-08-07 16:00,0.098,8.4,0.33,31.8,正常,0
HZ009282,杭州,滨江区,钱塘春晓,2026-08-07 13:00,0.063,4.9,0.35,31.0,正常,0
HZ009283,杭州,余杭区,未来科技城社区,2026-08-07 17:00,0.304,20.3,0.29,30.9,异常,1
HZ009284,杭州,拱墅区,半山家园,2026-08-05 03:00,0.003,0.3,0.39,29.2,正常,0
HZ009285,杭州,上城区,望江新园,2026-08-02 10:00,0.055,4.5,0.38,27.4,正常,0
HZ009286,杭州,萧山区,宁围佳境,2026-08-07 09:00,0.011,0.8,0.17,30.2,异常,1
HZ009287,杭州,钱塘区,河庄新苑,2026-08-04 06:00,0.069,4.6,0.31,28.5,正常,0
HZ009288,杭州,临平区,乔司家园,2026-08-03 18:00,0.017,1.2,0.31,29.7,正常,0
HZ009289,杭州,西湖区,翠苑小区,2026-08-07 01:00,0.007,0.5,0.39,29.3,正常,0
HZ009290,杭州,滨江区,滨康小区,2026-08-01 02:00,0.023,2.2,0.34,29.9,正常,0
HZ009291,杭州,余杭区,未来科技城社区,2026-08-04 18:00,0.213,12.7,0.39,28.2,异常,1
HZ009292,杭州,拱墅区,湖墅家园,2026-08-02 04:00,0.027,1.7,0.34,30.9,正常,0
HZ009293,杭州,上城区,望江新园,2026-08-04 02:00,0.261,16.6,0.33,27.5,异常,1
HZ009294,杭州,萧山区,宁围佳境,2026-08-06 08:00,0.131,10.3,0.28,30.3,正常,0
HZ009295,杭州,钱塘区,下沙社区,2026-08-06 16:00,0.117,7.7,0.30,30.5,正常,0
HZ009296,杭州,临平区,塘栖人家,2026-08-01 18:00,0.111,8.1,0.33,30.0,正常,0
HZ009297,杭州,西湖区,转塘家园,2026-08-05 19:00,0.109,10.2,0.38,30.3,正常,0
HZ009298,杭州,滨江区,白马湖社区,2026-08-06 00:00,0.006,0.5,0.37,27.7,正常,0
HZ009299,杭州,余杭区,闲林山水,2026-08-07 10:00,0.031,2.7,0.32,28.0,正常,0
HZ009300,杭州,拱墅区,湖墅家园,2026-08-03 18:00,0.146,10.1,0.38,30.1,正常,0
HZ009301,杭州,上城区,采荷小区,2026-08-07 11:00,0.049,3.4,0.32,32.6,正常,0
HZ009302,杭州,萧山区,钱江世纪城社区,2026-08-06 07:00,0.088,6.4,0.30,30.2,正常,0
HZ009303,杭州,钱塘区,下沙社区,2026-08-06 06:00,0.069,5.5,0.30,27.8,正常,0
HZ009304,杭州,临平区,星桥社区,2026-08-01 03:00,0.010,1.0,0.31,27.5,正常,0
HZ009305,杭州,西湖区,翠苑小区,2026-08-05 00:00,0.024,1.8,0.35,30.1,正常,0
HZ009306,杭州,滨江区,白马湖社区,2026-08-02 00:00,0.002,0.2,0.29,29.8,正常,0
HZ009307,杭州,余杭区,仓前家园,2026-08-05 09:00,0.063,5.8,0.30,27.4,正常,0
HZ009308,杭州,拱墅区,湖墅家园,2026-08-05 20:00,0.125,10.5,0.29,27.7,正常,0
HZ009309,杭州,上城区,近江家园,2026-08-06 05:00,0.014,1.2,0.38,30.9,正常,0
HZ009310,杭州,萧山区,北干社区,2026-08-01 20:00,0.118,8.8,0.28,28.5,正常,0
HZ009311,杭州,钱塘区,河庄新苑,2026-08-05 15:00,0.069,4.4,0.32,32.0,正常,0
HZ009312,杭州,临平区,塘栖人家,2026-08-03 12:00,0.051,5.0,0.30,31.6,正常,0
HZ009313,杭州,西湖区,文新社区,2026-08-06 10:00,0.073,5.3,0.38,30.5,正常,0
HZ009314,杭州,滨江区,江南花园,2026-08-07 11:00,0.036,2.3,0.29,33.2,正常,0
HZ009315,杭州,余杭区,未来科技城社区,2026-08-01 00:00,0.030,1.9,0.34,30.7,正常,0
HZ009316,杭州,拱墅区,运河新城社区,2026-08-07 16:00,0.060,4.0,0.33,32.9,正常,0
HZ009317,杭州,上城区,近江家园,2026-08-07 13:00,0.147,10.3,0.38,32.2,正常,0
HZ009318,杭州,萧山区,湘湖家园,2026-08-06 17:00,0.039,2.6,0.30,32.6,正常,0
HZ009319,杭州,钱塘区,下沙社区,2026-08-04 16:00,0.016,1.5,0.32,33.7,正常,0
HZ009320,杭州,临平区,乔司家园,2026-08-02 19:00,0.147,10.1,0.30,27.1,正常,0
HZ009321,杭州,西湖区,翠苑小区,2026-08-06 03:00,0.010,0.8,0.34,29.6,正常,0
HZ009322,杭州,滨江区,江南花园,2026-08-02 12:00,0.063,4.1,0.32,31.6,正常,0
HZ009323,杭州,余杭区,良渚文化村,2026-08-02 11:00,0.023,1.6,0.34,33.2,正常,0
HZ009324,杭州,拱墅区,运河新城社区,2026-08-06 11:00,0.113,10.4,0.35,31.7,正常,0
HZ009325,杭州,上城区,丁兰社区,2026-08-06 04:00,0.026,2.0,0.29,27.4,正常,0
HZ009326,杭州,萧山区,宁围佳境,2026-08-07 02:00,0.022,1.5,0.35,30.0,正常,0
HZ009327,杭州,钱塘区,河庄新苑,2026-08-07 23:00,0.120,8.6,0.38,30.4,正常,0
HZ009328,杭州,临平区,塘栖人家,2026-08-06 00:00,0.024,2.1,0.29,27.4,正常,0
HZ009329,杭州,西湖区,三墩新天地,2026-08-01 02:00,0.011,0.9,0.31,28.5,正常,0
HZ009330,杭州,滨江区,滨康小区,2026-08-01 16:00,0.121,9.0,0.34,33.3,正常,0
HZ009331,杭州,余杭区,仓前家园,2026-08-02 12:00,0.019,1.3,0.29,30.2,正常,0
HZ009332,杭州,拱墅区,湖墅家园,2026-08-07 20:00,0.042,3.0,0.36,29.7,正常,0
HZ009333,杭州,上城区,丁兰社区,2026-08-01 13:00,0.117,8.7,0.32,31.0,正常,0
HZ009334,杭州,萧山区,湘湖家园,2026-08-01 12:00,0.053,5.0,0.36,32.5,正常,0
HZ009335,杭州,钱塘区,河庄新苑,2026-08-05 09:00,0.092,6.6,0.36,29.1,正常,0
HZ009336,杭州,临平区,乔司家园,2026-08-02 23:00,0.113,8.7,0.30,27.1,正常,0
HZ009337,杭州,西湖区,转塘家园,2026-08-04 04:00,0.006,0.4,0.37,28.0,正常,0
HZ009338,杭州,滨江区,钱塘春晓,2026-08-02 14:00,0.033,3.3,0.34,32.0,正常,0
HZ009339,杭州,余杭区,闲林山水,2026-08-07 15:00,0.075,5.7,0.33,31.4,正常,0
HZ009340,杭州,拱墅区,运河新城社区,2026-08-02 21:00,0.061,5.9,0.37,27.1,正常,0
HZ009341,杭州,上城区,采荷小区,2026-08-06 10:00,0.102,7.9,0.38,29.4,正常,0
HZ009342,杭州,萧山区,湘湖家园,2026-08-05 13:00,0.028,2.6,0.37,32.6,正常,0
HZ009343,杭州,钱塘区,江东家园,2026-08-01 03:00,0.029,2.0,0.32,27.4,正常,0
HZ009344,杭州,临平区,南苑小区,2026-08-06 06:00,0.017,1.3,0.31,28.1,正常,0
HZ009345,杭州,西湖区,三墩新天地,2026-08-03 20:00,0.151,9.8,0.34,29.5,正常,0
HZ009346,杭州,滨江区,滨康小区,2026-08-05 01:00,0.014,1.0,0.38,29.8,正常,0
HZ009347,杭州,余杭区,未来科技城社区,2026-08-04 08:00,0.116,8.3,0.32,30.5,正常,0
HZ009348,杭州,拱墅区,湖墅家园,2026-08-07 15:00,0.055,5.4,0.32,33.9,正常,0
HZ009349,杭州,上城区,望江新园,2026-08-06 02:00,0.025,2.3,0.32,31.0,正常,0
HZ009350,杭州,萧山区,湘湖家园,2026-08-07 19:00,0.106,7.9,0.38,28.5,正常,0
HZ009351,杭州,钱塘区,下沙社区,2026-08-01 05:00,0.017,1.7,0.32,30.5,正常,0
HZ009352,杭州,临平区,南苑小区,2026-08-06 22:00,0.068,5.6,0.34,30.7,正常,0
HZ009353,杭州,西湖区,转塘家园,2026-08-07 04:00,0.006,0.6,0.35,27.6,正常,0
HZ009354,杭州,滨江区,白马湖社区,2026-08-01 15:00,0.057,4.7,0.33,30.6,正常,0
HZ009355,杭州,余杭区,良渚文化村,2026-08-02 17:00,0.030,2.6,0.38,32.4,正常,0
HZ009356,杭州,拱墅区,运河新城社区,2026-08-05 03:00,0.025,1.7,0.28,28.8,正常,0
HZ009357,杭州,上城区,近江家园,2026-08-01 20:00,0.112,8.6,0.34,29.7,正常,0
HZ009358,杭州,萧山区,宁围佳境,2026-08-02 13:00,0.024,1.5,0.35,30.6,正常,0
HZ009359,杭州,钱塘区,下沙社区,2026-08-07 17:00,0.090,6.4,0.31,32.0,正常,0
HZ009360,杭州,临平区,乔司家园,2026-08-07 11:00,0.063,6.1,0.33,31.9,正常,0
HZ009361,杭州,西湖区,翠苑小区,2026-08-06 05:00,0.010,0.7,0.28,30.9,正常,0
HZ009362,杭州,滨江区,滨康小区,2026-08-03 15:00,0.058,4.6,0.32,33.2,正常,0
HZ009363,杭州,余杭区,闲林山水,2026-08-02 11:00,0.065,5.7,0.35,31.4,正常,0
HZ009364,杭州,拱墅区,湖墅家园,2026-08-06 03:00,0.034,2.2,0.16,29.6,异常,1
HZ009365,杭州,上城区,采荷小区,2026-08-02 11:00,0.063,4.8,0.36,30.4,正常,0
HZ009366,杭州,萧山区,湘湖家园,2026-08-06 19:00,0.013,0.8,0.37,29.9,正常,0
HZ009367,杭州,钱塘区,江东家园,2026-08-05 23:00,0.009,0.9,0.35,29.5,正常,0
HZ009368,杭州,临平区,星桥社区,2026-08-07 13:00,0.113,8.7,0.32,33.7,正常,0
HZ009369,杭州,西湖区,文新社区,2026-08-03 11:00,0.040,2.6,0.33,31.5,正常,0
HZ009370,杭州,滨江区,白马湖社区,2026-08-01 12:00,0.023,1.9,0.39,30.2,正常,0
HZ009371,杭州,余杭区,良渚文化村,2026-08-03 12:00,0.107,9.8,0.37,32.3,正常,0
HZ009372,杭州,拱墅区,半山家园,2026-08-06 14:00,0.126,8.8,0.34,31.3,正常,0
HZ009373,杭州,上城区,采荷小区,2026-08-04 02:00,0.002,0.2,0.33,29.0,正常,0
HZ009374,杭州,萧山区,钱江世纪城社区,2026-08-07 14:00,0.128,9.0,0.34,30.3,正常,0
HZ009375,杭州,钱塘区,下沙社区,2026-08-05 02:00,0.019,1.5,0.33,29.4,正常,0
HZ009376,杭州,临平区,乔司家园,2026-08-02 22:00,0.109,8.9,0.31,29.2,正常,0
HZ009377,杭州,西湖区,三墩新天地,2026-08-02 16:00,0.049,3.4,0.38,30.5,正常,0
HZ009378,杭州,滨江区,白马湖社区,2026-08-03 15:00,0.062,5.1,0.35,31.4,正常,0
HZ009379,杭州,余杭区,良渚文化村,2026-08-04 19:00,0.105,9.0,0.32,29.4,正常,0
HZ009380,杭州,拱墅区,大关小区,2026-08-01 00:00,0.008,0.6,0.32,28.9,正常,0
HZ009381,杭州,上城区,采荷小区,2026-08-03 22:00,0.066,6.2,0.33,27.8,正常,0
HZ009382,杭州,萧山区,湘湖家园,2026-08-03 14:00,0.023,1.7,0.55,32.9,异常,1
HZ009383,杭州,钱塘区,大学城北社区,2026-08-04 23:00,0.058,5.3,0.31,28.4,正常,0
HZ009384,杭州,临平区,南苑小区,2026-08-06 23:00,0.046,4.0,0.36,27.2,正常,0
HZ009385,杭州,西湖区,转塘家园,2026-08-01 19:00,0.049,4.1,0.31,28.8,正常,0
HZ009386,杭州,滨江区,江南花园,2026-08-02 14:00,0.034,2.3,0.35,33.0,正常,0
HZ009387,杭州,余杭区,未来科技城社区,2026-08-04 03:00,0.016,1.3,0.38,30.8,正常,0
HZ009388,杭州,拱墅区,湖墅家园,2026-08-05 09:00,0.021,1.9,0.31,27.8,正常,0
HZ009389,杭州,上城区,望江新园,2026-08-02 16:00,0.118,8.9,0.33,33.0,正常,0
HZ009390,杭州,萧山区,湘湖家园,2026-08-02 02:00,0.016,1.2,0.31,27.9,正常,0
HZ009391,杭州,钱塘区,河庄新苑,2026-08-01 00:00,0.003,0.2,0.34,29.8,正常,0
HZ009392,杭州,临平区,南苑小区,2026-08-06 19:00,0.073,6.7,0.28,29.4,正常,0
HZ009393,杭州,西湖区,转塘家园,2026-08-02 07:00,0.031,2.9,0.29,29.1,正常,0
HZ009394,杭州,滨江区,江南花园,2026-08-04 18:00,0.107,8.9,0.35,29.6,正常,0
HZ009395,杭州,余杭区,仓前家园,2026-08-01 21:00,0.056,5.0,0.34,28.8,正常,0
HZ009396,杭州,拱墅区,大关小区,2026-08-04 04:00,0.017,1.2,0.34,28.2,正常,0
HZ009397,杭州,上城区,近江家园,2026-08-05 02:00,0.018,1.6,0.36,28.7,正常,0
HZ009398,杭州,萧山区,湘湖家园,2026-08-02 22:00,0.071,7.0,0.38,28.9,正常,0
HZ009399,杭州,钱塘区,下沙社区,2026-08-07 13:00,0.095,6.3,0.32,30.9,正常,0
HZ009400,杭州,临平区,星桥社区,2026-08-01 10:00,0.028,2.4,0.37,29.2,正常,0
HZ009401,杭州,西湖区,翠苑小区,2026-08-03 15:00,0.027,1.9,0.37,30.5,正常,0
HZ009402,杭州,滨江区,滨康小区,2026-08-04 01:00,0.013,1.0,0.37,28.2,正常,0
HZ009403,杭州,余杭区,仓前家园,2026-08-05 05:00,0.024,1.7,0.33,30.5,正常,0
HZ009404,杭州,拱墅区,半山家园,2026-08-04 13:00,0.053,3.7,0.30,31.9,正常,0
HZ009405,杭州,上城区,近江家园,2026-08-06 12:00,0.070,5.3,0.30,32.8,正常,0
HZ009406,杭州,萧山区,宁围佳境,2026-08-06 11:00,0.103,6.8,0.31,33.9,正常,0
HZ009407,杭州,钱塘区,大学城北社区,2026-08-07 09:00,0.084,7.3,0.29,28.8,正常,0
HZ009408,杭州,临平区,南苑小区,2026-08-06 11:00,0.046,3.3,0.34,30.5,正常,0
HZ009409,杭州,西湖区,转塘家园,2026-08-06 12:00,0.035,3.2,0.33,31.5,正常,0
HZ009410,杭州,滨江区,钱塘春晓,2026-08-03 12:00,0.026,2.4,0.36,33.3,正常,0
HZ009411,杭州,余杭区,良渚文化村,2026-08-02 13:00,0.037,2.8,0.38,30.7,正常,0
HZ009412,杭州,拱墅区,半山家园,2026-08-06 15:00,0.069,4.9,0.34,31.2,正常,0
HZ009413,杭州,上城区,望江新园,2026-08-02 09:00,0.089,5.6,0.30,30.9,正常,0
HZ009414,杭州,萧山区,钱江世纪城社区,2026-08-02 01:00,0.030,2.1,0.34,30.4,正常,0
HZ009415,杭州,钱塘区,大学城北社区,2026-08-01 19:00,0.104,9.8,0.29,29.8,正常,0
HZ009416,杭州,临平区,星桥社区,2026-08-04 00:00,0.005,0.5,0.33,29.9,正常,0
HZ009417,杭州,西湖区,翠苑小区,2026-08-03 05:00,0.022,2.2,0.30,30.9,正常,0
HZ009418,杭州,滨江区,白马湖社区,2026-08-06 07:00,0.103,8.1,0.29,27.3,正常,0
HZ009419,杭州,余杭区,仓前家园,2026-08-04 20:00,0.047,3.8,0.37,28.0,正常,0
HZ009420,杭州,拱墅区,大关小区,2026-08-03 16:00,0.107,8.6,0.32,33.7,正常,0
HZ009421,杭州,上城区,采荷小区,2026-08-01 14:00,0.074,4.9,0.39,33.8,正常,0
HZ009422,杭州,萧山区,湘湖家园,2026-08-02 10:00,0.094,8.8,0.31,30.5,正常,0
HZ009423,杭州,钱塘区,河庄新苑,2026-08-04 23:00,0.031,2.5,0.38,27.8,正常,0
HZ009424,杭州,临平区,星桥社区,2026-08-03 08:00,0.037,2.5,0.29,29.5,正常,0
HZ009425,杭州,西湖区,文新社区,2026-08-07 03:00,0.035,2.2,0.32,29.7,正常,0
HZ009426,杭州,滨江区,钱塘春晓,2026-08-06 05:00,0.006,0.5,0.38,28.7,正常,0
HZ009427,杭州,余杭区,未来科技城社区,2026-08-05 04:00,0.011,1.0,0.37,27.3,正常,0
HZ009428,杭州,拱墅区,湖墅家园,2026-08-01 03:00,0.007,0.7,0.33,30.0,正常,0
HZ009429,杭州,上城区,望江新园,2026-08-06 14:00,0.097,6.6,0.31,33.2,正常,0
HZ009430,杭州,萧山区,宁围佳境,2026-08-06 12:00,0.090,6.2,0.32,30.5,正常,0
HZ009431,杭州,钱塘区,大学城北社区,2026-08-03 01:00,0.024,2.3,0.39,28.6,正常,0
HZ009432,杭州,临平区,乔司家园,2026-08-03 18:00,0.062,5.4,0.33,30.0,正常,0
HZ009433,杭州,西湖区,转塘家园,2026-08-04 23:00,0.022,1.7,0.35,27.6,正常,0
HZ009434,杭州,滨江区,滨康小区,2026-08-06 17:00,0.122,8.2,0.32,31.2,正常,0
HZ009435,杭州,余杭区,未来科技城社区,2026-08-07 18:00,0.060,3.8,0.34,30.4,正常,0
HZ009436,杭州,拱墅区,运河新城社区,2026-08-07 07:00,0.102,7.1,0.36,27.2,正常,0
HZ009437,杭州,上城区,采荷小区,2026-08-07 19:00,0.095,6.1,0.33,28.6,正常,0
HZ009438,杭州,萧山区,湘湖家园,2026-08-04 03:00,0.001,0.1,0.30,29.5,正常,0
HZ009439,杭州,钱塘区,河庄新苑,2026-08-04 18:00,0.010,0.8,0.34,27.3,正常,0
HZ009440,杭州,临平区,乔司家园,2026-08-06 06:00,0.025,2.1,0.36,28.1,正常,0
HZ009441,杭州,西湖区,转塘家园,2026-08-07 00:00,0.017,1.2,0.29,28.8,正常,0
HZ009442,杭州,滨江区,江南花园,2026-08-04 13:00,0.011,0.8,0.32,33.9,正常,0
HZ009443,杭州,余杭区,未来科技城社区,2026-08-01 12:00,0.114,7.9,0.34,30.7,正常,0
HZ009444,杭州,拱墅区,半山家园,2026-08-03 05:00,0.018,1.2,0.29,30.2,正常,0
HZ009445,杭州,上城区,望江新园,2026-08-05 23:00,0.072,4.7,0.33,28.7,正常,0
HZ009446,杭州,萧山区,湘湖家园,2026-08-02 02:00,0.022,1.9,0.31,27.2,正常,0
HZ009447,杭州,钱塘区,江东家园,2026-08-07 10:00,0.097,6.3,0.38,29.2,正常,0
HZ009448,杭州,临平区,塘栖人家,2026-08-04 15:00,0.015,1.0,0.34,31.2,正常,0
HZ009449,杭州,西湖区,转塘家园,2026-08-06 11:00,0.036,2.5,0.34,30.2,正常,0
HZ009450,杭州,滨江区,江南花园,2026-08-01 19:00,0.069,6.6,0.31,28.1,正常,0
HZ009451,杭州,余杭区,闲林山水,2026-08-03 04:00,0.016,1.5,0.31,28.5,正常,0
HZ009452,杭州,拱墅区,湖墅家园,2026-08-03 11:00,0.035,2.6,0.54,31.0,异常,1
HZ009453,杭州,上城区,近江家园,2026-08-03 09:00,0.053,3.8,0.36,30.8,正常,0
HZ009454,杭州,萧山区,北干社区,2026-08-06 19:00,0.060,4.6,0.34,29.6,正常,0
HZ009455,杭州,钱塘区,河庄新苑,2026-08-07 16:00,0.150,10.2,0.34,31.7,正常,0
HZ009456,杭州,临平区,塘栖人家,2026-08-04 16:00,0.057,4.1,0.29,30.5,正常,0
HZ009457,杭州,西湖区,文新社区,2026-08-01 05:00,0.002,0.2,0.36,28.4,正常,0
HZ009458,杭州,滨江区,滨康小区,2026-08-07 13:00,0.103,9.4,0.36,31.0,正常,0
HZ009459,杭州,余杭区,仓前家园,2026-08-05 05:00,0.016,1.2,0.35,29.2,正常,0
HZ009460,杭州,拱墅区,半山家园,2026-08-04 09:00,0.116,8.5,0.33,30.2,正常,0
HZ009461,杭州,上城区,采荷小区,2026-08-06 03:00,0.021,1.9,0.34,29.5,正常,0
HZ009462,杭州,萧山区,宁围佳境,2026-08-03 11:00,0.045,4.4,0.36,32.8,正常,0
HZ009463,杭州,钱塘区,下沙社区,2026-08-04 19:00,0.079,5.4,0.37,29.1,正常,0
HZ009464,杭州,临平区,南苑小区,2026-08-04 22:00,0.030,2.5,0.36,29.5,正常,0
HZ009465,杭州,西湖区,转塘家园,2026-08-03 01:00,0.028,2.3,0.37,27.2,正常,0
HZ009466,杭州,滨江区,江南花园,2026-08-02 13:00,0.039,3.0,0.29,33.2,正常,0
HZ009467,杭州,余杭区,未来科技城社区,2026-08-07 16:00,0.068,5.0,0.34,32.7,正常,0
HZ009468,杭州,拱墅区,湖墅家园,2026-08-02 00:00,0.023,1.5,0.19,28.5,异常,1
HZ009469,杭州,上城区,望江新园,2026-08-02 19:00,0.106,8.2,0.33,30.9,正常,0
HZ009470,杭州,萧山区,湘湖家园,2026-08-04 07:00,0.105,6.6,0.33,30.4,正常,0
HZ009471,杭州,钱塘区,河庄新苑,2026-08-04 16:00,0.145,9.6,0.33,32.2,正常,0
HZ009472,杭州,临平区,塘栖人家,2026-08-05 15:00,0.098,9.1,0.39,32.6,正常,0
HZ009473,杭州,西湖区,翠苑小区,2026-08-07 11:00,0.137,9.0,0.33,30.1,正常,0
HZ009474,杭州,滨江区,钱塘春晓,2026-08-06 04:00,0.027,2.1,0.31,28.3,正常,0
HZ009475,杭州,余杭区,未来科技城社区,2026-08-07 17:00,0.093,8.1,0.32,31.0,正常,0
HZ009476,杭州,拱墅区,运河新城社区,2026-08-02 05:00,0.009,0.7,0.32,30.6,正常,0
HZ009477,杭州,上城区,丁兰社区,2026-08-01 05:00,0.023,1.4,0.32,27.3,正常,0
HZ009478,杭州,萧山区,北干社区,2026-08-01 11:00,0.067,4.9,0.49,33.8,异常,1
HZ009479,杭州,钱塘区,河庄新苑,2026-08-02 13:00,0.129,9.0,0.29,31.5,正常,0
HZ009480,杭州,临平区,乔司家园,2026-08-06 13:00,0.031,2.8,0.28,33.8,正常,0
HZ009481,杭州,西湖区,三墩新天地,2026-08-07 13:00,0.063,4.2,0.31,32.4,正常,0
HZ009482,杭州,滨江区,滨康小区,2026-08-03 18:00,0.084,7.7,0.38,28.0,正常,0
HZ009483,杭州,余杭区,闲林山水,2026-08-03 22:00,0.069,4.7,0.32,30.9,正常,0
HZ009484,杭州,拱墅区,半山家园,2026-08-01 22:00,0.088,6.7,0.31,28.2,正常,0
HZ009485,杭州,上城区,近江家园,2026-08-02 23:00,0.118,9.3,0.34,27.6,正常,0
HZ009486,杭州,萧山区,湘湖家园,2026-08-07 12:00,0.018,1.3,0.30,34.0,正常,0
HZ009487,杭州,钱塘区,河庄新苑,2026-08-06 06:00,0.079,6.7,0.37,29.9,正常,0
HZ009488,杭州,临平区,乔司家园,2026-08-03 00:00,0.009,0.7,0.29,30.9,正常,0
HZ009489,杭州,西湖区,文新社区,2026-08-04 21:00,0.043,3.2,0.33,29.8,正常,0
HZ009490,杭州,滨江区,滨康小区,2026-08-06 12:00,0.105,6.9,0.39,32.7,正常,0
HZ009491,杭州,余杭区,闲林山水,2026-08-04 16:00,0.061,6.0,0.29,31.4,正常,0
HZ009492,杭州,拱墅区,运河新城社区,2026-08-04 00:00,0.021,1.9,0.14,30.5,异常,1
HZ009493,杭州,上城区,近江家园,2026-08-04 19:00,0.111,7.4,0.35,30.5,正常,0
HZ009494,杭州,萧山区,北干社区,2026-08-07 02:00,0.028,1.8,0.35,29.6,正常,0
HZ009495,杭州,钱塘区,下沙社区,2026-08-03 16:00,0.079,7.6,0.33,33.9,正常,0
HZ009496,杭州,临平区,乔司家园,2026-08-01 04:00,0.007,0.7,0.31,30.7,正常,0
HZ009497,杭州,西湖区,三墩新天地,2026-08-07 06:00,0.029,2.4,0.38,30.5,正常,0
HZ009498,杭州,滨江区,江南花园,2026-08-05 01:00,0.014,1.2,0.39,30.3,正常,0
HZ009499,杭州,余杭区,良渚文化村,2026-08-01 17:00,0.052,3.6,0.29,33.8,正常,0
HZ009500,杭州,拱墅区,大关小区,2026-08-02 12:00,0.114,7.8,0.35,33.7,正常,0
HZ009501,杭州,上城区,望江新园,2026-08-05 06:00,0.026,1.8,0.36,27.4,正常,0
HZ009502,杭州,萧山区,北干社区,2026-08-06 06:00,0.126,10.1,0.33,30.6,正常,0
HZ009503,杭州,钱塘区,下沙社区,2026-08-04 01:00,0.006,0.5,0.38,27.2,正常,0
HZ009504,杭州,临平区,星桥社区,2026-08-05 07:00,0.092,7.9,0.31,30.1,正常,0
HZ009505,杭州,西湖区,翠苑小区,2026-08-04 11:00,0.064,6.0,0.29,30.7,正常,0
HZ009506,杭州,滨江区,滨康小区,2026-08-05 17:00,0.090,6.5,0.38,30.7,正常,0
HZ009507,杭州,余杭区,未来科技城社区,2026-08-06 21:00,0.108,7.0,0.30,28.1,正常,0
HZ009508,杭州,拱墅区,大关小区,2026-08-02 14:00,0.056,4.8,0.29,30.5,正常,0
HZ009509,杭州,上城区,望江新园,2026-08-07 07:00,0.422,21.3,0.28,27.2,异常,1
HZ009510,杭州,萧山区,钱江世纪城社区,2026-08-06 09:00,0.139,8.9,0.37,28.2,正常,0
HZ009511,杭州,钱塘区,大学城北社区,2026-08-05 15:00,0.027,1.8,0.32,30.9,正常,0
HZ009512,杭州,临平区,南苑小区,2026-08-03 00:00,0.023,2.2,0.38,27.1,正常,0
HZ009513,杭州,西湖区,文新社区,2026-08-05 07:00,0.017,1.2,0.38,29.4,正常,0
HZ009514,杭州,滨江区,江南花园,2026-08-01 20:00,0.121,8.4,0.37,27.5,正常,0
HZ009515,杭州,余杭区,闲林山水,2026-08-02 06:00,0.099,8.8,0.33,27.6,正常,0
HZ009516,杭州,拱墅区,湖墅家园,2026-08-03 18:00,0.066,5.4,0.33,30.4,正常,0
HZ009517,杭州,上城区,采荷小区,2026-08-02 01:00,0.013,1.1,0.31,29.5,正常,0
HZ009518,杭州,萧山区,湘湖家园,2026-08-04 16:00,0.049,4.3,0.31,31.7,正常,0
HZ009519,杭州,钱塘区,大学城北社区,2026-08-02 11:00,0.102,6.5,0.38,30.5,正常,0
HZ009520,杭州,临平区,南苑小区,2026-08-02 03:00,0.012,0.8,0.30,29.0,正常,0
HZ009521,杭州,西湖区,三墩新天地,2026-08-02 06:00,0.041,3.6,0.29,28.9,正常,0
HZ009522,杭州,滨江区,白马湖社区,2026-08-07 13:00,0.066,4.8,0.29,30.1,正常,0
HZ009523,杭州,余杭区,未来科技城社区,2026-08-04 17:00,0.023,1.5,0.39,30.9,正常,0
HZ009524,杭州,拱墅区,半山家园,2026-08-05 15:00,0.129,10.1,0.38,31.1,正常,0
HZ009525,杭州,上城区,近江家园,2026-08-04 01:00,0.015,1.0,0.39,30.4,正常,0
HZ009526,杭州,萧山区,宁围佳境,2026-08-05 09:00,0.066,5.7,0.39,27.2,正常,0
HZ009527,杭州,钱塘区,下沙社区,2026-08-06 03:00,0.010,0.9,0.29,29.9,正常,0
HZ009528,杭州,临平区,星桥社区,2026-08-02 10:00,0.038,3.1,0.36,28.3,正常,0
HZ009529,杭州,西湖区,翠苑小区,2026-08-04 10:00,0.109,9.5,0.29,30.6,正常,0
HZ009530,杭州,滨江区,白马湖社区,2026-08-07 13:00,0.112,8.0,0.35,30.0,正常,0
HZ009531,杭州,余杭区,未来科技城社区,2026-08-01 10:00,0.135,9.0,0.29,29.6,正常,0
HZ009532,杭州,拱墅区,半山家园,2026-08-05 15:00,0.020,1.9,0.55,32.3,异常,1
HZ009533,杭州,上城区,望江新园,2026-08-07 09:00,0.079,6.0,0.33,29.4,正常,0
HZ009534,杭州,萧山区,宁围佳境,2026-08-07 09:00,0.069,5.5,0.39,28.2,正常,0
HZ009535,杭州,钱塘区,河庄新苑,2026-08-03 14:00,0.103,9.3,0.30,31.1,正常,0
HZ009536,杭州,临平区,南苑小区,2026-08-06 08:00,0.134,9.8,0.31,28.2,正常,0
HZ009537,杭州,西湖区,文新社区,2026-08-03 13:00,0.018,1.4,0.38,32.5,正常,0
HZ009538,杭州,滨江区,江南花园,2026-08-07 14:00,0.113,10.5,0.29,33.1,正常,0
HZ009539,杭州,余杭区,仓前家园,2026-08-04 22:00,0.038,3.3,0.39,27.2,正常,0
HZ009540,杭州,拱墅区,运河新城社区,2026-08-04 19:00,0.102,6.8,0.32,30.2,正常,0
HZ009541,杭州,上城区,望江新园,2026-08-03 21:00,0.086,5.5,0.34,30.0,正常,0
HZ009542,杭州,萧山区,北干社区,2026-08-02 09:00,0.083,5.2,0.37,28.0,正常,0
HZ009543,杭州,钱塘区,江东家园,2026-08-06 12:00,0.032,2.9,0.31,33.5,正常,0
HZ009544,杭州,临平区,乔司家园,2026-08-05 23:00,0.069,5.7,0.30,27.5,正常,0
HZ009545,杭州,西湖区,文新社区,2026-08-04 04:00,0.001,0.1,0.29,28.7,正常,0
HZ009546,杭州,滨江区,钱塘春晓,2026-08-05 21:00,0.014,1.3,0.36,27.7,正常,0
HZ009547,杭州,余杭区,良渚文化村,2026-08-02 23:00,0.045,4.0,0.36,30.3,正常,0
HZ009548,杭州,拱墅区,半山家园,2026-08-05 15:00,0.094,8.4,0.30,30.4,正常,0
HZ009549,杭州,上城区,丁兰社区,2026-08-02 02:00,0.019,1.4,0.35,28.6,正常,0
HZ009550,杭州,萧山区,湘湖家园,2026-08-01 18:00,0.069,5.5,0.35,29.9,正常,0
HZ009551,杭州,钱塘区,河庄新苑,2026-08-07 06:00,0.414,23.0,0.33,28.9,异常,1
HZ009552,杭州,临平区,南苑小区,2026-08-04 10:00,0.021,1.4,0.32,30.1,正常,0
HZ009553,杭州,西湖区,三墩新天地,2026-08-02 13:00,0.032,2.1,0.31,33.3,正常,0
HZ009554,杭州,滨江区,滨康小区,2026-08-01 05:00,0.018,1.7,0.36,28.5,正常,0
HZ009555,杭州,余杭区,仓前家园,2026-08-05 02:00,0.008,0.6,0.31,27.5,正常,0
HZ009556,杭州,拱墅区,大关小区,2026-08-06 14:00,0.100,6.3,0.31,33.8,正常,0
HZ009557,杭州,上城区,近江家园,2026-08-04 21:00,0.065,4.1,0.37,27.7,正常,0
HZ009558,杭州,萧山区,北干社区,2026-08-02 04:00,0.030,2.2,0.30,28.2,正常,0
HZ009559,杭州,钱塘区,大学城北社区,2026-08-06 02:00,0.005,0.4,0.35,30.0,正常,0
HZ009560,杭州,临平区,乔司家园,2026-08-02 17:00,0.046,3.0,0.34,30.8,正常,0
HZ009561,杭州,西湖区,文新社区,2026-08-02 22:00,0.088,6.8,0.38,29.6,正常,0
HZ009562,杭州,滨江区,钱塘春晓,2026-08-04 09:00,0.009,0.8,0.33,29.0,正常,0
HZ009563,杭州,余杭区,闲林山水,2026-08-03 08:00,0.033,2.1,0.32,28.5,正常,0
HZ009564,杭州,拱墅区,运河新城社区,2026-08-02 02:00,0.021,1.5,0.33,30.1,正常,0
HZ009565,杭州,上城区,近江家园,2026-08-06 03:00,0.001,0.1,0.33,27.8,正常,0
HZ009566,杭州,萧山区,钱江世纪城社区,2026-08-02 09:00,0.054,3.7,0.31,27.1,正常,0
HZ009567,杭州,钱塘区,下沙社区,2026-08-02 14:00,0.068,4.4,0.37,32.7,正常,0
HZ009568,杭州,临平区,塘栖人家,2026-08-02 14:00,0.143,9.6,0.33,31.5,正常,0
HZ009569,杭州,西湖区,文新社区,2026-08-05 13:00,0.056,4.1,0.31,32.5,正常,0
HZ009570,杭州,滨江区,白马湖社区,2026-08-06 18:00,0.068,4.7,0.36,30.1,正常,0
HZ009571,杭州,余杭区,仓前家园,2026-08-05 14:00,0.077,6.5,0.38,31.2,正常,0
HZ009572,杭州,拱墅区,大关小区,2026-08-03 00:00,0.019,1.3,0.31,27.2,正常,0
HZ009573,杭州,上城区,采荷小区,2026-08-07 19:00,0.132,10.2,0.35,30.7,正常,0
HZ009574,杭州,萧山区,湘湖家园,2026-08-04 12:00,0.105,8.5,0.30,32.3,正常,0
HZ009575,杭州,钱塘区,大学城北社区,2026-08-03 15:00,0.112,7.6,0.30,30.7,正常,0
HZ009576,杭州,临平区,乔司家园,2026-08-05 11:00,0.063,5.6,0.36,30.1,正常,0
HZ009577,杭州,西湖区,转塘家园,2026-08-06 03:00,0.018,1.2,0.33,30.8,正常,0
HZ009578,杭州,滨江区,钱塘春晓,2026-08-06 15:00,0.124,9.6,0.32,33.8,正常,0
HZ009579,杭州,余杭区,未来科技城社区,2026-08-07 00:00,0.006,0.4,0.35,30.1,正常,0
HZ009580,杭州,拱墅区,半山家园,2026-08-07 06:00,0.129,8.6,0.39,30.0,正常,0
HZ009581,杭州,上城区,近江家园,2026-08-01 08:00,0.044,2.9,0.35,29.9,正常,0
HZ009582,杭州,萧山区,湘湖家园,2026-08-02 05:00,0.012,1.1,0.35,28.1,正常,0
HZ009583,杭州,钱塘区,下沙社区,2026-08-04 15:00,0.009,0.9,0.29,31.5,正常,0
HZ009584,杭州,临平区,星桥社区,2026-08-04 06:00,0.027,2.0,0.31,30.6,正常,0
HZ009585,杭州,西湖区,翠苑小区,2026-08-01 19:00,0.055,5.3,0.36,28.3,正常,0
HZ009586,杭州,滨江区,钱塘春晓,2026-08-07 05:00,0.004,0.4,0.33,29.7,正常,0
HZ009587,杭州,余杭区,未来科技城社区,2026-08-01 02:00,0.023,2.0,0.37,29.1,正常,0
HZ009588,杭州,拱墅区,大关小区,2026-08-04 19:00,0.152,10.1,0.28,29.4,正常,0
HZ009589,杭州,上城区,近江家园,2026-08-03 02:00,0.016,1.4,0.29,28.2,正常,0
HZ009590,杭州,萧山区,宁围佳境,2026-08-05 04:00,0.024,1.5,0.35,28.5,正常,0
HZ009591,杭州,钱塘区,江东家园,2026-08-05 07:00,0.072,6.0,0.33,28.9,正常,0
HZ009592,杭州,临平区,塘栖人家,2026-08-05 16:00,0.147,10.4,0.35,31.1,正常,0
HZ009593,杭州,西湖区,三墩新天地,2026-08-03 00:00,0.030,2.2,0.38,29.5,正常,0
HZ009594,杭州,滨江区,白马湖社区,2026-08-04 00:00,0.029,2.0,0.32,29.5,正常,0
HZ009595,杭州,余杭区,闲林山水,2026-08-05 10:00,0.131,9.1,0.38,29.9,正常,0
HZ009596,杭州,拱墅区,半山家园,2026-08-07 03:00,0.028,1.8,0.35,28.1,正常,0
HZ009597,杭州,上城区,丁兰社区,2026-08-03 02:00,0.016,1.2,0.30,28.3,正常,0
HZ009598,杭州,萧山区,湘湖家园,2026-08-05 12:00,0.095,6.4,0.35,30.9,正常,0
HZ009599,杭州,钱塘区,下沙社区,2026-08-07 08:00,0.106,8.3,0.35,29.2,正常,0
HZ009600,杭州,临平区,乔司家园,2026-08-03 13:00,0.109,8.7,0.33,33.3,正常,0
HZ009601,杭州,西湖区,文新社区,2026-08-03 09:00,0.078,6.3,0.34,29.2,正常,0
HZ009602,杭州,滨江区,钱塘春晓,2026-08-07 01:00,0.009,0.8,0.37,29.5,正常,0
HZ009603,杭州,余杭区,仓前家园,2026-08-03 13:00,0.094,7.6,0.34,32.8,正常,0
HZ009604,杭州,拱墅区,半山家园,2026-08-06 10:00,0.099,8.8,0.29,29.6,正常,0
HZ009605,杭州,上城区,采荷小区,2026-08-04 21:00,0.129,10.3,0.33,28.0,正常,0
HZ009606,杭州,萧山区,钱江世纪城社区,2026-08-07 00:00,0.023,1.6,0.39,29.0,正常,0
HZ009607,杭州,钱塘区,大学城北社区,2026-08-05 09:00,0.060,5.1,0.31,27.4,正常,0
HZ009608,杭州,临平区,南苑小区,2026-08-01 01:00,0.010,0.9,0.32,27.3,正常,0
HZ009609,杭州,西湖区,三墩新天地,2026-08-05 08:00,0.042,3.2,0.38,28.5,正常,0
HZ009610,杭州,滨江区,白马湖社区,2026-08-07 06:00,0.084,8.3,0.37,31.0,正常,0
HZ009611,杭州,余杭区,闲林山水,2026-08-05 18:00,0.014,1.2,0.33,29.4,正常,0
HZ009612,杭州,拱墅区,湖墅家园,2026-08-05 01:00,0.025,2.0,0.33,30.4,正常,0
HZ009613,杭州,上城区,近江家园,2026-08-02 09:00,0.085,6.9,0.28,30.2,正常,0
HZ009614,杭州,萧山区,宁围佳境,2026-08-05 12:00,0.024,1.9,0.37,31.7,正常,0
HZ009615,杭州,钱塘区,江东家园,2026-08-05 12:00,0.052,4.6,0.35,33.4,正常,0
HZ009616,杭州,临平区,塘栖人家,2026-08-05 04:00,0.020,1.8,0.34,28.5,正常,0
HZ009617,杭州,西湖区,文新社区,2026-08-04 03:00,0.027,1.9,0.37,29.3,正常,0
HZ009618,杭州,滨江区,白马湖社区,2026-08-05 16:00,0.137,8.9,0.34,32.4,正常,0
HZ009619,杭州,余杭区,良渚文化村,2026-08-04 21:00,0.104,7.4,0.34,27.4,正常,0
HZ009620,杭州,拱墅区,半山家园,2026-08-02 15:00,0.047,3.4,0.33,32.3,正常,0
HZ009621,杭州,上城区,丁兰社区,2026-08-05 13:00,0.088,5.6,0.38,33.6,正常,0
HZ009622,杭州,萧山区,宁围佳境,2026-08-04 02:00,0.004,0.3,0.36,30.3,正常,0
HZ009623,杭州,钱塘区,下沙社区,2026-08-02 12:00,0.066,6.5,0.28,31.4,正常,0
HZ009624,杭州,临平区,星桥社区,2026-08-06 20:00,0.014,1.1,0.30,28.1,正常,0
HZ009625,杭州,西湖区,三墩新天地,2026-08-06 13:00,0.129,10.0,0.32,32.2,正常,0
HZ009626,杭州,滨江区,钱塘春晓,2026-08-07 20:00,0.144,10.3,0.30,27.5,正常,0
HZ009627,杭州,余杭区,闲林山水,2026-08-02 03:00,0.014,1.0,0.33,27.4,正常,0
HZ009628,杭州,拱墅区,大关小区,2026-08-04 13:00,0.090,6.0,0.34,30.8,正常,0
HZ009629,杭州,上城区,近江家园,2026-08-03 09:00,0.014,1.1,0.37,27.4,正常,0
HZ009630,杭州,萧山区,钱江世纪城社区,2026-08-07 16:00,0.077,5.3,0.29,31.8,正常,0
HZ009631,杭州,钱塘区,大学城北社区,2026-08-05 07:00,0.129,10.1,0.29,29.9,正常,0
HZ009632,杭州,临平区,塘栖人家,2026-08-03 09:00,0.055,5.4,0.37,29.2,正常,0
HZ009633,杭州,西湖区,翠苑小区,2026-08-07 17:00,0.049,4.3,0.34,31.2,正常,0
HZ009634,杭州,滨江区,滨康小区,2026-08-04 05:00,0.027,2.3,0.39,27.6,正常,0
HZ009635,杭州,余杭区,良渚文化村,2026-08-04 22:00,0.027,1.8,0.29,28.6,正常,0
HZ009636,杭州,拱墅区,运河新城社区,2026-08-02 03:00,0.022,1.6,0.29,27.1,正常,0
HZ009637,杭州,上城区,丁兰社区,2026-08-03 14:00,0.016,1.4,0.29,31.9,正常,0
HZ009638,杭州,萧山区,钱江世纪城社区,2026-08-02 23:00,0.011,0.8,0.34,27.5,正常,0
HZ009639,杭州,钱塘区,大学城北社区,2026-08-06 22:00,0.053,5.1,0.33,28.5,正常,0
HZ009640,杭州,临平区,南苑小区,2026-08-06 20:00,0.022,1.7,0.38,29.1,正常,0
HZ009641,杭州,西湖区,三墩新天地,2026-08-02 21:00,0.072,5.6,0.32,27.4,正常,0
HZ009642,杭州,滨江区,白马湖社区,2026-08-06 05:00,0.010,0.7,0.30,29.0,正常,0
HZ009643,杭州,余杭区,未来科技城社区,2026-08-03 15:00,0.069,5.5,0.38,31.4,正常,0
HZ009644,杭州,拱墅区,半山家园,2026-08-02 03:00,0.014,1.3,0.35,28.5,正常,0
HZ009645,杭州,上城区,采荷小区,2026-08-02 13:00,0.106,7.4,0.37,31.0,正常,0
HZ009646,杭州,萧山区,北干社区,2026-08-01 23:00,0.106,10.2,0.31,30.6,正常,0
HZ009647,杭州,钱塘区,江东家园,2026-08-03 09:00,0.127,9.1,0.30,29.4,正常,0
HZ009648,杭州,临平区,星桥社区,2026-08-03 04:00,0.004,0.3,0.54,27.6,异常,1
HZ009649,杭州,西湖区,三墩新天地,2026-08-01 10:00,0.054,4.6,0.32,29.7,正常,0
HZ009650,杭州,滨江区,白马湖社区,2026-08-02 10:00,0.104,8.8,0.35,29.0,正常,0
HZ009651,杭州,余杭区,未来科技城社区,2026-08-03 06:00,0.082,6.0,0.30,30.3,正常,0
HZ009652,杭州,拱墅区,大关小区,2026-08-03 20:00,0.098,6.3,0.35,28.7,正常,0
HZ009653,杭州,上城区,采荷小区,2026-08-01 00:00,0.014,1.1,0.29,27.2,正常,0
HZ009654,杭州,萧山区,湘湖家园,2026-08-02 02:00,0.026,2.2,0.36,29.5,正常,0
HZ009655,杭州,钱塘区,河庄新苑,2026-08-03 06:00,0.120,10.0,0.35,27.9,正常,0
HZ009656,杭州,临平区,乔司家园,2026-08-04 15:00,0.054,4.7,0.34,33.5,正常,0
HZ009657,杭州,西湖区,文新社区,2026-08-03 15:00,0.042,2.9,0.32,32.1,正常,0
HZ009658,杭州,滨江区,钱塘春晓,2026-08-02 15:00,0.013,1.1,0.33,33.1,正常,0
HZ009659,杭州,余杭区,闲林山水,2026-08-03 09:00,0.152,10.2,0.34,27.3,正常,0
HZ009660,杭州,拱墅区,半山家园,2026-08-01 02:00,0.020,1.4,0.32,27.9,正常,0
HZ009661,杭州,上城区,采荷小区,2026-08-05 00:00,0.002,0.2,0.34,29.1,正常,0
HZ009662,杭州,萧山区,宁围佳境,2026-08-07 23:00,0.055,4.5,0.29,31.0,正常,0
HZ009663,杭州,钱塘区,河庄新苑,2026-08-05 08:00,0.111,7.6,0.34,29.9,正常,0
HZ009664,杭州,临平区,南苑小区,2026-08-07 15:00,0.011,0.8,0.33,30.7,正常,0
HZ009665,杭州,西湖区,转塘家园,2026-08-04 03:00,0.031,2.2,0.29,27.2,正常,0
HZ009666,杭州,滨江区,白马湖社区,2026-08-02 09:00,0.082,6.1,0.32,29.6,正常,0
HZ009667,杭州,余杭区,仓前家园,2026-08-03 20:00,0.030,2.7,0.37,29.1,正常,0
HZ009668,杭州,拱墅区,大关小区,2026-08-03 23:00,0.104,8.5,0.38,28.5,正常,0
HZ009669,杭州,上城区,望江新园,2026-08-06 09:00,0.022,1.9,0.31,28.0,正常,0
HZ009670,杭州,萧山区,湘湖家园,2026-08-06 11:00,0.089,8.0,0.32,31.0,正常,0
HZ009671,杭州,钱塘区,河庄新苑,2026-08-07 04:00,0.003,0.2,0.35,30.0,正常,0
HZ009672,杭州,临平区,乔司家园,2026-08-07 12:00,0.045,3.4,0.36,33.6,正常,0
HZ009673,杭州,西湖区,三墩新天地,2026-08-02 09:00,0.063,4.7,0.30,30.5,正常,0
HZ009674,杭州,滨江区,白马湖社区,2026-08-01 03:00,0.029,2.0,0.33,30.8,正常,0
HZ009675,杭州,余杭区,仓前家园,2026-08-06 06:00,0.080,6.4,0.32,30.2,正常,0
HZ009676,杭州,拱墅区,运河新城社区,2026-08-05 19:00,0.096,7.1,0.28,29.5,正常,0
HZ009677,杭州,上城区,近江家园,2026-08-07 06:00,0.045,3.9,0.31,27.9,正常,0
HZ009678,杭州,萧山区,钱江世纪城社区,2026-08-05 04:00,0.012,0.9,0.36,28.5,正常,0
HZ009679,杭州,钱塘区,河庄新苑,2026-08-03 03:00,0.023,1.9,0.29,28.2,正常,0
HZ009680,杭州,临平区,南苑小区,2026-08-01 13:00,0.092,7.3,0.52,33.3,异常,1
HZ009681,杭州,西湖区,转塘家园,2026-08-03 17:00,0.024,1.9,0.29,33.5,正常,0
HZ009682,杭州,滨江区,江南花园,2026-08-01 12:00,0.066,5.3,0.39,30.4,正常,0
HZ009683,杭州,余杭区,良渚文化村,2026-08-01 00:00,0.019,1.4,0.28,27.6,正常,0
HZ009684,杭州,拱墅区,半山家园,2026-08-06 21:00,0.035,2.5,0.28,28.6,正常,0
HZ009685,杭州,上城区,望江新园,2026-08-05 16:00,0.049,4.8,0.29,30.5,正常,0
HZ009686,杭州,萧山区,钱江世纪城社区,2026-08-05 19:00,0.045,4.2,0.29,27.6,正常,0
HZ009687,杭州,钱塘区,下沙社区,2026-08-05 21:00,0.067,4.9,0.29,27.5,正常,0
HZ009688,杭州,临平区,塘栖人家,2026-08-04 03:00,0.016,1.0,0.34,30.6,正常,0
HZ009689,杭州,西湖区,三墩新天地,2026-08-05 08:00,0.058,4.1,0.32,30.4,正常,0
HZ009690,杭州,滨江区,江南花园,2026-08-02 17:00,0.057,4.2,0.31,33.3,正常,0
HZ009691,杭州,余杭区,闲林山水,2026-08-03 13:00,0.092,6.0,0.34,30.4,正常,0
HZ009692,杭州,拱墅区,运河新城社区,2026-08-07 14:00,0.136,10.0,0.31,30.4,正常,0
HZ009693,杭州,上城区,采荷小区,2026-08-07 14:00,0.047,4.5,0.29,31.2,正常,0
HZ009694,杭州,萧山区,湘湖家园,2026-08-01 07:00,0.131,8.4,0.33,31.0,正常,0
HZ009695,杭州,钱塘区,下沙社区,2026-08-04 07:00,0.034,2.9,0.31,29.5,正常,0
HZ009696,杭州,临平区,塘栖人家,2026-08-04 16:00,0.026,1.7,0.30,33.0,正常,0
HZ009697,杭州,西湖区,三墩新天地,2026-08-06 20:00,0.022,1.9,0.38,29.8,正常,0
HZ009698,杭州,滨江区,江南花园,2026-08-03 16:00,0.087,7.2,0.48,30.7,异常,1
HZ009699,杭州,余杭区,仓前家园,2026-08-02 15:00,0.110,8.3,0.32,30.1,正常,0
HZ009700,杭州,拱墅区,大关小区,2026-08-06 00:00,0.018,1.5,0.32,28.8,正常,0
HZ009701,杭州,上城区,丁兰社区,2026-08-04 06:00,0.016,1.6,0.37,29.8,正常,0
HZ009702,杭州,萧山区,湘湖家园,2026-08-03 01:00,0.008,0.5,0.33,30.0,正常,0
HZ009703,杭州,钱塘区,江东家园,2026-08-05 04:00,0.023,1.6,0.35,29.4,正常,0
HZ009704,杭州,临平区,塘栖人家,2026-08-07 18:00,0.032,2.5,0.36,28.6,正常,0
HZ009705,杭州,西湖区,文新社区,2026-08-01 04:00,0.027,2.1,0.37,28.2,正常,0
HZ009706,杭州,滨江区,钱塘春晓,2026-08-05 05:00,0.019,1.5,0.31,28.6,正常,0
HZ009707,杭州,余杭区,良渚文化村,2026-08-07 02:00,0.034,2.3,0.37,30.4,正常,0
HZ009708,杭州,拱墅区,湖墅家园,2026-08-02 06:00,0.018,1.7,0.32,27.9,正常,0
HZ009709,杭州,上城区,丁兰社区,2026-08-05 13:00,0.103,6.8,0.34,32.0,正常,0
HZ009710,杭州,萧山区,宁围佳境,2026-08-06 05:00,0.005,0.4,0.36,27.2,正常,0
HZ009711,杭州,钱塘区,河庄新苑,2026-08-04 11:00,0.100,7.6,0.29,33.0,正常,0
HZ009712,杭州,临平区,星桥社区,2026-08-05 22:00,0.062,5.7,0.29,27.5,正常,0
HZ009713,杭州,西湖区,翠苑小区,2026-08-07 21:00,0.087,8.6,0.35,29.4,正常,0
HZ009714,杭州,滨江区,滨康小区,2026-08-01 16:00,0.109,10.0,0.33,32.0,正常,0
HZ009715,杭州,余杭区,闲林山水,2026-08-07 03:00,0.008,0.7,0.39,30.6,正常,0
HZ009716,杭州,拱墅区,大关小区,2026-08-06 02:00,0.018,1.4,0.36,29.3,正常,0
HZ009717,杭州,上城区,采荷小区,2026-08-02 18:00,0.079,5.4,0.39,27.7,正常,0
HZ009718,杭州,萧山区,钱江世纪城社区,2026-08-03 14:00,0.064,4.4,0.33,33.8,正常,0
HZ009719,杭州,钱塘区,江东家园,2026-08-07 19:00,0.091,7.5,0.33,28.8,正常,0
HZ009720,杭州,临平区,塘栖人家,2026-08-04 06:00,0.069,4.5,0.39,27.3,正常,0
HZ009721,杭州,西湖区,文新社区,2026-08-03 07:00,0.045,3.9,0.37,31.0,正常,0
HZ009722,杭州,滨江区,白马湖社区,2026-08-07 20:00,0.084,7.2,0.30,29.3,正常,0
HZ009723,杭州,余杭区,未来科技城社区,2026-08-03 19:00,0.033,3.2,0.39,29.6,正常,0
HZ009724,杭州,拱墅区,湖墅家园,2026-08-03 06:00,0.083,6.7,0.29,30.5,正常,0
HZ009725,杭州,上城区,望江新园,2026-08-03 21:00,0.054,4.0,0.30,29.4,正常,0
HZ009726,杭州,萧山区,宁围佳境,2026-08-04 22:00,0.034,2.3,0.29,30.7,正常,0
HZ009727,杭州,钱塘区,江东家园,2026-08-02 01:00,0.022,1.5,0.34,29.9,正常,0
HZ009728,杭州,临平区,南苑小区,2026-08-02 12:00,0.020,2.0,0.14,30.2,异常,1
HZ009729,杭州,西湖区,三墩新天地,2026-08-01 14:00,0.051,4.2,0.33,32.1,正常,0
HZ009730,杭州,滨江区,白马湖社区,2026-08-03 18:00,0.121,8.1,0.37,30.4,正常,0
HZ009731,杭州,余杭区,未来科技城社区,2026-08-05 07:00,0.137,9.7,0.30,30.5,正常,0
HZ009732,杭州,拱墅区,运河新城社区,2026-08-02 22:00,0.115,10.5,0.37,30.8,正常,0
HZ009733,杭州,上城区,采荷小区,2026-08-07 23:00,0.042,2.6,0.39,29.7,正常,0
HZ009734,杭州,萧山区,北干社区,2026-08-02 02:00,0.015,1.0,0.31,29.1,正常,0
HZ009735,杭州,钱塘区,江东家园,2026-08-07 21:00,0.048,4.1,0.38,27.9,正常,0
HZ009736,杭州,临平区,星桥社区,2026-08-02 10:00,0.071,5.5,0.33,27.9,正常,0
HZ009737,杭州,西湖区,翠苑小区,2026-08-06 03:00,0.009,0.6,0.37,30.4,正常,0
HZ009738,杭州,滨江区,钱塘春晓,2026-08-06 19:00,0.032,2.7,0.30,27.2,正常,0
HZ009739,杭州,余杭区,良渚文化村,2026-08-05 08:00,0.103,6.6,0.30,30.5,正常,0
HZ009740,杭州,拱墅区,运河新城社区,2026-08-07 07:00,0.126,8.3,0.34,29.0,正常,0
HZ009741,杭州,上城区,近江家园,2026-08-01 01:00,0.015,1.4,0.38,30.0,正常,0
HZ009742,杭州,萧山区,宁围佳境,2026-08-06 19:00,0.071,4.7,0.39,27.3,正常,0
HZ009743,杭州,钱塘区,江东家园,2026-08-06 00:00,0.014,0.9,0.35,29.6,正常,0
HZ009744,杭州,临平区,塘栖人家,2026-08-05 18:00,0.096,6.1,0.35,27.7,正常,0
HZ009745,杭州,西湖区,翠苑小区,2026-08-01 04:00,0.023,1.6,0.39,29.4,正常,0
HZ009746,杭州,滨江区,滨康小区,2026-08-07 14:00,0.134,10.0,0.35,32.0,正常,0
HZ009747,杭州,余杭区,未来科技城社区,2026-08-04 06:00,0.111,7.4,0.29,27.6,正常,0
HZ009748,杭州,拱墅区,大关小区,2026-08-06 04:00,0.022,1.8,0.30,30.2,正常,0
HZ009749,杭州,上城区,丁兰社区,2026-08-06 07:00,0.078,7.2,0.29,27.6,正常,0
HZ009750,杭州,萧山区,北干社区,2026-08-04 13:00,0.066,4.4,0.39,32.2,正常,0
HZ009751,杭州,钱塘区,河庄新苑,2026-08-05 06:00,0.011,1.1,0.37,28.6,正常,0
HZ009752,杭州,临平区,乔司家园,2026-08-04 01:00,0.022,2.1,0.31,29.6,正常,0
HZ009753,杭州,西湖区,翠苑小区,2026-08-02 21:00,0.121,10.0,0.29,29.1,正常,0
HZ009754,杭州,滨江区,滨康小区,2026-08-02 18:00,0.022,1.8,0.29,28.8,正常,0
HZ009755,杭州,余杭区,良渚文化村,2026-08-01 07:00,0.075,5.5,0.33,29.2,正常,0
HZ009756,杭州,拱墅区,湖墅家园,2026-08-01 16:00,0.083,7.6,0.28,33.2,正常,0
HZ009757,杭州,上城区,近江家园,2026-08-01 22:00,0.036,2.7,0.28,28.2,正常,0
HZ009758,杭州,萧山区,钱江世纪城社区,2026-08-05 06:00,0.128,10.2,0.33,29.3,正常,0
HZ009759,杭州,钱塘区,下沙社区,2026-08-04 16:00,0.049,4.6,0.36,32.6,正常,0
HZ009760,杭州,临平区,乔司家园,2026-08-03 20:00,0.024,1.6,0.39,27.1,正常,0
HZ009761,杭州,西湖区,转塘家园,2026-08-07 02:00,0.012,1.0,0.31,28.6,正常,0
HZ009762,杭州,滨江区,钱塘春晓,2026-08-05 12:00,0.013,0.9,0.35,30.8,正常,0
HZ009763,杭州,余杭区,未来科技城社区,2026-08-03 18:00,0.012,1.1,0.39,29.1,正常,0
HZ009764,杭州,拱墅区,运河新城社区,2026-08-03 07:00,0.062,4.3,0.37,30.6,正常,0
HZ009765,杭州,上城区,望江新园,2026-08-04 09:00,0.083,6.2,0.33,28.4,正常,0
HZ009766,杭州,萧山区,湘湖家园,2026-08-04 15:00,0.098,8.3,0.50,33.5,异常,1
HZ009767,杭州,钱塘区,下沙社区,2026-08-04 21:00,0.088,6.4,0.34,29.6,正常,0
HZ009768,杭州,临平区,塘栖人家,2026-08-07 12:00,0.104,7.2,0.38,30.2,正常,0
HZ009769,杭州,西湖区,文新社区,2026-08-06 16:00,0.033,2.6,0.31,32.2,正常,0
HZ009770,杭州,滨江区,白马湖社区,2026-08-02 12:00,0.061,5.3,0.53,31.7,异常,1
HZ009771,杭州,余杭区,仓前家园,2026-08-07 15:00,0.133,8.3,0.37,30.1,正常,0
HZ009772,杭州,拱墅区,运河新城社区,2026-08-01 06:00,0.099,8.2,0.34,30.2,正常,0
HZ009773,杭州,上城区,望江新园,2026-08-07 03:00,0.030,2.1,0.36,27.8,正常,0
HZ009774,杭州,萧山区,北干社区,2026-08-04 07:00,0.130,9.0,0.32,29.3,正常,0
HZ009775,杭州,钱塘区,大学城北社区,2026-08-02 11:00,0.116,8.9,0.34,32.2,正常,0
HZ009776,杭州,临平区,南苑小区,2026-08-03 16:00,0.096,7.3,0.28,32.4,正常,0
HZ009777,杭州,西湖区,三墩新天地,2026-08-02 08:00,0.044,4.2,0.38,30.8,正常,0
HZ009778,杭州,滨江区,钱塘春晓,2026-08-03 15:00,0.070,5.2,0.30,32.7,正常,0
HZ009779,杭州,余杭区,良渚文化村,2026-08-06 07:00,0.064,6.2,0.38,29.6,正常,0
HZ009780,杭州,拱墅区,湖墅家园,2026-08-01 04:00,0.014,1.4,0.30,28.0,正常,0
HZ009781,杭州,上城区,望江新园,2026-08-04 17:00,0.073,6.6,0.33,31.6,正常,0
HZ009782,杭州,萧山区,钱江世纪城社区,2026-08-06 21:00,0.078,5.7,0.38,28.2,正常,0
HZ009783,杭州,钱塘区,下沙社区,2026-08-06 14:00,0.106,6.9,0.32,33.4,正常,0
HZ009784,杭州,临平区,塘栖人家,2026-08-07 19:00,0.043,3.9,0.33,29.0,正常,0
HZ009785,杭州,西湖区,文新社区,2026-08-01 22:00,0.109,8.7,0.33,28.0,正常,0
HZ009786,杭州,滨江区,钱塘春晓,2026-08-01 08:00,0.136,10.2,0.32,30.3,正常,0
HZ009787,杭州,余杭区,仓前家园,2026-08-05 06:00,0.042,4.1,0.36,30.2,正常,0
HZ009788,杭州,拱墅区,半山家园,2026-08-05 10:00,0.036,3.0,0.29,29.2,正常,0
HZ009789,杭州,上城区,望江新园,2026-08-06 10:00,0.238,18.4,0.39,29.2,异常,1
HZ009790,杭州,萧山区,宁围佳境,2026-08-07 16:00,0.144,9.6,0.30,33.1,正常,0
HZ009791,杭州,钱塘区,下沙社区,2026-08-03 04:00,0.003,0.2,0.29,27.3,正常,0
HZ009792,杭州,临平区,星桥社区,2026-08-06 13:00,0.091,5.8,0.36,31.5,正常,0
HZ009793,杭州,西湖区,翠苑小区,2026-08-05 22:00,0.078,6.6,0.38,28.6,正常,0
HZ009794,杭州,滨江区,滨康小区,2026-08-07 09:00,0.069,4.9,0.29,29.4,正常,0
HZ009795,杭州,余杭区,仓前家园,2026-08-03 19:00,0.026,1.7,0.29,30.2,正常,0
HZ009796,杭州,拱墅区,运河新城社区,2026-08-04 17:00,0.103,9.3,0.31,32.2,正常,0
HZ009797,杭州,上城区,近江家园,2026-08-05 23:00,0.100,8.7,0.35,28.2,正常,0
HZ009798,杭州,萧山区,湘湖家园,2026-08-05 15:00,0.112,8.4,0.33,31.4,正常,0
HZ009799,杭州,钱塘区,河庄新苑,2026-08-02 15:00,0.053,4.7,0.34,30.2,正常,0
HZ009800,杭州,临平区,南苑小区,2026-08-05 17:00,0.093,8.6,0.35,31.3,正常,0
HZ009801,杭州,西湖区,三墩新天地,2026-08-03 23:00,0.035,2.6,0.29,29.3,正常,0
HZ009802,杭州,滨江区,白马湖社区,2026-08-06 21:00,0.099,7.6,0.33,30.7,正常,0
HZ009803,杭州,余杭区,闲林山水,2026-08-03 13:00,0.145,9.2,0.28,33.3,正常,0
HZ009804,杭州,拱墅区,大关小区,2026-08-04 01:00,0.017,1.3,0.29,30.7,正常,0
HZ009805,杭州,上城区,采荷小区,2026-08-07 03:00,0.022,1.5,0.31,28.5,正常,0
HZ009806,杭州,萧山区,湘湖家园,2026-08-07 15:00,0.050,4.3,0.36,30.7,正常,0
HZ009807,杭州,钱塘区,江东家园,2026-08-02 01:00,0.011,0.7,0.35,27.8,正常,0
HZ009808,杭州,临平区,乔司家园,2026-08-03 15:00,0.080,6.0,0.31,31.8,正常,0
HZ009809,杭州,西湖区,转塘家园,2026-08-05 00:00,0.027,2.0,0.29,30.0,正常,0
HZ009810,杭州,滨江区,白马湖社区,2026-08-06 17:00,0.107,7.7,0.33,32.4,正常,0
HZ009811,杭州,余杭区,良渚文化村,2026-08-04 01:00,0.011,1.1,0.38,29.2,正常,0
HZ009812,杭州,拱墅区,大关小区,2026-08-05 15:00,0.019,1.5,0.29,33.5,正常,0
HZ009813,杭州,上城区,望江新园,2026-08-05 16:00,0.094,6.3,0.28,32.4,正常,0
HZ009814,杭州,萧山区,宁围佳境,2026-08-02 08:00,0.094,7.4,0.31,27.1,正常,0
HZ009815,杭州,钱塘区,河庄新苑,2026-08-06 15:00,0.078,4.9,0.34,33.9,正常,0
HZ009816,杭州,临平区,南苑小区,2026-08-03 20:00,0.096,6.2,0.36,30.5,正常,0
HZ009817,杭州,西湖区,翠苑小区,2026-08-06 14:00,0.069,5.1,0.37,31.9,正常,0
HZ009818,杭州,滨江区,钱塘春晓,2026-08-03 04:00,0.007,0.5,0.34,27.7,正常,0
HZ009819,杭州,余杭区,仓前家园,2026-08-03 23:00,0.034,3.1,0.36,29.3,正常,0
HZ009820,杭州,拱墅区,半山家园,2026-08-01 09:00,0.096,7.0,0.33,30.6,正常,0
HZ009821,杭州,上城区,丁兰社区,2026-08-03 18:00,0.095,8.9,0.33,29.4,正常,0
HZ009822,杭州,萧山区,湘湖家园,2026-08-05 05:00,0.025,2.3,0.50,29.3,异常,1
HZ009823,杭州,钱塘区,河庄新苑,2026-08-01 23:00,0.053,4.9,0.35,30.5,正常,0
HZ009824,杭州,临平区,星桥社区,2026-08-02 21:00,0.079,7.4,0.34,29.5,正常,0
HZ009825,杭州,西湖区,三墩新天地,2026-08-02 03:00,0.015,1.0,0.39,28.7,正常,0
HZ009826,杭州,滨江区,江南花园,2026-08-04 15:00,0.018,1.6,0.31,32.7,正常,0
HZ009827,杭州,余杭区,未来科技城社区,2026-08-02 19:00,0.052,4.2,0.32,28.6,正常,0
HZ009828,杭州,拱墅区,运河新城社区,2026-08-07 03:00,0.016,1.2,0.33,30.3,正常,0
HZ009829,杭州,上城区,望江新园,2026-08-01 10:00,0.104,7.5,0.37,30.6,正常,0
HZ009830,杭州,萧山区,钱江世纪城社区,2026-08-06 04:00,0.017,1.1,0.36,29.8,正常,0
HZ009831,杭州,钱塘区,河庄新苑,2026-08-07 04:00,0.004,0.3,0.33,27.7,正常,0
HZ009832,杭州,临平区,乔司家园,2026-08-04 12:00,0.147,10.1,0.30,32.3,正常,0
HZ009833,杭州,西湖区,转塘家园,2026-08-01 08:00,0.129,10.1,0.37,29.7,正常,0
HZ009834,杭州,滨江区,滨康小区,2026-08-05 10:00,0.023,1.8,0.28,28.2,正常,0
HZ009835,杭州,余杭区,闲林山水,2026-08-01 12:00,0.063,4.6,0.37,30.7,正常,0
HZ009836,杭州,拱墅区,湖墅家园,2026-08-04 09:00,0.066,4.3,0.38,28.4,正常,0
HZ009837,杭州,上城区,近江家园,2026-08-05 02:00,0.021,1.5,0.34,30.9,正常,0
HZ009838,杭州,萧山区,宁围佳境,2026-08-04 04:00,0.018,1.3,0.29,28.5,正常,0
HZ009839,杭州,钱塘区,江东家园,2026-08-02 08:00,0.025,1.9,0.36,29.9,正常,0
HZ009840,杭州,临平区,乔司家园,2026-08-02 18:00,0.097,8.8,0.34,29.0,正常,0
HZ009841,杭州,西湖区,文新社区,2026-08-06 04:00,0.024,2.3,0.31,29.1,正常,0
HZ009842,杭州,滨江区,江南花园,2026-08-03 04:00,0.007,0.7,0.38,27.9,正常,0
HZ009843,杭州,余杭区,仓前家园,2026-08-04 21:00,0.020,1.8,0.35,27.6,正常,0
HZ009844,杭州,拱墅区,湖墅家园,2026-08-05 23:00,0.040,2.7,0.38,27.8,正常,0
HZ009845,杭州,上城区,丁兰社区,2026-08-05 18:00,0.058,3.9,0.31,29.5,正常,0
HZ009846,杭州,萧山区,北干社区,2026-08-01 09:00,0.104,7.5,0.48,27.2,异常,1
HZ009847,杭州,钱塘区,大学城北社区,2026-08-04 16:00,0.142,10.3,0.36,30.8,正常,0
HZ009848,杭州,临平区,乔司家园,2026-08-01 23:00,0.103,7.6,0.35,27.7,正常,0
HZ009849,杭州,西湖区,三墩新天地,2026-08-02 15:00,0.081,7.1,0.28,33.1,正常,0
HZ009850,杭州,滨江区,江南花园,2026-08-01 17:00,0.086,6.5,0.34,32.8,正常,0
HZ009851,杭州,余杭区,良渚文化村,2026-08-04 17:00,0.110,10.1,0.29,33.8,正常,0
HZ009852,杭州,拱墅区,湖墅家园,2026-08-06 12:00,0.093,6.7,0.32,30.7,正常,0
HZ009853,杭州,上城区,望江新园,2026-08-01 15:00,0.029,2.5,0.35,33.3,正常,0
HZ009854,杭州,萧山区,宁围佳境,2026-08-01 22:00,0.045,3.4,0.33,30.7,正常,0
HZ009855,杭州,钱塘区,大学城北社区,2026-08-01 18:00,0.059,4.9,0.32,28.0,正常,0
HZ009856,杭州,临平区,乔司家园,2026-08-05 01:00,0.024,1.7,0.29,28.9,正常,0
HZ009857,杭州,西湖区,翠苑小区,2026-08-07 16:00,0.117,9.1,0.31,31.6,正常,0
HZ009858,杭州,滨江区,白马湖社区,2026-08-01 11:00,0.043,3.1,0.33,30.6,正常,0
HZ009859,杭州,余杭区,闲林山水,2026-08-05 14:00,0.026,1.9,0.32,33.7,正常,0
HZ009860,杭州,拱墅区,湖墅家园,2026-08-04 11:00,0.043,3.9,0.38,31.5,正常,0
HZ009861,杭州,上城区,采荷小区,2026-08-01 05:00,0.010,0.8,0.36,30.0,正常,0
HZ009862,杭州,萧山区,钱江世纪城社区,2026-08-01 17:00,0.008,0.8,0.33,33.6,正常,0
HZ009863,杭州,钱塘区,江东家园,2026-08-04 02:00,0.006,0.5,0.32,29.9,正常,0
HZ009864,杭州,临平区,星桥社区,2026-08-02 18:00,0.118,9.7,0.33,29.1,正常,0
HZ009865,杭州,西湖区,三墩新天地,2026-08-04 20:00,0.020,1.2,0.32,30.4,正常,0
HZ009866,杭州,滨江区,滨康小区,2026-08-06 17:00,0.077,6.7,0.29,30.1,正常,0
HZ009867,杭州,余杭区,仓前家园,2026-08-04 16:00,0.029,2.1,0.31,33.4,正常,0
HZ009868,杭州,拱墅区,大关小区,2026-08-01 10:00,0.089,6.7,0.34,30.0,正常,0
HZ009869,杭州,上城区,望江新园,2026-08-05 15:00,0.055,3.9,0.31,33.1,正常,0
HZ009870,杭州,萧山区,北干社区,2026-08-05 15:00,0.060,5.3,0.38,33.5,正常,0
HZ009871,杭州,钱塘区,江东家园,2026-08-02 13:00,0.142,9.1,0.28,32.1,正常,0
HZ009872,杭州,临平区,塘栖人家,2026-08-03 22:00,0.097,8.1,0.32,30.4,正常,0
HZ009873,杭州,西湖区,翠苑小区,2026-08-01 01:00,0.002,0.2,0.38,28.5,正常,0
HZ009874,杭州,滨江区,滨康小区,2026-08-04 23:00,0.150,9.5,0.39,28.7,正常,0
HZ009875,杭州,余杭区,良渚文化村,2026-08-01 21:00,0.027,2.6,0.34,29.5,正常,0
HZ009876,杭州,拱墅区,湖墅家园,2026-08-07 22:00,0.015,1.3,0.31,29.7,正常,0
HZ009877,杭州,上城区,望江新园,2026-08-06 02:00,0.016,1.3,0.28,30.7,正常,0
HZ009878,杭州,萧山区,北干社区,2026-08-05 00:00,0.020,1.4,0.33,29.2,正常,0
HZ009879,杭州,钱塘区,下沙社区,2026-08-06 08:00,0.119,8.1,0.36,28.4,正常,0
HZ009880,杭州,临平区,星桥社区,2026-08-04 16:00,0.092,7.8,0.35,30.3,正常,0
HZ009881,杭州,西湖区,翠苑小区,2026-08-01 22:00,0.107,8.1,0.39,30.5,正常,0
HZ009882,杭州,滨江区,钱塘春晓,2026-08-04 17:00,0.080,7.8,0.30,31.1,正常,0
HZ009883,杭州,余杭区,闲林山水,2026-08-05 18:00,0.154,10.2,0.36,27.1,正常,0
HZ009884,杭州,拱墅区,运河新城社区,2026-08-06 23:00,0.044,3.5,0.37,27.2,正常,0
HZ009885,杭州,上城区,采荷小区,2026-08-07 02:00,0.025,1.7,0.31,29.2,正常,0
HZ009886,杭州,萧山区,宁围佳境,2026-08-07 08:00,0.033,2.1,0.33,27.8,正常,0
HZ009887,杭州,钱塘区,河庄新苑,2026-08-02 13:00,0.329,17.0,0.38,33.4,异常,1
HZ009888,杭州,临平区,乔司家园,2026-08-03 21:00,0.137,9.2,0.31,29.9,正常,0
HZ009889,杭州,西湖区,三墩新天地,2026-08-06 16:00,0.053,4.8,0.38,32.4,正常,0
HZ009890,杭州,滨江区,江南花园,2026-08-06 22:00,0.091,5.9,0.29,30.3,正常,0
HZ009891,杭州,余杭区,未来科技城社区,2026-08-01 11:00,0.108,7.1,0.32,33.7,正常,0
HZ009892,杭州,拱墅区,半山家园,2026-08-02 23:00,0.077,7.5,0.37,30.4,正常,0
HZ009893,杭州,上城区,近江家园,2026-08-05 12:00,0.021,1.6,0.36,33.1,正常,0
HZ009894,杭州,萧山区,宁围佳境,2026-08-03 12:00,0.029,2.4,0.35,33.1,正常,0
HZ009895,杭州,钱塘区,大学城北社区,2026-08-03 02:00,0.033,2.2,0.31,29.0,正常,0
HZ009896,杭州,临平区,塘栖人家,2026-08-03 20:00,0.067,6.0,0.32,30.0,正常,0
HZ009897,杭州,西湖区,三墩新天地,2026-08-02 03:00,0.016,1.5,0.32,31.0,正常,0
HZ009898,杭州,滨江区,江南花园,2026-08-07 22:00,0.062,4.3,0.37,30.2,正常,0
HZ009899,杭州,余杭区,未来科技城社区,2026-08-02 10:00,0.086,7.3,0.38,30.8,正常,0
HZ009900,杭州,拱墅区,运河新城社区,2026-08-01 13:00,0.123,8.5,0.32,32.7,正常,0
HZ009901,杭州,上城区,望江新园,2026-08-01 23:00,0.114,10.1,0.34,27.1,正常,0
HZ009902,杭州,萧山区,宁围佳境,2026-08-07 20:00,0.105,7.4,0.31,30.2,正常,0
HZ009903,杭州,钱塘区,大学城北社区,2026-08-05 16:00,0.018,1.4,0.35,31.9,正常,0
HZ009904,杭州,临平区,塘栖人家,2026-08-05 19:00,0.024,1.7,0.30,29.4,正常,0
HZ009905,杭州,西湖区,翠苑小区,2026-08-02 08:00,0.090,5.9,0.32,27.2,正常,0
HZ009906,杭州,滨江区,滨康小区,2026-08-04 01:00,0.019,1.8,0.30,29.6,正常,0
HZ009907,杭州,余杭区,良渚文化村,2026-08-04 07:00,0.086,5.8,0.33,29.7,正常,0
HZ009908,杭州,拱墅区,半山家园,2026-08-04 00:00,0.027,1.8,0.39,30.4,正常,0
HZ009909,杭州,上城区,丁兰社区,2026-08-07 01:00,0.023,2.2,0.37,30.3,正常,0
HZ009910,杭州,萧山区,湘湖家园,2026-08-01 22:00,0.123,10.5,0.37,27.3,正常,0
HZ009911,杭州,钱塘区,江东家园,2026-08-01 16:00,0.075,5.7,0.38,33.6,正常,0
HZ009912,杭州,临平区,星桥社区,2026-08-05 06:00,0.076,5.6,0.35,27.7,正常,0
HZ009913,杭州,西湖区,翠苑小区,2026-08-06 00:00,0.013,1.2,0.33,30.3,正常,0
HZ009914,杭州,滨江区,白马湖社区,2026-08-06 09:00,0.158,10.1,0.37,28.7,正常,0
HZ009915,杭州,余杭区,仓前家园,2026-08-05 10:00,0.042,3.2,0.29,29.9,正常,0
HZ009916,杭州,拱墅区,大关小区,2026-08-04 07:00,0.063,5.3,0.30,29.1,正常,0
HZ009917,杭州,上城区,丁兰社区,2026-08-04 13:00,0.073,5.5,0.31,32.2,正常,0
HZ009918,杭州,萧山区,北干社区,2026-08-07 07:00,0.091,6.2,0.34,30.7,正常,0
HZ009919,杭州,钱塘区,江东家园,2026-08-06 05:00,0.005,0.5,0.30,29.3,正常,0
HZ009920,杭州,临平区,乔司家园,2026-08-05 10:00,0.070,6.8,0.33,27.7,正常,0
HZ009921,杭州,西湖区,三墩新天地,2026-08-04 04:00,0.013,0.8,0.29,30.2,正常,0
HZ009922,杭州,滨江区,滨康小区,2026-08-03 10:00,0.108,10.4,0.31,28.4,正常,0
HZ009923,杭州,余杭区,良渚文化村,2026-08-05 15:00,0.030,2.4,0.39,30.8,正常,0
HZ009924,杭州,拱墅区,运河新城社区,2026-08-01 07:00,0.055,4.8,0.16,29.8,异常,1
HZ009925,杭州,上城区,近江家园,2026-08-02 01:00,0.003,0.2,0.33,27.9,正常,0
HZ009926,杭州,萧山区,钱江世纪城社区,2026-08-06 05:00,0.022,1.7,0.39,28.3,正常,0
HZ009927,杭州,钱塘区,大学城北社区,2026-08-02 04:00,0.332,21.6,0.33,29.1,异常,1
HZ009928,杭州,临平区,星桥社区,2026-08-02 10:00,0.037,2.6,0.29,29.5,正常,0
HZ009929,杭州,西湖区,转塘家园,2026-08-05 00:00,0.021,1.6,0.38,28.7,正常,0
HZ009930,杭州,滨江区,江南花园,2026-08-07 16:00,0.012,1.0,0.36,32.5,正常,0
HZ009931,杭州,余杭区,闲林山水,2026-08-03 02:00,0.016,1.0,0.31,27.9,正常,0
HZ009932,杭州,拱墅区,大关小区,2026-08-03 19:00,0.062,4.3,0.38,27.2,正常,0
HZ009933,杭州,上城区,近江家园,2026-08-03 20:00,0.106,9.8,0.30,29.2,正常,0
HZ009934,杭州,萧山区,湘湖家园,2026-08-06 13:00,0.129,8.8,0.33,32.2,正常,0
HZ009935,杭州,钱塘区,江东家园,2026-08-07 03:00,0.009,0.7,0.38,27.4,正常,0
HZ009936,杭州,临平区,南苑小区,2026-08-01 02:00,0.013,1.1,0.30,27.4,正常,0
HZ009937,杭州,西湖区,翠苑小区,2026-08-04 21:00,0.148,10.3,0.32,29.0,正常,0
HZ009938,杭州,滨江区,钱塘春晓,2026-08-03 15:00,0.118,9.6,0.35,30.4,正常,0
HZ009939,杭州,余杭区,闲林山水,2026-08-01 22:00,0.152,10.4,0.29,28.5,正常,0
HZ009940,杭州,拱墅区,大关小区,2026-08-07 06:00,0.061,5.2,0.31,30.4,正常,0
HZ009941,杭州,上城区,望江新园,2026-08-06 15:00,0.137,9.0,0.31,33.7,正常,0
HZ009942,杭州,萧山区,宁围佳境,2026-08-01 15:00,0.127,8.0,0.31,30.6,正常,0
HZ009943,杭州,钱塘区,大学城北社区,2026-08-03 14:00,0.074,5.6,0.33,30.9,正常,0
HZ009944,杭州,临平区,南苑小区,2026-08-05 13:00,0.090,7.2,0.31,32.9,正常,0
HZ009945,杭州,西湖区,文新社区,2026-08-05 11:00,0.022,1.5,0.39,33.9,正常,0
HZ009946,杭州,滨江区,江南花园,2026-08-04 05:00,0.024,2.1,0.34,28.8,正常,0
HZ009947,杭州,余杭区,未来科技城社区,2026-08-03 07:00,0.086,5.8,0.28,30.1,正常,0
HZ009948,杭州,拱墅区,湖墅家园,2026-08-06 18:00,0.047,3.0,0.29,27.3,正常,0
HZ009949,杭州,上城区,采荷小区,2026-08-07 14:00,0.093,8.4,0.36,32.9,正常,0
HZ009950,杭州,萧山区,宁围佳境,2026-08-07 07:00,0.055,4.4,0.36,27.4,正常,0
HZ009951,杭州,钱塘区,河庄新苑,2026-08-02 07:00,0.042,3.4,0.33,28.1,正常,0
HZ009952,杭州,临平区,乔司家园,2026-08-05 16:00,0.014,1.0,0.39,30.8,正常,0
HZ009953,杭州,西湖区,三墩新天地,2026-08-07 08:00,0.062,5.3,0.36,29.2,正常,0
HZ009954,杭州,滨江区,白马湖社区,2026-08-07 21:00,0.072,5.0,0.29,30.1,正常,0
HZ009955,杭州,余杭区,闲林山水,2026-08-06 05:00,0.030,2.3,0.34,28.1,正常,0
HZ009956,杭州,拱墅区,半山家园,2026-08-04 03:00,0.017,1.7,0.38,27.6,正常,0
HZ009957,杭州,上城区,望江新园,2026-08-07 03:00,0.019,1.6,0.37,29.4,正常,0
HZ009958,杭州,萧山区,湘湖家园,2026-08-03 00:00,0.021,1.4,0.35,28.1,正常,0
HZ009959,杭州,钱塘区,下沙社区,2026-08-04 20:00,0.038,2.5,0.38,30.6,正常,0
HZ009960,杭州,临平区,星桥社区,2026-08-03 06:00,0.042,3.1,0.29,30.1,正常,0
HZ009961,杭州,西湖区,翠苑小区,2026-08-03 05:00,0.011,1.1,0.33,28.9,正常,0
HZ009962,杭州,滨江区,钱塘春晓,2026-08-06 18:00,0.105,9.5,0.39,30.7,正常,0
HZ009963,杭州,余杭区,闲林山水,2026-08-02 02:00,0.019,1.9,0.29,27.7,正常,0
HZ009964,杭州,拱墅区,湖墅家园,2026-08-06 14:00,0.073,6.7,0.35,32.8,正常,0
HZ009965,杭州,上城区,近江家园,2026-08-07 01:00,0.020,1.5,0.38,29.7,正常,0
HZ009966,杭州,萧山区,湘湖家园,2026-08-01 00:00,0.024,2.0,0.31,28.2,正常,0
HZ009967,杭州,钱塘区,大学城北社区,2026-08-04 02:00,0.006,0.4,0.34,28.8,正常,0
HZ009968,杭州,临平区,乔司家园,2026-08-06 03:00,0.031,2.1,0.35,29.0,正常,0
HZ009969,杭州,西湖区,三墩新天地,2026-08-03 14:00,0.010,0.9,0.33,31.6,正常,0
HZ009970,杭州,滨江区,钱塘春晓,2026-08-02 04:00,0.001,0.1,0.36,29.7,正常,0
HZ009971,杭州,余杭区,良渚文化村,2026-08-07 15:00,0.451,23.6,0.31,33.3,异常,1
HZ009972,杭州,拱墅区,大关小区,2026-08-05 23:00,0.125,8.7,0.39,27.3,正常,0
HZ009973,杭州,上城区,采荷小区,2026-08-06 16:00,0.094,8.3,0.29,32.8,正常,0
HZ009974,杭州,萧山区,宁围佳境,2026-08-01 17:00,0.094,6.1,0.36,31.2,正常,0
HZ009975,杭州,钱塘区,江东家园,2026-08-03 06:00,0.015,1.0,0.35,27.3,正常,0
HZ009976,杭州,临平区,塘栖人家,2026-08-05 10:00,0.031,2.5,0.53,30.3,异常,1
HZ009977,杭州,西湖区,文新社区,2026-08-07 15:00,0.043,3.0,0.32,32.6,正常,0
HZ009978,杭州,滨江区,白马湖社区,2026-08-07 19:00,0.137,9.4,0.34,29.7,正常,0
HZ009979,杭州,余杭区,良渚文化村,2026-08-04 10:00,0.058,3.8,0.33,29.9,正常,0
HZ009980,杭州,拱墅区,湖墅家园,2026-08-06 13:00,0.083,7.1,0.33,32.5,正常,0
HZ009981,杭州,上城区,近江家园,2026-08-03 19:00,0.019,1.8,0.33,27.1,正常,0
HZ009982,杭州,萧山区,湘湖家园,2026-08-01 03:00,0.018,1.3,0.33,30.7,正常,0
HZ009983,杭州,钱塘区,大学城北社区,2026-08-06 21:00,0.144,9.7,0.38,31.0,正常,0
HZ009984,杭州,临平区,南苑小区,2026-08-04 10:00,0.049,4.1,0.31,27.4,正常,0
HZ009985,杭州,西湖区,转塘家园,2026-08-04 00:00,0.019,1.3,0.37,30.3,正常,0
HZ009986,杭州,滨江区,钱塘春晓,2026-08-01 03:00,0.022,1.9,0.36,31.0,正常,0
HZ009987,杭州,余杭区,仓前家园,2026-08-06 20:00,0.056,4.9,0.29,28.9,正常,0
HZ009988,杭州,拱墅区,湖墅家园,2026-08-01 22:00,0.124,9.6,0.31,29.5,正常,0
HZ009989,杭州,上城区,丁兰社区,2026-08-07 01:00,0.017,1.5,0.29,27.3,正常,0
HZ009990,杭州,萧山区,钱江世纪城社区,2026-08-07 15:00,0.044,4.2,0.38,32.8,正常,0
HZ009991,杭州,钱塘区,下沙社区,2026-08-04 14:00,0.102,7.0,0.37,32.9,正常,0
HZ009992,杭州,临平区,乔司家园,2026-08-03 08:00,0.019,1.7,0.28,27.4,正常,0
HZ009993,杭州,西湖区,转塘家园,2026-08-04 23:00,0.026,2.1,0.36,29.2,正常,0
HZ009994,杭州,滨江区,江南花园,2026-08-04 19:00,0.080,5.4,0.32,31.0,正常,0
HZ009995,杭州,余杭区,仓前家园,2026-08-06 05:00,0.002,0.2,0.33,27.6,正常,0
HZ009996,杭州,拱墅区,半山家园,2026-08-07 15:00,0.104,7.4,0.30,30.3,正常,0
HZ009997,杭州,上城区,望江新园,2026-08-04 18:00,0.038,2.9,0.28,30.4,正常,0
HZ009998,杭州,萧山区,北干社区,2026-08-05 09:00,0.009,0.8,0.34,29.1,正常,0
HZ009999,杭州,钱塘区,河庄新苑,2026-08-01 21:00,0.085,6.7,0.30,29.1,正常,0
HZ010000,杭州,临平区,南苑小区,2026-08-07 05:00,0.013,1.2,0.33,28.1,正常,0
